config,dataset_info,groupdro_config,start_time,epoch,train_loss,train_acc,learning_rate,test_overall_acc,test_balanced_acc,test_worst_group_acc,test_best_group_acc,test_worst_group_bal_acc,test_per_group_bal_acc,test_per_group_acc,test_per_group_loss,test_per_class_acc,test_per_group_per_class_acc,test_per_group_counts,test_overall_auroc,test_per_group_sensitivity,test_per_group_specificity,test_per_group_f1,test_per_group_pos_f1,test_per_group_auroc,test_mean_group_f1,test_worst_group_f1,groupdro_weights,train_per_group_loss,groupdro_weights_mean,groupdro_pi
"{""run_name"": ""nhanes_pergroup_gdro"", ""seed"": 11, ""run_dir"": ""runs/eta/nhanes_cur_GroupDRO_s11"", ""use_nhanes"": true, ""num_classes"": 2, ""stratified_batching"": true, ""train_frac"": 0.8, ""use_post_pandemic"": true, ""data_split_seed"": 100, ""batch_size"": 128, ""num_workers"": 0, ""epochs"": 100, ""early_stopping_patience"": 25, ""lr"": 0.001, ""weight_decay"": 0.0001, ""optimizer"": ""adam"", ""grad_clip"": 1.0, ""lr_scheduler"": ""cosine"", ""lr_min"": 1e-05, ""latent_dim"": 64, ""head_hidden"": 32, ""common_encoder"": false, ""groups"": [{""name"": ""survey_only"", ""encoder"": ""mlp_tabular_ln"", ""input_dim"": 10, ""hidden_dim"": 64, ""dropout"": 0.1}, {""name"": ""exam"", ""encoder"": ""mlp_tabular_ln"", ""input_dim"": 13, ""hidden_dim"": 64, ""dropout"": 0.1}, {""name"": ""vitals_labs"", ""encoder"": ""mlp_tabular_ln"", ""input_dim"": 20, ""hidden_dim"": 64, ""dropout"": 0.1}], ""anchor_eps"": 0.0001, ""sep_samples_per_class"": 4, ""sep_method"": ""classifier"", ""sep_margin"": 1.0, ""lambda_fit"": 0.001, ""lambda_sep"": 0.001, ""groupdro_enabled"": true, ""groupdro_eta"": 1.0, ""groupdro_gamma"": 0.9, ""groupdro_update_mode"": ""softmax"", ""groupdro_objective"": ""weighted"", ""groupdro_kl_lambda"": 0.0, ""groupdro_uniform_init"": false, ""log_interval"": 20, ""save_every"": 10, ""use_regret"": false}","{""num_groups"": 3, ""num_classes"": 2, ""train_total"": 13604, ""test_total"": 3401, ""train_group_counts"": [2133, 2118, 9353], ""test_group_counts"": [533, 530, 2338], ""train_class_counts"": [12174, 1430], ""test_class_counts"": [3043, 358], ""train_group_class_counts"": [[1876, 257], [1908, 210], [8390, 963]], ""test_group_class_counts"": [[469, 64], [477, 53], [2097, 241]], ""group_proportions"": [0.15679211996471626, 0.15568950308732726, 0.6875183769479565], ""group_names"": [""survey_only"", ""exam"", ""vitals_labs""], ""group_feature_counts"": {""0"": 10, ""1"": 13, ""2"": 20}, ""max_features"": 20, ""feature_mode"": ""nested"", ""val_total"": 0}","{""num_groups"": 3, ""eta"": 1.0, ""update_mode"": ""softmax"", ""robust_objective"": ""weighted"", ""gamma"": 0.9, ""kl_lambda"": 0.0, ""initial_pi"": [0.15679211914539337, 0.15568950772285461, 0.6875183582305908]}",2026-09-15T18:57:21.679158,1,0.635506852708458,0.6901188707635094,0.001,0.6874448691561306,0.703576910343405,0.6732249786142002,0.730188679245283,0.7075471698113207,"[0.7392390724946696, 0.7075471698113207, 0.7333673673317147]","[0.7073170731707317, 0.730188679245283, 0.6732249786142002]","[0.5228931847435561, 0.47143639171109447, 0.5497628646361792]","[0.6759776536312849, 0.7849162011173184]","[[0.697228144989339, 0.78125], [0.7358490566037735, 0.6792452830188679], [0.6576061039580353, 0.8091286307053942]]","[533, 530, 2338]",0.8000925285066744,"[0.78125, 0.6792452830188679, 0.8091286307053942]","[0.697228144989339, 0.7358490566037735, 0.6576061039580353]","[0.5990162037037037, 0.5828264758497317, 0.560516368023919]","[0.390625, 0.33488372093023255, 0.3379549393414212]","[0.7899120469083155, 0.7629840591748744, 0.8138201778078544]",0.5807863491924515,0.560516368023919,"[0.0, 0.0, 1.0]","[0.6278695319380079, 0.6197290281454723, 0.6006514042053582]","[0.33423875834581984, 0.33144027613243965, 0.33432096889558827]","[0.15679211914539337, 0.15568950772285461, 0.6875183582305908]"
"{""run_name"": ""nhanes_pergroup_gdro"", ""seed"": 11, ""run_dir"": ""runs/eta/nhanes_cur_GroupDRO_s11"", ""use_nhanes"": true, ""num_classes"": 2, ""stratified_batching"": true, ""train_frac"": 0.8, ""use_post_pandemic"": true, ""data_split_seed"": 100, ""batch_size"": 128, ""num_workers"": 0, ""epochs"": 100, ""early_stopping_patience"": 25, ""lr"": 0.001, ""weight_decay"": 0.0001, ""optimizer"": ""adam"", ""grad_clip"": 1.0, ""lr_scheduler"": ""cosine"", ""lr_min"": 1e-05, ""latent_dim"": 64, ""head_hidden"": 32, ""common_encoder"": false, ""groups"": [{""name"": ""survey_only"", ""encoder"": ""mlp_tabular_ln"", ""input_dim"": 10, ""hidden_dim"": 64, ""dropout"": 0.1}, {""name"": ""exam"", ""encoder"": ""mlp_tabular_ln"", ""input_dim"": 13, ""hidden_dim"": 64, ""dropout"": 0.1}, {""name"": ""vitals_labs"", ""encoder"": ""mlp_tabular_ln"", ""input_dim"": 20, ""hidden_dim"": 64, ""dropout"": 0.1}], ""anchor_eps"": 0.0001, ""sep_samples_per_class"": 4, ""sep_method"": ""classifier"", ""sep_margin"": 1.0, ""lambda_fit"": 0.001, ""lambda_sep"": 0.001, ""groupdro_enabled"": true, ""groupdro_eta"": 1.0, ""groupdro_gamma"": 0.9, ""groupdro_update_mode"": ""softmax"", ""groupdro_objective"": ""weighted"", ""groupdro_kl_lambda"": 0.0, ""groupdro_uniform_init"": false, ""log_interval"": 20, ""save_every"": 10, ""use_regret"": false}","{""num_groups"": 3, ""num_classes"": 2, ""train_total"": 13604, ""test_total"": 3401, ""train_group_counts"": [2133, 2118, 9353], ""test_group_counts"": [533, 530, 2338], ""train_class_counts"": [12174, 1430], ""test_class_counts"": [3043, 358], ""train_group_class_counts"": [[1876, 257], [1908, 210], [8390, 963]], ""test_group_class_counts"": [[469, 64], [477, 53], [2097, 241]], ""group_proportions"": [0.15679211996471626, 0.15568950308732726, 0.6875183769479565], ""group_names"": [""survey_only"", ""exam"", ""vitals_labs""], ""group_feature_counts"": {""0"": 10, ""1"": 13, ""2"": 20}, ""max_features"": 20, ""feature_mode"": ""nested"", ""val_total"": 0}","{""num_groups"": 3, ""eta"": 1.0, ""update_mode"": ""softmax"", ""robust_objective"": ""weighted"", ""gamma"": 0.9, ""kl_lambda"": 0.0, ""initial_pi"": [0.15679211914539337, 0.15568950772285461, 0.6875183582305908]}",2026-09-15T18:57:21.679158,2,0.5641535877030105,0.7110698365881751,0.001,0.6906792119964716,0.7037817044791591,0.6566604127579737,0.7754716981132076,0.7239472281449894,"[0.7239472281449894, 0.7327044025157232, 0.7403779752541172]","[0.6566604127579737, 0.7754716981132076, 0.679213002566296]","[0.5327867601402314, 0.4181394505472678, 0.514623973860387]","[0.6782780151166612, 0.7960893854748603]","[[0.6353944562899787, 0.8125], [0.7861635220125787, 0.6792452830188679], [0.6633285646161182, 0.8174273858921162]]","[533, 530, 2338]",0.8044683558014822,"[0.8125, 0.6792452830188679, 0.8174273858921162]","[0.6353944562899787, 0.7861635220125787, 0.6633285646161182]","[0.5637263891435906, 0.6200121702143042, 0.5660306567724461]","[0.36236933797909404, 0.37696335078534027, 0.34440559440559443]","[0.7919442963752664, 0.7828013132391916, 0.8168199185954248]",0.5832564053767803,0.5637263891435906,"[0.0, 0.0, 1.0]","[0.5666583370594751, 0.562939716236932, 0.5278079560342824]","[0.3352969980464791, 0.3351308903041876, 0.3295721063074076]","[0.15679211914539337, 0.15568950772285461, 0.6875183582305908]"
"{""run_name"": ""nhanes_pergroup_gdro"", ""seed"": 11, ""run_dir"": ""runs/eta/nhanes_cur_GroupDRO_s11"", ""use_nhanes"": true, ""num_classes"": 2, ""stratified_batching"": true, ""train_frac"": 0.8, ""use_post_pandemic"": true, ""data_split_seed"": 100, ""batch_size"": 128, ""num_workers"": 0, ""epochs"": 100, ""early_stopping_patience"": 25, ""lr"": 0.001, ""weight_decay"": 0.0001, ""optimizer"": ""adam"", ""grad_clip"": 1.0, ""lr_scheduler"": ""cosine"", ""lr_min"": 1e-05, ""latent_dim"": 64, ""head_hidden"": 32, ""common_encoder"": false, ""groups"": [{""name"": ""survey_only"", ""encoder"": ""mlp_tabular_ln"", ""input_dim"": 10, ""hidden_dim"": 64, ""dropout"": 0.1}, {""name"": ""exam"", ""encoder"": ""mlp_tabular_ln"", ""input_dim"": 13, ""hidden_dim"": 64, ""dropout"": 0.1}, {""name"": ""vitals_labs"", ""encoder"": ""mlp_tabular_ln"", ""input_dim"": 20, ""hidden_dim"": 64, ""dropout"": 0.1}], ""anchor_eps"": 0.0001, ""sep_samples_per_class"": 4, ""sep_method"": ""classifier"", ""sep_margin"": 1.0, ""lambda_fit"": 0.001, ""lambda_sep"": 0.001, ""groupdro_enabled"": true, ""groupdro_eta"": 1.0, ""groupdro_gamma"": 0.9, ""groupdro_update_mode"": ""softmax"", ""groupdro_objective"": ""weighted"", ""groupdro_kl_lambda"": 0.0, ""groupdro_uniform_init"": false, ""log_interval"": 20, ""save_every"": 10, ""use_regret"": false}","{""num_groups"": 3, ""num_classes"": 2, ""train_total"": 13604, ""test_total"": 3401, ""train_group_counts"": [2133, 2118, 9353], ""test_group_counts"": [533, 530, 2338], ""train_class_counts"": [12174, 1430], ""test_class_counts"": [3043, 358], ""train_group_class_counts"": [[1876, 257], [1908, 210], [8390, 963]], ""test_group_class_counts"": [[469, 64], [477, 53], [2097, 241]], ""group_proportions"": [0.15679211996471626, 0.15568950308732726, 0.6875183769479565], ""group_names"": [""survey_only"", ""exam"", ""vitals_labs""], ""group_feature_counts"": {""0"": 10, ""1"": 13, ""2"": 20}, ""max_features"": 20, ""feature_mode"": ""nested"", ""val_total"": 0}","{""num_groups"": 3, ""eta"": 1.0, ""update_mode"": ""softmax"", ""robust_objective"": ""weighted"", ""gamma"": 0.9, ""kl_lambda"": 0.0, ""initial_pi"": [0.15679211914539337, 0.15568950772285461, 0.6875183582305908]}",2026-09-15T18:57:21.679158,3,0.5512186672123368,0.7005943536758423,0.001,0.7150837988826816,0.7218493463203307,0.7035647279549718,0.7528301886792453,0.7033542976939203,"[0.7236140724946696, 0.7033542976939203, 0.746050967891297]","[0.7035647279549718, 0.7528301886792453, 0.7091531223267751]","[0.49157468507705887, 0.4291935427571243, 0.4903982426665271]","[0.7094972067039106, 0.7625698324022346]","[[0.697228144989339, 0.75], [0.7651991614255765, 0.6415094339622641], [0.6995708154506438, 0.7925311203319502]]","[533, 530, 2338]",0.8068449064342195,"[0.75, 0.6415094339622641, 0.7925311203319502]","[0.697228144989339, 0.7651991614255765, 0.6995708154506438]","[0.5916857375586673, 0.5947799391848908, 0.5857707575790736]","[0.37795275590551186, 0.3417085427135678, 0.3596986817325801]","[0.7930603678038379, 0.7715280249990111, 0.8215500507541895]",0.5907454781075439,0.5857707575790736,"[0.0, 0.0, 1.0]","[0.5640460508210319, 0.5440710201149895, 0.5114659917242123]","[0.33843674749698277, 0.33215095383941, 0.32941229810129924]","[0.15679211914539337, 0.15568950772285461, 0.6875183582305908]"
"{""run_name"": ""nhanes_pergroup_gdro"", ""seed"": 11, ""run_dir"": ""runs/eta/nhanes_cur_GroupDRO_s11"", ""use_nhanes"": true, ""num_classes"": 2, ""stratified_batching"": true, ""train_frac"": 0.8, ""use_post_pandemic"": true, ""data_split_seed"": 100, ""batch_size"": 128, ""num_workers"": 0, ""epochs"": 100, ""early_stopping_patience"": 25, ""lr"": 0.001, ""weight_decay"": 0.0001, ""optimizer"": ""adam"", ""grad_clip"": 1.0, ""lr_scheduler"": ""cosine"", ""lr_min"": 1e-05, ""latent_dim"": 64, ""head_hidden"": 32, ""common_encoder"": false, ""groups"": [{""name"": ""survey_only"", ""encoder"": ""mlp_tabular_ln"", ""input_dim"": 10, ""hidden_dim"": 64, ""dropout"": 0.1}, {""name"": ""exam"", ""encoder"": ""mlp_tabular_ln"", ""input_dim"": 13, ""hidden_dim"": 64, ""dropout"": 0.1}, {""name"": ""vitals_labs"", ""encoder"": ""mlp_tabular_ln"", ""input_dim"": 20, ""hidden_dim"": 64, ""dropout"": 0.1}], ""anchor_eps"": 0.0001, ""sep_samples_per_class"": 4, ""sep_method"": ""classifier"", ""sep_margin"": 1.0, ""lambda_fit"": 0.001, ""lambda_sep"": 0.001, ""groupdro_enabled"": true, ""groupdro_eta"": 1.0, ""groupdro_gamma"": 0.9, ""groupdro_update_mode"": ""softmax"", ""groupdro_objective"": ""weighted"", ""groupdro_kl_lambda"": 0.0, ""groupdro_uniform_init"": false, ""log_interval"": 20, ""save_every"": 10, ""use_regret"": false}","{""num_groups"": 3, ""num_classes"": 2, ""train_total"": 13604, ""test_total"": 3401, ""train_group_counts"": [2133, 2118, 9353], ""test_group_counts"": [533, 530, 2338], ""train_class_counts"": [12174, 1430], ""test_class_counts"": [3043, 358], ""train_group_class_counts"": [[1876, 257], [1908, 210], [8390, 963]], ""test_group_class_counts"": [[469, 64], [477, 53], [2097, 241]], ""group_proportions"": [0.15679211996471626, 0.15568950308732726, 0.6875183769479565], ""group_names"": [""survey_only"", ""exam"", ""vitals_labs""], ""group_feature_counts"": {""0"": 10, ""1"": 13, ""2"": 20}, ""max_features"": 20, ""feature_mode"": ""nested"", ""val_total"": 0}","{""num_groups"": 3, ""eta"": 1.0, ""update_mode"": ""softmax"", ""robust_objective"": ""weighted"", ""gamma"": 0.9, ""kl_lambda"": 0.0, ""initial_pi"": [0.15679211914539337, 0.15568950772285461, 0.6875183582305908]}",2026-09-15T18:57:21.679158,4,0.5330192402337317,0.7038632986627044,0.001,0.7177300793884152,0.718314925450677,0.6791744840525328,0.7584905660377359,0.6897274633123689,"[0.7232476012793176, 0.6897274633123689, 0.7432362375019046]","[0.6791744840525328, 0.7584905660377359, 0.7172797262617622]","[0.518950258898872, 0.4089423380897574, 0.46916152807223466]","[0.7137693066053237, 0.7513966480446927]","[[0.6652452025586354, 0.78125], [0.7756813417190775, 0.6037735849056604], [0.7105388650453028, 0.7759336099585062]]","[533, 530, 2338]",0.8071313041929734,"[0.78125, 0.6037735849056604, 0.7759336099585062]","[0.6652452025586354, 0.7756813417190775, 0.7105388650453028]","[0.5769546752071294, 0.5929339477726574, 0.5899045625040633]","[0.36900369003690037, 0.3333333333333333, 0.3613526570048309]","[0.7902785181236673, 0.7821684268818481, 0.8198374678705205]",0.5865977284946168,0.5769546752071294,"[0.0, 0.0, 1.0]","[0.5403526509091967, 0.5325485755999882, 0.5035180491658876]","[0.33560012913537474, 0.33262705156263317, 0.3317728188802611]","[0.15679211914539337, 0.15568950772285461, 0.6875183582305908]"
"{""run_name"": ""nhanes_pergroup_gdro"", ""seed"": 11, ""run_dir"": ""runs/eta/nhanes_cur_GroupDRO_s11"", ""use_nhanes"": true, ""num_classes"": 2, ""stratified_batching"": true, ""train_frac"": 0.8, ""use_post_pandemic"": true, ""data_split_seed"": 100, ""batch_size"": 128, ""num_workers"": 0, ""epochs"": 100, ""early_stopping_patience"": 25, ""lr"": 0.001, ""weight_decay"": 0.0001, ""optimizer"": ""adam"", ""grad_clip"": 1.0, ""lr_scheduler"": ""cosine"", ""lr_min"": 1e-05, ""latent_dim"": 64, ""head_hidden"": 32, ""common_encoder"": false, ""groups"": [{""name"": ""survey_only"", ""encoder"": ""mlp_tabular_ln"", ""input_dim"": 10, ""hidden_dim"": 64, ""dropout"": 0.1}, {""name"": ""exam"", ""encoder"": ""mlp_tabular_ln"", ""input_dim"": 13, ""hidden_dim"": 64, ""dropout"": 0.1}, {""name"": ""vitals_labs"", ""encoder"": ""mlp_tabular_ln"", ""input_dim"": 20, ""hidden_dim"": 64, ""dropout"": 0.1}], ""anchor_eps"": 0.0001, ""sep_samples_per_class"": 4, ""sep_method"": ""classifier"", ""sep_margin"": 1.0, ""lambda_fit"": 0.001, ""lambda_sep"": 0.001, ""groupdro_enabled"": true, ""groupdro_eta"": 1.0, ""groupdro_gamma"": 0.9, ""groupdro_update_mode"": ""softmax"", ""groupdro_objective"": ""weighted"", ""groupdro_kl_lambda"": 0.0, ""groupdro_uniform_init"": false, ""log_interval"": 20, ""save_every"": 10, ""use_regret"": false}","{""num_groups"": 3, ""num_classes"": 2, ""train_total"": 13604, ""test_total"": 3401, ""train_group_counts"": [2133, 2118, 9353], ""test_group_counts"": [533, 530, 2338], ""train_class_counts"": [12174, 1430], ""test_class_counts"": [3043, 358], ""train_group_class_counts"": [[1876, 257], [1908, 210], [8390, 963]], ""test_group_class_counts"": [[469, 64], [477, 53], [2097, 241]], ""group_proportions"": [0.15679211996471626, 0.15568950308732726, 0.6875183769479565], ""group_names"": [""survey_only"", ""exam"", ""vitals_labs""], ""group_feature_counts"": {""0"": 10, ""1"": 13, ""2"": 20}, ""max_features"": 20, ""feature_mode"": ""nested"", ""val_total"": 0}","{""num_groups"": 3, ""eta"": 1.0, ""update_mode"": ""softmax"", ""robust_objective"": ""weighted"", ""gamma"": 0.9, ""kl_lambda"": 0.0, ""initial_pi"": [0.15679211914539337, 0.15568950772285461, 0.6875183582305908]}",2026-09-15T18:57:21.679158,5,0.5259214617522298,0.7037147102526004,0.001,0.6665686562775655,0.6697147549618402,0.6585365853658537,0.6867924528301886,0.7169811320754718,"[0.7182669243070363, 0.7169811320754718, 0.746484307754409]","[0.6585365853658537, 0.6867924528301886, 0.6638152266894782]","[0.5443098202232433, 0.48252719703376434, 0.5423077996987515]","[0.6477160696680907, 0.8268156424581006]","[[0.6396588486140725, 0.796875], [0.6792452830188679, 0.7547169811320755], [0.642346208869814, 0.8506224066390041]]","[533, 530, 2338]",0.8072584390954972,"[0.796875, 0.7547169811320755, 0.8506224066390041]","[0.6396588486140725, 0.6792452830188679, 0.642346208869814]","[0.5632091783437195, 0.5606360240506582, 0.5584736477914889]","[0.35915492957746475, 0.3252032520325203, 0.342809364548495]","[0.7825659648187633, 0.7806257663858234, 0.8214956359311959]",0.5607729500619555,0.5584736477914889,"[0.0, 0.0, 1.0]","[0.545013036330541, 0.5081294538009734, 0.5042176783647178]","[0.339146873579835, 0.32698957453358846, 0.3338635489344597]","[0.15679211914539337, 0.15568950772285461, 0.6875183582305908]"
"{""run_name"": ""nhanes_pergroup_gdro"", ""seed"": 11, ""run_dir"": ""runs/eta/nhanes_cur_GroupDRO_s11"", ""use_nhanes"": true, ""num_classes"": 2, ""stratified_batching"": true, ""train_frac"": 0.8, ""use_post_pandemic"": true, ""data_split_seed"": 100, ""batch_size"": 128, ""num_workers"": 0, ""epochs"": 100, ""early_stopping_patience"": 25, ""lr"": 0.001, ""weight_decay"": 0.0001, ""optimizer"": ""adam"", ""grad_clip"": 1.0, ""lr_scheduler"": ""cosine"", ""lr_min"": 1e-05, ""latent_dim"": 64, ""head_hidden"": 32, ""common_encoder"": false, ""groups"": [{""name"": ""survey_only"", ""encoder"": ""mlp_tabular_ln"", ""input_dim"": 10, ""hidden_dim"": 64, ""dropout"": 0.1}, {""name"": ""exam"", ""encoder"": ""mlp_tabular_ln"", ""input_dim"": 13, ""hidden_dim"": 64, ""dropout"": 0.1}, {""name"": ""vitals_labs"", ""encoder"": ""mlp_tabular_ln"", ""input_dim"": 20, ""hidden_dim"": 64, ""dropout"": 0.1}], ""anchor_eps"": 0.0001, ""sep_samples_per_class"": 4, ""sep_method"": ""classifier"", ""sep_margin"": 1.0, ""lambda_fit"": 0.001, ""lambda_sep"": 0.001, ""groupdro_enabled"": true, ""groupdro_eta"": 1.0, ""groupdro_gamma"": 0.9, ""groupdro_update_mode"": ""softmax"", ""groupdro_objective"": ""weighted"", ""groupdro_kl_lambda"": 0.0, ""groupdro_uniform_init"": false, ""log_interval"": 20, ""save_every"": 10, ""use_regret"": false}","{""num_groups"": 3, ""num_classes"": 2, ""train_total"": 13604, ""test_total"": 3401, ""train_group_counts"": [2133, 2118, 9353], ""test_group_counts"": [533, 530, 2338], ""train_class_counts"": [12174, 1430], ""test_class_counts"": [3043, 358], ""train_group_class_counts"": [[1876, 257], [1908, 210], [8390, 963]], ""test_group_class_counts"": [[469, 64], [477, 53], [2097, 241]], ""group_proportions"": [0.15679211996471626, 0.15568950308732726, 0.6875183769479565], ""group_names"": [""survey_only"", ""exam"", ""vitals_labs""], ""group_feature_counts"": {""0"": 10, ""1"": 13, ""2"": 20}, ""max_features"": 20, ""feature_mode"": ""nested"", ""val_total"": 0}","{""num_groups"": 3, ""eta"": 1.0, ""update_mode"": ""softmax"", ""robust_objective"": ""weighted"", ""gamma"": 0.9, ""kl_lambda"": 0.0, ""initial_pi"": [0.15679211914539337, 0.15568950772285461, 0.6875183582305908]}",2026-09-15T18:57:21.679158,6,0.520675327486039,0.6966567607726597,0.001,0.6680388121140841,0.6792387128667169,0.6285178236397748,0.7509433962264151,0.7079557569296375,"[0.7079557569296375, 0.7442348008385744, 0.7525659062442493]","[0.6285178236397748, 0.7509433962264151, 0.6582549187339607]","[0.5592355947071376, 0.41734216525307244, 0.5448814611674834]","[0.6477160696680907, 0.840782122905028]","[[0.603411513859275, 0.8125], [0.7526205450733753, 0.7358490566037735], [0.6337625178826896, 0.8713692946058091]]","[533, 530, 2338]",0.8028867425375942,"[0.8125, 0.7358490566037735, 0.8713692946058091]","[0.603411513859275, 0.7526205450733753, 0.6337625178826896]","[0.5426042786311154, 0.6080672268907563, 0.556709727834027]","[0.3443708609271523, 0.3714285714285714, 0.3445447087776866]","[0.7805503731343284, 0.7785688857244571, 0.8206527008550053]",0.5691270777852996,0.5426042786311154,"[0.0, 0.0, 1.0]","[0.52706283614749, 0.518191738639559, 0.4991555722816935]","[0.3342288376868896, 0.3317988614709872, 0.3339723068869339]","[0.15679211914539337, 0.15568950772285461, 0.6875183582305908]"
"{""run_name"": ""nhanes_pergroup_gdro"", ""seed"": 11, ""run_dir"": ""runs/eta/nhanes_cur_GroupDRO_s11"", ""use_nhanes"": true, ""num_classes"": 2, ""stratified_batching"": true, ""train_frac"": 0.8, ""use_post_pandemic"": true, ""data_split_seed"": 100, ""batch_size"": 128, ""num_workers"": 0, ""epochs"": 100, ""early_stopping_patience"": 25, ""lr"": 0.001, ""weight_decay"": 0.0001, ""optimizer"": ""adam"", ""grad_clip"": 1.0, ""lr_scheduler"": ""cosine"", ""lr_min"": 1e-05, ""latent_dim"": 64, ""head_hidden"": 32, ""common_encoder"": false, ""groups"": [{""name"": ""survey_only"", ""encoder"": ""mlp_tabular_ln"", ""input_dim"": 10, ""hidden_dim"": 64, ""dropout"": 0.1}, {""name"": ""exam"", ""encoder"": ""mlp_tabular_ln"", ""input_dim"": 13, ""hidden_dim"": 64, ""dropout"": 0.1}, {""name"": ""vitals_labs"", ""encoder"": ""mlp_tabular_ln"", ""input_dim"": 20, ""hidden_dim"": 64, ""dropout"": 0.1}], ""anchor_eps"": 0.0001, ""sep_samples_per_class"": 4, ""sep_method"": ""classifier"", ""sep_margin"": 1.0, ""lambda_fit"": 0.001, ""lambda_sep"": 0.001, ""groupdro_enabled"": true, ""groupdro_eta"": 1.0, ""groupdro_gamma"": 0.9, ""groupdro_update_mode"": ""softmax"", ""groupdro_objective"": ""weighted"", ""groupdro_kl_lambda"": 0.0, ""groupdro_uniform_init"": false, ""log_interval"": 20, ""save_every"": 10, ""use_regret"": false}","{""num_groups"": 3, ""num_classes"": 2, ""train_total"": 13604, ""test_total"": 3401, ""train_group_counts"": [2133, 2118, 9353], ""test_group_counts"": [533, 530, 2338], ""train_class_counts"": [12174, 1430], ""test_class_counts"": [3043, 358], ""train_group_class_counts"": [[1876, 257], [1908, 210], [8390, 963]], ""test_group_class_counts"": [[469, 64], [477, 53], [2097, 241]], ""group_proportions"": [0.15679211996471626, 0.15568950308732726, 0.6875183769479565], ""group_names"": [""survey_only"", ""exam"", ""vitals_labs""], ""group_feature_counts"": {""0"": 10, ""1"": 13, ""2"": 20}, ""max_features"": 20, ""feature_mode"": ""nested"", ""val_total"": 0}","{""num_groups"": 3, ""eta"": 1.0, ""update_mode"": ""softmax"", ""robust_objective"": ""weighted"", ""gamma"": 0.9, ""kl_lambda"": 0.0, ""initial_pi"": [0.15679211914539337, 0.15568950772285461, 0.6875183582305908]}",2026-09-15T18:57:21.679158,7,0.5163566778620143,0.7088410104189018,0.001,0.6921493678329903,0.6981754397780148,0.6547842401500938,0.7528301886792453,0.7093883262260128,"[0.7093883262260128, 0.720125786163522, 0.7446698207476794]","[0.6547842401500938, 0.7528301886792453, 0.6869118905047049]","[0.5273405008470573, 0.42953560963264265, 0.5105506957347694]","[0.6805783766020375, 0.7905027932960894]","[[0.6375266524520256, 0.78125], [0.7610062893081762, 0.6792452830188679], [0.6719122556032427, 0.8174273858921162]]","[533, 530, 2338]",0.802762361459674,"[0.78125, 0.6792452830188679, 0.8174273858921162]","[0.6375266524520256, 0.7610062893081762, 0.6719122556032427]","[0.5584092792046396, 0.6009104965770158, 0.5718570034773472]","[0.352112676056338, 0.35467980295566504, 0.349911190053286]","[0.7826659115138593, 0.7789248843004628, 0.818367278289277]",0.5770589264196676,0.5584092792046396,"[0.0, 0.0, 1.0]","[0.5298534665788923, 0.508057463169098, 0.4943682261795368]","[0.3370608576344994, 0.3301758388022207, 0.3327633042661649]","[0.15679211914539337, 0.15568950772285461, 0.6875183582305908]"
"{""run_name"": ""nhanes_pergroup_gdro"", ""seed"": 11, ""run_dir"": ""runs/eta/nhanes_cur_GroupDRO_s11"", ""use_nhanes"": true, ""num_classes"": 2, ""stratified_batching"": true, ""train_frac"": 0.8, ""use_post_pandemic"": true, ""data_split_seed"": 100, ""batch_size"": 128, ""num_workers"": 0, ""epochs"": 100, ""early_stopping_patience"": 25, ""lr"": 0.001, ""weight_decay"": 0.0001, ""optimizer"": ""adam"", ""grad_clip"": 1.0, ""lr_scheduler"": ""cosine"", ""lr_min"": 1e-05, ""latent_dim"": 64, ""head_hidden"": 32, ""common_encoder"": false, ""groups"": [{""name"": ""survey_only"", ""encoder"": ""mlp_tabular_ln"", ""input_dim"": 10, ""hidden_dim"": 64, ""dropout"": 0.1}, {""name"": ""exam"", ""encoder"": ""mlp_tabular_ln"", ""input_dim"": 13, ""hidden_dim"": 64, ""dropout"": 0.1}, {""name"": ""vitals_labs"", ""encoder"": ""mlp_tabular_ln"", ""input_dim"": 20, ""hidden_dim"": 64, ""dropout"": 0.1}], ""anchor_eps"": 0.0001, ""sep_samples_per_class"": 4, ""sep_method"": ""classifier"", ""sep_margin"": 1.0, ""lambda_fit"": 0.001, ""lambda_sep"": 0.001, ""groupdro_enabled"": true, ""groupdro_eta"": 1.0, ""groupdro_gamma"": 0.9, ""groupdro_update_mode"": ""softmax"", ""groupdro_objective"": ""weighted"", ""groupdro_kl_lambda"": 0.0, ""groupdro_uniform_init"": false, ""log_interval"": 20, ""save_every"": 10, ""use_regret"": false}","{""num_groups"": 3, ""num_classes"": 2, ""train_total"": 13604, ""test_total"": 3401, ""train_group_counts"": [2133, 2118, 9353], ""test_group_counts"": [533, 530, 2338], ""train_class_counts"": [12174, 1430], ""test_class_counts"": [3043, 358], ""train_group_class_counts"": [[1876, 257], [1908, 210], [8390, 963]], ""test_group_class_counts"": [[469, 64], [477, 53], [2097, 241]], ""group_proportions"": [0.15679211996471626, 0.15568950308732726, 0.6875183769479565], ""group_names"": [""survey_only"", ""exam"", ""vitals_labs""], ""group_feature_counts"": {""0"": 10, ""1"": 13, ""2"": 20}, ""max_features"": 20, ""feature_mode"": ""nested"", ""val_total"": 0}","{""num_groups"": 3, ""eta"": 1.0, ""update_mode"": ""softmax"", ""robust_objective"": ""weighted"", ""gamma"": 0.9, ""kl_lambda"": 0.0, ""initial_pi"": [0.15679211914539337, 0.15568950772285461, 0.6875183582305908]}",2026-09-15T18:57:21.679158,8,0.5079841264688243,0.7028231798096893,0.001,0.6853866509850044,0.66131982556887,0.6132075471698113,0.7065868263473054,0.7180293501048218,"[0.7214652185501066, 0.7180293501048218, 0.7482928585986304]","[0.6641651031894934, 0.6132075471698113, 0.7065868263473054]","[0.5345236937887617, 0.5896250616196754, 0.47832336090146615]","[0.6710483075911929, 0.8072625698324022]","[[0.6460554371002132, 0.796875], [0.5870020964360587, 0.8490566037735849], [0.6957558416785885, 0.8008298755186722]]","[533, 530, 2338]",0.8074043917994775,"[0.796875, 0.8490566037735849, 0.8008298755186722]","[0.6460554371002132, 0.5870020964360587, 0.6957558416785885]","[0.567481923068205, 0.5185554447767808, 0.5848652823562542]","[0.36298932384341637, 0.3050847457627119, 0.3600746268656716]","[0.7840651652452025, 0.767018709702939, 0.8229005277248471]",0.55696755006708,0.5185554447767808,"[0.0, 0.0, 1.0]","[0.5184494137763977, 0.5072512145553316, 0.49252063795080725]","[0.33441628206450985, 0.33142913287540654, 0.3341545857629686]","[0.15679211914539337, 0.15568950772285461, 0.6875183582305908]"
"{""run_name"": ""nhanes_pergroup_gdro"", ""seed"": 11, ""run_dir"": ""runs/eta/nhanes_cur_GroupDRO_s11"", ""use_nhanes"": true, ""num_classes"": 2, ""stratified_batching"": true, ""train_frac"": 0.8, ""use_post_pandemic"": true, ""data_split_seed"": 100, ""batch_size"": 128, ""num_workers"": 0, ""epochs"": 100, ""early_stopping_patience"": 25, ""lr"": 0.001, ""weight_decay"": 0.0001, ""optimizer"": ""adam"", ""grad_clip"": 1.0, ""lr_scheduler"": ""cosine"", ""lr_min"": 1e-05, ""latent_dim"": 64, ""head_hidden"": 32, ""common_encoder"": false, ""groups"": [{""name"": ""survey_only"", ""encoder"": ""mlp_tabular_ln"", ""input_dim"": 10, ""hidden_dim"": 64, ""dropout"": 0.1}, {""name"": ""exam"", ""encoder"": ""mlp_tabular_ln"", ""input_dim"": 13, ""hidden_dim"": 64, ""dropout"": 0.1}, {""name"": ""vitals_labs"", ""encoder"": ""mlp_tabular_ln"", ""input_dim"": 20, ""hidden_dim"": 64, ""dropout"": 0.1}], ""anchor_eps"": 0.0001, ""sep_samples_per_class"": 4, ""sep_method"": ""classifier"", ""sep_margin"": 1.0, ""lambda_fit"": 0.001, ""lambda_sep"": 0.001, ""groupdro_enabled"": true, ""groupdro_eta"": 1.0, ""groupdro_gamma"": 0.9, ""groupdro_update_mode"": ""softmax"", ""groupdro_objective"": ""weighted"", ""groupdro_kl_lambda"": 0.0, ""groupdro_uniform_init"": false, ""log_interval"": 20, ""save_every"": 10, ""use_regret"": false}","{""num_groups"": 3, ""num_classes"": 2, ""train_total"": 13604, ""test_total"": 3401, ""train_group_counts"": [2133, 2118, 9353], ""test_group_counts"": [533, 530, 2338], ""train_class_counts"": [12174, 1430], ""test_class_counts"": [3043, 358], ""train_group_class_counts"": [[1876, 257], [1908, 210], [8390, 963]], ""test_group_class_counts"": [[469, 64], [477, 53], [2097, 241]], ""group_proportions"": [0.15679211996471626, 0.15568950308732726, 0.6875183769479565], ""group_names"": [""survey_only"", ""exam"", ""vitals_labs""], ""group_feature_counts"": {""0"": 10, ""1"": 13, ""2"": 20}, ""max_features"": 20, ""feature_mode"": ""nested"", ""val_total"": 0}","{""num_groups"": 3, ""eta"": 1.0, ""update_mode"": ""softmax"", ""robust_objective"": ""weighted"", ""gamma"": 0.9, ""kl_lambda"": 0.0, ""initial_pi"": [0.15679211914539337, 0.15568950772285461, 0.6875183582305908]}",2026-09-15T18:57:21.679158,9,0.49721856567604583,0.7088410104011887,0.001,0.7021464275213173,0.6943427679163755,0.6153846153846154,0.7584905660377359,0.6897274633123689,"[0.7004930703624733, 0.6897274633123689, 0.7387059561475888]","[0.6153846153846154, 0.7584905660377359, 0.7091531223267751]","[0.55108923964136, 0.40200490128492744, 0.4859503225458848]","[0.695695037791653, 0.7569832402234636]","[[0.5884861407249466, 0.8125], [0.7756813417190775, 0.6037735849056604], [0.7014783023366714, 0.7759336099585062]]","[533, 530, 2338]",0.8008470764480069,"[0.8125, 0.6037735849056604, 0.7759336099585062]","[0.5884861407249466, 0.7756813417190775, 0.7014783023366714]","[0.5328818834352943, 0.5929339477726574, 0.5835485652197145]","[0.3365695792880259, 0.3333333333333333, 0.3548387096774193]","[0.7765525053304905, 0.7686404809936316, 0.8189925540734936]",0.5697881321425554,0.5328818834352943,"[0.0, 0.0, 1.0]","[0.5149695619231178, 0.4993713651384626, 0.4852467915921841]","[0.3360600765302496, 0.33019227928148126, 0.3337476454534621]","[0.15679211914539337, 0.15568950772285461, 0.6875183582305908]"
"{""run_name"": ""nhanes_pergroup_gdro"", ""seed"": 11, ""run_dir"": ""runs/eta/nhanes_cur_GroupDRO_s11"", ""use_nhanes"": true, ""num_classes"": 2, ""stratified_batching"": true, ""train_frac"": 0.8, ""use_post_pandemic"": true, ""data_split_seed"": 100, ""batch_size"": 128, ""num_workers"": 0, ""epochs"": 100, ""early_stopping_patience"": 25, ""lr"": 0.001, ""weight_decay"": 0.0001, ""optimizer"": ""adam"", ""grad_clip"": 1.0, ""lr_scheduler"": ""cosine"", ""lr_min"": 1e-05, ""latent_dim"": 64, ""head_hidden"": 32, ""common_encoder"": false, ""groups"": [{""name"": ""survey_only"", ""encoder"": ""mlp_tabular_ln"", ""input_dim"": 10, ""hidden_dim"": 64, ""dropout"": 0.1}, {""name"": ""exam"", ""encoder"": ""mlp_tabular_ln"", ""input_dim"": 13, ""hidden_dim"": 64, ""dropout"": 0.1}, {""name"": ""vitals_labs"", ""encoder"": ""mlp_tabular_ln"", ""input_dim"": 20, ""hidden_dim"": 64, ""dropout"": 0.1}], ""anchor_eps"": 0.0001, ""sep_samples_per_class"": 4, ""sep_method"": ""classifier"", ""sep_margin"": 1.0, ""lambda_fit"": 0.001, ""lambda_sep"": 0.001, ""groupdro_enabled"": true, ""groupdro_eta"": 1.0, ""groupdro_gamma"": 0.9, ""groupdro_update_mode"": ""softmax"", ""groupdro_objective"": ""weighted"", ""groupdro_kl_lambda"": 0.0, ""groupdro_uniform_init"": false, ""log_interval"": 20, ""save_every"": 10, ""use_regret"": false}","{""num_groups"": 3, ""num_classes"": 2, ""train_total"": 13604, ""test_total"": 3401, ""train_group_counts"": [2133, 2118, 9353], ""test_group_counts"": [533, 530, 2338], ""train_class_counts"": [12174, 1430], ""test_class_counts"": [3043, 358], ""train_group_class_counts"": [[1876, 257], [1908, 210], [8390, 963]], ""test_group_class_counts"": [[469, 64], [477, 53], [2097, 241]], ""group_proportions"": [0.15679211996471626, 0.15568950308732726, 0.6875183769479565], ""group_names"": [""survey_only"", ""exam"", ""vitals_labs""], ""group_feature_counts"": {""0"": 10, ""1"": 13, ""2"": 20}, ""max_features"": 20, ""feature_mode"": ""nested"", ""val_total"": 0}","{""num_groups"": 3, ""eta"": 1.0, ""update_mode"": ""softmax"", ""robust_objective"": ""weighted"", ""gamma"": 0.9, ""kl_lambda"": 0.0, ""initial_pi"": [0.15679211914539337, 0.15568950772285461, 0.6875183582305908]}",2026-09-15T18:57:21.679158,10,0.4923755209832099,0.7192421990907564,0.001,0.6671567186121728,0.6909204080624699,0.646278870829769,0.7716981132075472,0.6886792452830188,"[0.7161347281449894, 0.6886792452830188, 0.7458897021431525]","[0.6547842401500938, 0.7716981132075472, 0.646278870829769]","[0.5074272970476766, 0.40130657033450057, 0.5743953624917106]","[0.6496878080841275, 0.8156424581005587]","[[0.6353944562899787, 0.796875], [0.7924528301886793, 0.5849056603773585], [0.6204101096804959, 0.8713692946058091]]","[533, 530, 2338]",0.7939932659809033,"[0.796875, 0.5849056603773585, 0.8713692946058091]","[0.6353944562899787, 0.7924528301886793, 0.6204101096804959]","[0.5603729603729604, 0.6004137303649425, 0.5478150769779814]","[0.35664335664335667, 0.33879781420765026, 0.3368083400160385]","[0.7787346748400854, 0.769233811953641, 0.8193526812656691]",0.5695339225719614,0.5478150769779814,"[0.0, 0.0, 1.0]","[0.5152535679794493, 0.5035953900643757, 0.48201736920284777]","[0.3354530153128336, 0.3318578709127768, 0.3326891098382338]","[0.15679211914539337, 0.15568950772285461, 0.6875183582305908]"
"{""run_name"": ""nhanes_pergroup_gdro"", ""seed"": 11, ""run_dir"": ""runs/eta/nhanes_cur_GroupDRO_s11"", ""use_nhanes"": true, ""num_classes"": 2, ""stratified_batching"": true, ""train_frac"": 0.8, ""use_post_pandemic"": true, ""data_split_seed"": 100, ""batch_size"": 128, ""num_workers"": 0, ""epochs"": 100, ""early_stopping_patience"": 25, ""lr"": 0.001, ""weight_decay"": 0.0001, ""optimizer"": ""adam"", ""grad_clip"": 1.0, ""lr_scheduler"": ""cosine"", ""lr_min"": 1e-05, ""latent_dim"": 64, ""head_hidden"": 32, ""common_encoder"": false, ""groups"": [{""name"": ""survey_only"", ""encoder"": ""mlp_tabular_ln"", ""input_dim"": 10, ""hidden_dim"": 64, ""dropout"": 0.1}, {""name"": ""exam"", ""encoder"": ""mlp_tabular_ln"", ""input_dim"": 13, ""hidden_dim"": 64, ""dropout"": 0.1}, {""name"": ""vitals_labs"", ""encoder"": ""mlp_tabular_ln"", ""input_dim"": 20, ""hidden_dim"": 64, ""dropout"": 0.1}], ""anchor_eps"": 0.0001, ""sep_samples_per_class"": 4, ""sep_method"": ""classifier"", ""sep_margin"": 1.0, ""lambda_fit"": 0.001, ""lambda_sep"": 0.001, ""groupdro_enabled"": true, ""groupdro_eta"": 1.0, ""groupdro_gamma"": 0.9, ""groupdro_update_mode"": ""softmax"", ""groupdro_objective"": ""weighted"", ""groupdro_kl_lambda"": 0.0, ""groupdro_uniform_init"": false, ""log_interval"": 20, ""save_every"": 10, ""use_regret"": false}","{""num_groups"": 3, ""num_classes"": 2, ""train_total"": 13604, ""test_total"": 3401, ""train_group_counts"": [2133, 2118, 9353], ""test_group_counts"": [533, 530, 2338], ""train_class_counts"": [12174, 1430], ""test_class_counts"": [3043, 358], ""train_group_class_counts"": [[1876, 257], [1908, 210], [8390, 963]], ""test_group_class_counts"": [[469, 64], [477, 53], [2097, 241]], ""group_proportions"": [0.15679211996471626, 0.15568950308732726, 0.6875183769479565], ""group_names"": [""survey_only"", ""exam"", ""vitals_labs""], ""group_feature_counts"": {""0"": 10, ""1"": 13, ""2"": 20}, ""max_features"": 20, ""feature_mode"": ""nested"", ""val_total"": 0}","{""num_groups"": 3, ""eta"": 1.0, ""update_mode"": ""softmax"", ""robust_objective"": ""weighted"", ""gamma"": 0.9, ""kl_lambda"": 0.0, ""initial_pi"": [0.15679211914539337, 0.15568950772285461, 0.6875183582305908]}",2026-09-15T18:57:21.679158,11,0.47599505266675624,0.7083209509303984,0.001,0.6871508379888268,0.690437168274315,0.6360225140712945,0.7509433962264151,0.7122201492537313,"[0.7122201492537313, 0.7358490566037736, 0.7505842173268669]","[0.6360225140712945, 0.7509433962264151, 0.6843455945252352]","[0.5511904381434861, 0.4346547739345796, 0.5157017167422592]","[0.6723627998685507, 0.8128491620111732]","[[0.6119402985074627, 0.8125], [0.7547169811320755, 0.7169811320754716], [0.6671435383881735, 0.8340248962655602]]","[533, 530, 2338]",0.801257396313914,"[0.8125, 0.7169811320754716, 0.8340248962655602]","[0.6119402985074627, 0.7547169811320755, 0.6671435383881735]","[0.5481945609619687, 0.6052275189599133, 0.5719605858537746]","[0.34899328859060397, 0.36538461538461536, 0.35263157894736846]","[0.7759195095948828, 0.7765911158577588, 0.8194377662616225]",0.5751275552585522,0.5481945609619687,"[0.0, 0.0, 1.0]","[0.521962308032172, 0.47330747644106547, 0.4805245093017254]","[0.34070260597849794, 0.3246262600680567, 0.3346711384519091]","[0.15679211914539337, 0.15568950772285461, 0.6875183582305908]"
"{""run_name"": ""nhanes_pergroup_gdro"", ""seed"": 11, ""run_dir"": ""runs/eta/nhanes_cur_GroupDRO_s11"", ""use_nhanes"": true, ""num_classes"": 2, ""stratified_batching"": true, ""train_frac"": 0.8, ""use_post_pandemic"": true, ""data_split_seed"": 100, ""batch_size"": 128, ""num_workers"": 0, ""epochs"": 100, ""early_stopping_patience"": 25, ""lr"": 0.001, ""weight_decay"": 0.0001, ""optimizer"": ""adam"", ""grad_clip"": 1.0, ""lr_scheduler"": ""cosine"", ""lr_min"": 1e-05, ""latent_dim"": 64, ""head_hidden"": 32, ""common_encoder"": false, ""groups"": [{""name"": ""survey_only"", ""encoder"": ""mlp_tabular_ln"", ""input_dim"": 10, ""hidden_dim"": 64, ""dropout"": 0.1}, {""name"": ""exam"", ""encoder"": ""mlp_tabular_ln"", ""input_dim"": 13, ""hidden_dim"": 64, ""dropout"": 0.1}, {""name"": ""vitals_labs"", ""encoder"": ""mlp_tabular_ln"", ""input_dim"": 20, ""hidden_dim"": 64, ""dropout"": 0.1}], ""anchor_eps"": 0.0001, ""sep_samples_per_class"": 4, ""sep_method"": ""classifier"", ""sep_margin"": 1.0, ""lambda_fit"": 0.001, ""lambda_sep"": 0.001, ""groupdro_enabled"": true, ""groupdro_eta"": 1.0, ""groupdro_gamma"": 0.9, ""groupdro_update_mode"": ""softmax"", ""groupdro_objective"": ""weighted"", ""groupdro_kl_lambda"": 0.0, ""groupdro_uniform_init"": false, ""log_interval"": 20, ""save_every"": 10, ""use_regret"": false}","{""num_groups"": 3, ""num_classes"": 2, ""train_total"": 13604, ""test_total"": 3401, ""train_group_counts"": [2133, 2118, 9353], ""test_group_counts"": [533, 530, 2338], ""train_class_counts"": [12174, 1430], ""test_class_counts"": [3043, 358], ""train_group_class_counts"": [[1876, 257], [1908, 210], [8390, 963]], ""test_group_class_counts"": [[469, 64], [477, 53], [2097, 241]], ""group_proportions"": [0.15679211996471626, 0.15568950308732726, 0.6875183769479565], ""group_names"": [""survey_only"", ""exam"", ""vitals_labs""], ""group_feature_counts"": {""0"": 10, ""1"": 13, ""2"": 20}, ""max_features"": 20, ""feature_mode"": ""nested"", ""val_total"": 0}","{""num_groups"": 3, ""eta"": 1.0, ""update_mode"": ""softmax"", ""robust_objective"": ""weighted"", ""gamma"": 0.9, ""kl_lambda"": 0.0, ""initial_pi"": [0.15679211914539337, 0.15568950772285461, 0.6875183582305908]}",2026-09-15T18:57:21.679158,12,0.4463076139231493,0.7092124814264488,0.001,0.6800940899735372,0.6851266441997543,0.6060037523452158,0.7735849056603774,0.6813417190775681,"[0.6951625799573561, 0.6813417190775681, 0.7421429942399436]","[0.6060037523452158, 0.7735849056603774, 0.6757912745936698]","[0.5799937025896373, 0.39685794871681007, 0.49186509823093194]","[0.6677620768977982, 0.7849162011173184]","[[0.5778251599147122, 0.8125], [0.7966457023060797, 0.5660377358490566], [0.6585598474010491, 0.8257261410788381]]","[533, 530, 2338]",0.7977972156997376,"[0.8125, 0.5660377358490566, 0.8257261410788381]","[0.5778251599147122, 0.7966457023060797, 0.6585598474010491]","[0.5259774359669332, 0.5984848484848484, 0.5644748741742687]","[0.33121019108280253, 0.3333333333333333, 0.34429065743944637]","[0.7803338219616205, 0.7650013844389066, 0.8169010461497062]",0.5629790528753501,0.5259774359669332,"[0.0, 0.0, 1.0]","[0.5103274024668194, 0.4730781433128175, 0.4811294669250272]","[0.3373907680781382, 0.3254101574420929, 0.3371990682943812]","[0.15679211914539337, 0.15568950772285461, 0.6875183582305908]"
"{""run_name"": ""nhanes_pergroup_gdro"", ""seed"": 11, ""run_dir"": ""runs/eta/nhanes_cur_GroupDRO_s11"", ""use_nhanes"": true, ""num_classes"": 2, ""stratified_batching"": true, ""train_frac"": 0.8, ""use_post_pandemic"": true, ""data_split_seed"": 100, ""batch_size"": 128, ""num_workers"": 0, ""epochs"": 100, ""early_stopping_patience"": 25, ""lr"": 0.001, ""weight_decay"": 0.0001, ""optimizer"": ""adam"", ""grad_clip"": 1.0, ""lr_scheduler"": ""cosine"", ""lr_min"": 1e-05, ""latent_dim"": 64, ""head_hidden"": 32, ""common_encoder"": false, ""groups"": [{""name"": ""survey_only"", ""encoder"": ""mlp_tabular_ln"", ""input_dim"": 10, ""hidden_dim"": 64, ""dropout"": 0.1}, {""name"": ""exam"", ""encoder"": ""mlp_tabular_ln"", ""input_dim"": 13, ""hidden_dim"": 64, ""dropout"": 0.1}, {""name"": ""vitals_labs"", ""encoder"": ""mlp_tabular_ln"", ""input_dim"": 20, ""hidden_dim"": 64, ""dropout"": 0.1}], ""anchor_eps"": 0.0001, ""sep_samples_per_class"": 4, ""sep_method"": ""classifier"", ""sep_margin"": 1.0, ""lambda_fit"": 0.001, ""lambda_sep"": 0.001, ""groupdro_enabled"": true, ""groupdro_eta"": 1.0, ""groupdro_gamma"": 0.9, ""groupdro_update_mode"": ""softmax"", ""groupdro_objective"": ""weighted"", ""groupdro_kl_lambda"": 0.0, ""groupdro_uniform_init"": false, ""log_interval"": 20, ""save_every"": 10, ""use_regret"": false}","{""num_groups"": 3, ""num_classes"": 2, ""train_total"": 13604, ""test_total"": 3401, ""train_group_counts"": [2133, 2118, 9353], ""test_group_counts"": [533, 530, 2338], ""train_class_counts"": [12174, 1430], ""test_class_counts"": [3043, 358], ""train_group_class_counts"": [[1876, 257], [1908, 210], [8390, 963]], ""test_group_class_counts"": [[469, 64], [477, 53], [2097, 241]], ""group_proportions"": [0.15679211996471626, 0.15568950308732726, 0.6875183769479565], ""group_names"": [""survey_only"", ""exam"", ""vitals_labs""], ""group_feature_counts"": {""0"": 10, ""1"": 13, ""2"": 20}, ""max_features"": 20, ""feature_mode"": ""nested"", ""val_total"": 0}","{""num_groups"": 3, ""eta"": 1.0, ""update_mode"": ""softmax"", ""robust_objective"": ""weighted"", ""gamma"": 0.9, ""kl_lambda"": 0.0, ""initial_pi"": [0.15679211914539337, 0.15568950772285461, 0.6875183582305908]}",2026-09-15T18:57:21.679158,13,0.4111605849122576,0.7069836553103148,0.001,0.6715671861217289,0.651366647668843,0.5834896810506567,0.6894781864841745,0.7026086087420043,"[0.7026086087420043, 0.7138364779874213, 0.7516091947199813]","[0.5834896810506567, 0.6811320754716981, 0.6894781864841745]","[0.5890771543683998, 0.47916948342550864, 0.5026061045305869]","[0.6536312849162011, 0.8240223463687151]","[[0.5458422174840085, 0.859375], [0.6729559748427673, 0.7547169811320755], [0.6733428707677634, 0.8298755186721992]]","[533, 530, 2338]",0.802774294699622,"[0.859375, 0.7547169811320755, 0.8298755186721992]","[0.5458422174840085, 0.6729559748427673, 0.6733428707677634]","[0.5144364925642626, 0.5564502151639852, 0.5753663723013034]","[0.3313253012048193, 0.321285140562249, 0.35523978685612784]","[0.7782349413646056, 0.7624302836121989, 0.8206724880633666]",0.5487510266765171,0.5144364925642626,"[0.0, 0.0, 1.0]","[0.5254297513337363, 0.4758334484838304, 0.47347698290393037]","[0.3418234967679348, 0.3249053589577945, 0.3332711470858106]","[0.15679211914539337, 0.15568950772285461, 0.6875183582305908]"
"{""run_name"": ""nhanes_pergroup_gdro"", ""seed"": 11, ""run_dir"": ""runs/eta/nhanes_cur_GroupDRO_s11"", ""use_nhanes"": true, ""num_classes"": 2, ""stratified_batching"": true, ""train_frac"": 0.8, ""use_post_pandemic"": true, ""data_split_seed"": 100, ""batch_size"": 128, ""num_workers"": 0, ""epochs"": 100, ""early_stopping_patience"": 25, ""lr"": 0.001, ""weight_decay"": 0.0001, ""optimizer"": ""adam"", ""grad_clip"": 1.0, ""lr_scheduler"": ""cosine"", ""lr_min"": 1e-05, ""latent_dim"": 64, ""head_hidden"": 32, ""common_encoder"": false, ""groups"": [{""name"": ""survey_only"", ""encoder"": ""mlp_tabular_ln"", ""input_dim"": 10, ""hidden_dim"": 64, ""dropout"": 0.1}, {""name"": ""exam"", ""encoder"": ""mlp_tabular_ln"", ""input_dim"": 13, ""hidden_dim"": 64, ""dropout"": 0.1}, {""name"": ""vitals_labs"", ""encoder"": ""mlp_tabular_ln"", ""input_dim"": 20, ""hidden_dim"": 64, ""dropout"": 0.1}], ""anchor_eps"": 0.0001, ""sep_samples_per_class"": 4, ""sep_method"": ""classifier"", ""sep_margin"": 1.0, ""lambda_fit"": 0.001, ""lambda_sep"": 0.001, ""groupdro_enabled"": true, ""groupdro_eta"": 1.0, ""groupdro_gamma"": 0.9, ""groupdro_update_mode"": ""softmax"", ""groupdro_objective"": ""weighted"", ""groupdro_kl_lambda"": 0.0, ""groupdro_uniform_init"": false, ""log_interval"": 20, ""save_every"": 10, ""use_regret"": false}","{""num_groups"": 3, ""num_classes"": 2, ""train_total"": 13604, ""test_total"": 3401, ""train_group_counts"": [2133, 2118, 9353], ""test_group_counts"": [533, 530, 2338], ""train_class_counts"": [12174, 1430], ""test_class_counts"": [3043, 358], ""train_group_class_counts"": [[1876, 257], [1908, 210], [8390, 963]], ""test_group_class_counts"": [[469, 64], [477, 53], [2097, 241]], ""group_proportions"": [0.15679211996471626, 0.15568950308732726, 0.6875183769479565], ""group_names"": [""survey_only"", ""exam"", ""vitals_labs""], ""group_feature_counts"": {""0"": 10, ""1"": 13, ""2"": 20}, ""max_features"": 20, ""feature_mode"": ""nested"", ""val_total"": 0}","{""num_groups"": 3, ""eta"": 1.0, ""update_mode"": ""softmax"", ""robust_objective"": ""weighted"", ""gamma"": 0.9, ""kl_lambda"": 0.0, ""initial_pi"": [0.15679211914539337, 0.15568950772285461, 0.6875183582305908]}",2026-09-15T18:57:21.679158,14,0.3756322826022202,0.711441307595722,0.001,0.6986180535136725,0.7042301766654259,0.6547842401500938,0.7641509433962265,0.6928721174004193,"[0.7161347281449894, 0.6928721174004193, 0.7484847945197348]","[0.6547842401500938, 0.7641509433962265, 0.6937553464499572]","[0.5349384858491385, 0.4365041293255106, 0.49154527298657985]","[0.6887939533355242, 0.7821229050279329]","[[0.6353944562899787, 0.796875], [0.7819706498951782, 0.6037735849056604], [0.6795422031473534, 0.8174273858921162]]","[533, 530, 2338]",0.7993035577577993,"[0.796875, 0.6037735849056604, 0.8174273858921162]","[0.6353944562899787, 0.7819706498951782, 0.6795422031473534]","[0.5603729603729604, 0.5975555677048214, 0.577084880730422]","[0.35664335664335667, 0.33862433862433866, 0.354954954954955]","[0.7793010394456291, 0.7541632055694, 0.8204370202838672]",0.5783378029360678,0.5603729603729604,"[0.0, 0.0, 1.0]","[0.5160411794980367, 0.47825360014325097, 0.472125455174806]","[0.33966179866835755, 0.32657752143886853, 0.3337606737073862]","[0.15679211914539337, 0.15568950772285461, 0.6875183582305908]"
"{""run_name"": ""nhanes_pergroup_gdro"", ""seed"": 11, ""run_dir"": ""runs/eta/nhanes_cur_GroupDRO_s11"", ""use_nhanes"": true, ""num_classes"": 2, ""stratified_batching"": true, ""train_frac"": 0.8, ""use_post_pandemic"": true, ""data_split_seed"": 100, ""batch_size"": 128, ""num_workers"": 0, ""epochs"": 100, ""early_stopping_patience"": 25, ""lr"": 0.001, ""weight_decay"": 0.0001, ""optimizer"": ""adam"", ""grad_clip"": 1.0, ""lr_scheduler"": ""cosine"", ""lr_min"": 1e-05, ""latent_dim"": 64, ""head_hidden"": 32, ""common_encoder"": false, ""groups"": [{""name"": ""survey_only"", ""encoder"": ""mlp_tabular_ln"", ""input_dim"": 10, ""hidden_dim"": 64, ""dropout"": 0.1}, {""name"": ""exam"", ""encoder"": ""mlp_tabular_ln"", ""input_dim"": 13, ""hidden_dim"": 64, ""dropout"": 0.1}, {""name"": ""vitals_labs"", ""encoder"": ""mlp_tabular_ln"", ""input_dim"": 20, ""hidden_dim"": 64, ""dropout"": 0.1}], ""anchor_eps"": 0.0001, ""sep_samples_per_class"": 4, ""sep_method"": ""classifier"", ""sep_margin"": 1.0, ""lambda_fit"": 0.001, ""lambda_sep"": 0.001, ""groupdro_enabled"": true, ""groupdro_eta"": 1.0, ""groupdro_gamma"": 0.9, ""groupdro_update_mode"": ""softmax"", ""groupdro_objective"": ""weighted"", ""groupdro_kl_lambda"": 0.0, ""groupdro_uniform_init"": false, ""log_interval"": 20, ""save_every"": 10, ""use_regret"": false}","{""num_groups"": 3, ""num_classes"": 2, ""train_total"": 13604, ""test_total"": 3401, ""train_group_counts"": [2133, 2118, 9353], ""test_group_counts"": [533, 530, 2338], ""train_class_counts"": [12174, 1430], ""test_class_counts"": [3043, 358], ""train_group_class_counts"": [[1876, 257], [1908, 210], [8390, 963]], ""test_group_class_counts"": [[469, 64], [477, 53], [2097, 241]], ""group_proportions"": [0.15679211996471626, 0.15568950308732726, 0.6875183769479565], ""group_names"": [""survey_only"", ""exam"", ""vitals_labs""], ""group_feature_counts"": {""0"": 10, ""1"": 13, ""2"": 20}, ""max_features"": 20, ""feature_mode"": ""nested"", ""val_total"": 0}","{""num_groups"": 3, ""eta"": 1.0, ""update_mode"": ""softmax"", ""robust_objective"": ""weighted"", ""gamma"": 0.9, ""kl_lambda"": 0.0, ""initial_pi"": [0.15679211914539337, 0.15568950772285461, 0.6875183582305908]}",2026-09-15T18:57:21.679158,15,0.3751073136195031,0.7072808320773835,0.001,0.6712731549544252,0.6691308532558384,0.6303939962476548,0.7037735849056603,0.7012578616352201,"[0.7022754530916844, 0.7012578616352201, 0.7535661496269122]","[0.6303939962476548, 0.7037735849056603, 0.6732249786142002]","[0.5687603765063767, 0.4841996259599257, 0.5243436112973825]","[0.6536312849162011, 0.8212290502793296]","[[0.6076759061833689, 0.796875], [0.7044025157232704, 0.6981132075471698], [0.6523605150214592, 0.8547717842323651]]","[533, 530, 2338]",0.7993182448223507,"[0.796875, 0.6981132075471698, 0.8547717842323651]","[0.6076759061833689, 0.7044025157232704, 0.6523605150214592]","[0.5421461368403151, 0.5654807596906511, 0.5660272108843537]","[0.3411371237458194, 0.3203463203463203, 0.3503401360544217]","[0.7777018923240938, 0.7557454214627586, 0.8186838736230576]",0.5578847024717734,0.5421461368403151,"[0.0, 0.0, 1.0]","[0.525943074339912, 0.4744621855872018, 0.47089284658432007]","[0.3423111710064816, 0.3252458721399307, 0.3324429589622426]","[0.15679211914539337, 0.15568950772285461, 0.6875183582305908]"
"{""run_name"": ""nhanes_pergroup_gdro"", ""seed"": 11, ""run_dir"": ""runs/eta/nhanes_cur_GroupDRO_s11"", ""use_nhanes"": true, ""num_classes"": 2, ""stratified_batching"": true, ""train_frac"": 0.8, ""use_post_pandemic"": true, ""data_split_seed"": 100, ""batch_size"": 128, ""num_workers"": 0, ""epochs"": 100, ""early_stopping_patience"": 25, ""lr"": 0.001, ""weight_decay"": 0.0001, ""optimizer"": ""adam"", ""grad_clip"": 1.0, ""lr_scheduler"": ""cosine"", ""lr_min"": 1e-05, ""latent_dim"": 64, ""head_hidden"": 32, ""common_encoder"": false, ""groups"": [{""name"": ""survey_only"", ""encoder"": ""mlp_tabular_ln"", ""input_dim"": 10, ""hidden_dim"": 64, ""dropout"": 0.1}, {""name"": ""exam"", ""encoder"": ""mlp_tabular_ln"", ""input_dim"": 13, ""hidden_dim"": 64, ""dropout"": 0.1}, {""name"": ""vitals_labs"", ""encoder"": ""mlp_tabular_ln"", ""input_dim"": 20, ""hidden_dim"": 64, ""dropout"": 0.1}], ""anchor_eps"": 0.0001, ""sep_samples_per_class"": 4, ""sep_method"": ""classifier"", ""sep_margin"": 1.0, ""lambda_fit"": 0.001, ""lambda_sep"": 0.001, ""groupdro_enabled"": true, ""groupdro_eta"": 1.0, ""groupdro_gamma"": 0.9, ""groupdro_update_mode"": ""softmax"", ""groupdro_objective"": ""weighted"", ""groupdro_kl_lambda"": 0.0, ""groupdro_uniform_init"": false, ""log_interval"": 20, ""save_every"": 10, ""use_regret"": false}","{""num_groups"": 3, ""num_classes"": 2, ""train_total"": 13604, ""test_total"": 3401, ""train_group_counts"": [2133, 2118, 9353], ""test_group_counts"": [533, 530, 2338], ""train_class_counts"": [12174, 1430], ""test_class_counts"": [3043, 358], ""train_group_class_counts"": [[1876, 257], [1908, 210], [8390, 963]], ""test_group_class_counts"": [[469, 64], [477, 53], [2097, 241]], ""group_proportions"": [0.15679211996471626, 0.15568950308732726, 0.6875183769479565], ""group_names"": [""survey_only"", ""exam"", ""vitals_labs""], ""group_feature_counts"": {""0"": 10, ""1"": 13, ""2"": 20}, ""max_features"": 20, ""feature_mode"": ""nested"", ""val_total"": 0}","{""num_groups"": 3, ""eta"": 1.0, ""update_mode"": ""softmax"", ""robust_objective"": ""weighted"", ""gamma"": 0.9, ""kl_lambda"": 0.0, ""initial_pi"": [0.15679211914539337, 0.15568950772285461, 0.6875183582305908]}",2026-09-15T18:57:21.679158,16,0.3528037374487692,0.7060921247788382,0.001,0.7227286092325786,0.6951032299701735,0.6041275797373359,0.7472198460222412,0.6425576519916143,"[0.7210820895522387, 0.6425576519916143, 0.7213654361001787]","[0.6041275797373359, 0.7339622641509433, 0.7472198460222412]","[0.5708671016500665, 0.4167626407737805, 0.41445492610423584]","[0.7255997371015446, 0.6983240223463687]","[[0.5671641791044776, 0.875], [0.7568134171907757, 0.5283018867924528], [0.753934191702432, 0.6887966804979253]]","[533, 530, 2338]",0.7952480920585205,"[0.875, 0.5283018867924528, 0.6887966804979253]","[0.5671641791044776, 0.7568134171907757, 0.753934191702432]","[0.5313826883732171, 0.5604402068101476, 0.6011113103017045]","[0.34674922600619196, 0.28426395939086296, 0.35969664138678226]","[0.7749367004264393, 0.7489418931213164, 0.81480360206341]",0.5643114018283564,0.5313826883732171,"[0.0, 0.0, 1.0]","[0.500230207045873, 0.4747421121313458, 0.4675988144469711]","[0.3363394191804922, 0.3285768130477869, 0.3350837731136466]","[0.15679211914539337, 0.15568950772285461, 0.6875183582305908]"
"{""run_name"": ""nhanes_pergroup_gdro"", ""seed"": 11, ""run_dir"": ""runs/eta/nhanes_cur_GroupDRO_s11"", ""use_nhanes"": true, ""num_classes"": 2, ""stratified_batching"": true, ""train_frac"": 0.8, ""use_post_pandemic"": true, ""data_split_seed"": 100, ""batch_size"": 128, ""num_workers"": 0, ""epochs"": 100, ""early_stopping_patience"": 25, ""lr"": 0.001, ""weight_decay"": 0.0001, ""optimizer"": ""adam"", ""grad_clip"": 1.0, ""lr_scheduler"": ""cosine"", ""lr_min"": 1e-05, ""latent_dim"": 64, ""head_hidden"": 32, ""common_encoder"": false, ""groups"": [{""name"": ""survey_only"", ""encoder"": ""mlp_tabular_ln"", ""input_dim"": 10, ""hidden_dim"": 64, ""dropout"": 0.1}, {""name"": ""exam"", ""encoder"": ""mlp_tabular_ln"", ""input_dim"": 13, ""hidden_dim"": 64, ""dropout"": 0.1}, {""name"": ""vitals_labs"", ""encoder"": ""mlp_tabular_ln"", ""input_dim"": 20, ""hidden_dim"": 64, ""dropout"": 0.1}], ""anchor_eps"": 0.0001, ""sep_samples_per_class"": 4, ""sep_method"": ""classifier"", ""sep_margin"": 1.0, ""lambda_fit"": 0.001, ""lambda_sep"": 0.001, ""groupdro_enabled"": true, ""groupdro_eta"": 1.0, ""groupdro_gamma"": 0.9, ""groupdro_update_mode"": ""softmax"", ""groupdro_objective"": ""weighted"", ""groupdro_kl_lambda"": 0.0, ""groupdro_uniform_init"": false, ""log_interval"": 20, ""save_every"": 10, ""use_regret"": false}","{""num_groups"": 3, ""num_classes"": 2, ""train_total"": 13604, ""test_total"": 3401, ""train_group_counts"": [2133, 2118, 9353], ""test_group_counts"": [533, 530, 2338], ""train_class_counts"": [12174, 1430], ""test_class_counts"": [3043, 358], ""train_group_class_counts"": [[1876, 257], [1908, 210], [8390, 963]], ""test_group_class_counts"": [[469, 64], [477, 53], [2097, 241]], ""group_proportions"": [0.15679211996471626, 0.15568950308732726, 0.6875183769479565], ""group_names"": [""survey_only"", ""exam"", ""vitals_labs""], ""group_feature_counts"": {""0"": 10, ""1"": 13, ""2"": 20}, ""max_features"": 20, ""feature_mode"": ""nested"", ""val_total"": 0}","{""num_groups"": 3, ""eta"": 1.0, ""update_mode"": ""softmax"", ""robust_objective"": ""weighted"", ""gamma"": 0.9, ""kl_lambda"": 0.0, ""initial_pi"": [0.15679211914539337, 0.15568950772285461, 0.6875183582305908]}",2026-09-15T18:57:21.679158,17,0.34838118635084797,0.7080237741633297,0.001,0.7136136430461629,0.7022428313094106,0.6641651031894934,0.7236954662104362,0.6928721174004193,"[0.71471881663113, 0.6928721174004193, 0.7357952577976441]","[0.6641651031894934, 0.7188679245283018, 0.7236954662104362]","[0.5441520299974787, 0.4935408912914767, 0.46454376581253326]","[0.7101544528425896, 0.7430167597765364]","[[0.6481876332622601, 0.78125], [0.7253668763102725, 0.660377358490566], [0.7205531711969481, 0.7510373443983402]]","[533, 530, 2338]",0.8000351571607701,"[0.78125, 0.660377358490566, 0.7510373443983402]","[0.6481876332622601, 0.7253668763102725, 0.7205531711969481]","[0.5654884708046982, 0.5712323337622638, 0.5915046043862837]","[0.35842293906810035, 0.319634703196347, 0.35912698412698413]","[0.7717717217484008, 0.7589889640441438, 0.8193467451031606]",0.5760751363177485,0.5654884708046982,"[0.0, 0.0, 1.0]","[0.5112552798929668, 0.46293909947077433, 0.47414558591707695]","[0.3399200951153377, 0.32424338161945343, 0.33583652017251503]","[0.15679211914539337, 0.15568950772285461, 0.6875183582305908]"
"{""run_name"": ""nhanes_pergroup_gdro"", ""seed"": 11, ""run_dir"": ""runs/eta/nhanes_cur_GroupDRO_s11"", ""use_nhanes"": true, ""num_classes"": 2, ""stratified_batching"": true, ""train_frac"": 0.8, ""use_post_pandemic"": true, ""data_split_seed"": 100, ""batch_size"": 128, ""num_workers"": 0, ""epochs"": 100, ""early_stopping_patience"": 25, ""lr"": 0.001, ""weight_decay"": 0.0001, ""optimizer"": ""adam"", ""grad_clip"": 1.0, ""lr_scheduler"": ""cosine"", ""lr_min"": 1e-05, ""latent_dim"": 64, ""head_hidden"": 32, ""common_encoder"": false, ""groups"": [{""name"": ""survey_only"", ""encoder"": ""mlp_tabular_ln"", ""input_dim"": 10, ""hidden_dim"": 64, ""dropout"": 0.1}, {""name"": ""exam"", ""encoder"": ""mlp_tabular_ln"", ""input_dim"": 13, ""hidden_dim"": 64, ""dropout"": 0.1}, {""name"": ""vitals_labs"", ""encoder"": ""mlp_tabular_ln"", ""input_dim"": 20, ""hidden_dim"": 64, ""dropout"": 0.1}], ""anchor_eps"": 0.0001, ""sep_samples_per_class"": 4, ""sep_method"": ""classifier"", ""sep_margin"": 1.0, ""lambda_fit"": 0.001, ""lambda_sep"": 0.001, ""groupdro_enabled"": true, ""groupdro_eta"": 1.0, ""groupdro_gamma"": 0.9, ""groupdro_update_mode"": ""softmax"", ""groupdro_objective"": ""weighted"", ""groupdro_kl_lambda"": 0.0, ""groupdro_uniform_init"": false, ""log_interval"": 20, ""save_every"": 10, ""use_regret"": false}","{""num_groups"": 3, ""num_classes"": 2, ""train_total"": 13604, ""test_total"": 3401, ""train_group_counts"": [2133, 2118, 9353], ""test_group_counts"": [533, 530, 2338], ""train_class_counts"": [12174, 1430], ""test_class_counts"": [3043, 358], ""train_group_class_counts"": [[1876, 257], [1908, 210], [8390, 963]], ""test_group_class_counts"": [[469, 64], [477, 53], [2097, 241]], ""group_proportions"": [0.15679211996471626, 0.15568950308732726, 0.6875183769479565], ""group_names"": [""survey_only"", ""exam"", ""vitals_labs""], ""group_feature_counts"": {""0"": 10, ""1"": 13, ""2"": 20}, ""max_features"": 20, ""feature_mode"": ""nested"", ""val_total"": 0}","{""num_groups"": 3, ""eta"": 1.0, ""update_mode"": ""softmax"", ""robust_objective"": ""weighted"", ""gamma"": 0.9, ""kl_lambda"": 0.0, ""initial_pi"": [0.15679211914539337, 0.15568950772285461, 0.6875183582305908]}",2026-09-15T18:57:21.679158,18,0.34496813471391685,0.7220653788650195,0.001,0.706850926198177,0.7232993160147595,0.6547842401500938,0.8226415094339623,0.6331236897274632,"[0.7093883262260128, 0.6331236897274632, 0.7496057398734014]","[0.6547842401500938, 0.8226415094339623, 0.6924721984602225]","[0.5238285639692852, 0.4005510761917939, 0.5125689466528306]","[0.7016102530397634, 0.7513966480446927]","[[0.6375266524520256, 0.78125], [0.870020964360587, 0.39622641509433965], [0.6776347162613257, 0.8215767634854771]]","[533, 530, 2338]",0.7875383011105256,"[0.78125, 0.39622641509433965, 0.8215767634854771]","[0.6375266524520256, 0.870020964360587, 0.6776347162613257]","[0.5584092792046396, 0.6035459638400815, 0.5766236873554186]","[0.352112676056338, 0.3088235294117647, 0.35515695067264574]","[0.7697727878464818, 0.7383806020331474, 0.8224295921658483]",0.5795263101333799,0.5584092792046396,"[0.0, 0.0, 1.0]","[0.5112979106959843, 0.4679918144430433, 0.4641739011935468]","[0.3413152191436516, 0.32633560685054314, 0.33234917344349735]","[0.15679211914539337, 0.15568950772285461, 0.6875183582305908]"
"{""run_name"": ""nhanes_pergroup_gdro"", ""seed"": 11, ""run_dir"": ""runs/eta/nhanes_cur_GroupDRO_s11"", ""use_nhanes"": true, ""num_classes"": 2, ""stratified_batching"": true, ""train_frac"": 0.8, ""use_post_pandemic"": true, ""data_split_seed"": 100, ""batch_size"": 128, ""num_workers"": 0, ""epochs"": 100, ""early_stopping_patience"": 25, ""lr"": 0.001, ""weight_decay"": 0.0001, ""optimizer"": ""adam"", ""grad_clip"": 1.0, ""lr_scheduler"": ""cosine"", ""lr_min"": 1e-05, ""latent_dim"": 64, ""head_hidden"": 32, ""common_encoder"": false, ""groups"": [{""name"": ""survey_only"", ""encoder"": ""mlp_tabular_ln"", ""input_dim"": 10, ""hidden_dim"": 64, ""dropout"": 0.1}, {""name"": ""exam"", ""encoder"": ""mlp_tabular_ln"", ""input_dim"": 13, ""hidden_dim"": 64, ""dropout"": 0.1}, {""name"": ""vitals_labs"", ""encoder"": ""mlp_tabular_ln"", ""input_dim"": 20, ""hidden_dim"": 64, ""dropout"": 0.1}], ""anchor_eps"": 0.0001, ""sep_samples_per_class"": 4, ""sep_method"": ""classifier"", ""sep_margin"": 1.0, ""lambda_fit"": 0.001, ""lambda_sep"": 0.001, ""groupdro_enabled"": true, ""groupdro_eta"": 1.0, ""groupdro_gamma"": 0.9, ""groupdro_update_mode"": ""softmax"", ""groupdro_objective"": ""weighted"", ""groupdro_kl_lambda"": 0.0, ""groupdro_uniform_init"": false, ""log_interval"": 20, ""save_every"": 10, ""use_regret"": false}","{""num_groups"": 3, ""num_classes"": 2, ""train_total"": 13604, ""test_total"": 3401, ""train_group_counts"": [2133, 2118, 9353], ""test_group_counts"": [533, 530, 2338], ""train_class_counts"": [12174, 1430], ""test_class_counts"": [3043, 358], ""train_group_class_counts"": [[1876, 257], [1908, 210], [8390, 963]], ""test_group_class_counts"": [[469, 64], [477, 53], [2097, 241]], ""group_proportions"": [0.15679211996471626, 0.15568950308732726, 0.6875183769479565], ""group_names"": [""survey_only"", ""exam"", ""vitals_labs""], ""group_feature_counts"": {""0"": 10, ""1"": 13, ""2"": 20}, ""max_features"": 20, ""feature_mode"": ""nested"", ""val_total"": 0}","{""num_groups"": 3, ""eta"": 1.0, ""update_mode"": ""softmax"", ""robust_objective"": ""weighted"", ""gamma"": 0.9, ""kl_lambda"": 0.0, ""initial_pi"": [0.15679211914539337, 0.15568950772285461, 0.6875183582305908]}",2026-09-15T18:57:21.679158,19,0.34050313891485934,0.7275631501097204,0.001,0.6927374301675978,0.6649903239898584,0.6078799249530957,0.7172797262617622,0.6823899371069182,"[0.6962286780383795, 0.6823899371069182, 0.7340549728222693]","[0.6078799249530957, 0.6698113207547169, 0.7172797262617622]","[0.6335779297332442, 0.4788221578460647, 0.4726220019904807]","[0.68517909957279, 0.7569832402234636]","[[0.579957356076759, 0.8125], [0.6666666666666666, 0.6981132075471698], [0.7129232236528373, 0.7551867219917012]]","[533, 530, 2338]",0.7992663811256533,"[0.8125, 0.6981132075471698, 0.7551867219917012]","[0.579957356076759, 0.6666666666666666, 0.7129232236528373]","[0.5273559648519871, 0.5407028855248367, 0.5870378312657407]","[0.3322683706070288, 0.2971887550200803, 0.35512195121951223]","[0.7765525053304904, 0.7549543135160792, 0.8169544716122814]",0.5516988938808548,0.5273559648519871,"[0.0, 0.0, 1.0]","[0.5022877813804717, 0.4870308104015532, 0.458970382528485]","[0.33715899485462114, 0.33219977974329357, 0.3306412254020853]","[0.15679211914539337, 0.15568950772285461, 0.6875183582305908]"
"{""run_name"": ""nhanes_pergroup_gdro"", ""seed"": 11, ""run_dir"": ""runs/eta/nhanes_cur_GroupDRO_s11"", ""use_nhanes"": true, ""num_classes"": 2, ""stratified_batching"": true, ""train_frac"": 0.8, ""use_post_pandemic"": true, ""data_split_seed"": 100, ""batch_size"": 128, ""num_workers"": 0, ""epochs"": 100, ""early_stopping_patience"": 25, ""lr"": 0.001, ""weight_decay"": 0.0001, ""optimizer"": ""adam"", ""grad_clip"": 1.0, ""lr_scheduler"": ""cosine"", ""lr_min"": 1e-05, ""latent_dim"": 64, ""head_hidden"": 32, ""common_encoder"": false, ""groups"": [{""name"": ""survey_only"", ""encoder"": ""mlp_tabular_ln"", ""input_dim"": 10, ""hidden_dim"": 64, ""dropout"": 0.1}, {""name"": ""exam"", ""encoder"": ""mlp_tabular_ln"", ""input_dim"": 13, ""hidden_dim"": 64, ""dropout"": 0.1}, {""name"": ""vitals_labs"", ""encoder"": ""mlp_tabular_ln"", ""input_dim"": 20, ""hidden_dim"": 64, ""dropout"": 0.1}], ""anchor_eps"": 0.0001, ""sep_samples_per_class"": 4, ""sep_method"": ""classifier"", ""sep_margin"": 1.0, ""lambda_fit"": 0.001, ""lambda_sep"": 0.001, ""groupdro_enabled"": true, ""groupdro_eta"": 1.0, ""groupdro_gamma"": 0.9, ""groupdro_update_mode"": ""softmax"", ""groupdro_objective"": ""weighted"", ""groupdro_kl_lambda"": 0.0, ""groupdro_uniform_init"": false, ""log_interval"": 20, ""save_every"": 10, ""use_regret"": false}","{""num_groups"": 3, ""num_classes"": 2, ""train_total"": 13604, ""test_total"": 3401, ""train_group_counts"": [2133, 2118, 9353], ""test_group_counts"": [533, 530, 2338], ""train_class_counts"": [12174, 1430], ""test_class_counts"": [3043, 358], ""train_group_class_counts"": [[1876, 257], [1908, 210], [8390, 963]], ""test_group_class_counts"": [[469, 64], [477, 53], [2097, 241]], ""group_proportions"": [0.15679211996471626, 0.15568950308732726, 0.6875183769479565], ""group_names"": [""survey_only"", ""exam"", ""vitals_labs""], ""group_feature_counts"": {""0"": 10, ""1"": 13, ""2"": 20}, ""max_features"": 20, ""feature_mode"": ""nested"", ""val_total"": 0}","{""num_groups"": 3, ""eta"": 1.0, ""update_mode"": ""softmax"", ""robust_objective"": ""weighted"", ""gamma"": 0.9, ""kl_lambda"": 0.0, ""initial_pi"": [0.15679211914539337, 0.15568950772285461, 0.6875183582305908]}",2026-09-15T18:57:21.679158,20,0.3267103516860667,0.7141901931649332,0.001,0.6965598353425463,0.7032180128801429,0.6622889305816135,0.7566037735849057,0.6551362683438156,"[0.70690631663113, 0.6551362683438156, 0.7413069846866794]","[0.6622889305816135, 0.7566037735849057, 0.6907613344739093]","[0.5962984822905626, 0.46638140462632605, 0.49014732258448035]","[0.6894511994742031, 0.7569832402234636]","[[0.6481876332622601, 0.765625], [0.7819706498951782, 0.5283018867924528], [0.6776347162613257, 0.8049792531120332]]","[533, 530, 2338]",0.7910439198306581,"[0.765625, 0.5283018867924528, 0.8049792531120332]","[0.6481876332622601, 0.7819706498951782, 0.6776347162613257]","[0.5620457948362123, 0.5776370656370656, 0.573214937201995]","[0.35251798561151076, 0.30270270270270266, 0.34923492349234925]","[0.769672841151386, 0.7379850480598077, 0.816669535811879]",0.5709659325584243,0.5620457948362123,"[0.0, 0.0, 1.0]","[0.5042559312922614, 0.4396763779577755, 0.4599053384560459]","[0.3431388188926679, 0.3210804320450099, 0.33578074498558946]","[0.15679211914539337, 0.15568950772285461, 0.6875183582305908]"
"{""run_name"": ""nhanes_pergroup_gdro"", ""seed"": 11, ""run_dir"": ""runs/eta/nhanes_cur_GroupDRO_s11"", ""use_nhanes"": true, ""num_classes"": 2, ""stratified_batching"": true, ""train_frac"": 0.8, ""use_post_pandemic"": true, ""data_split_seed"": 100, ""batch_size"": 128, ""num_workers"": 0, ""epochs"": 100, ""early_stopping_patience"": 25, ""lr"": 0.001, ""weight_decay"": 0.0001, ""optimizer"": ""adam"", ""grad_clip"": 1.0, ""lr_scheduler"": ""cosine"", ""lr_min"": 1e-05, ""latent_dim"": 64, ""head_hidden"": 32, ""common_encoder"": false, ""groups"": [{""name"": ""survey_only"", ""encoder"": ""mlp_tabular_ln"", ""input_dim"": 10, ""hidden_dim"": 64, ""dropout"": 0.1}, {""name"": ""exam"", ""encoder"": ""mlp_tabular_ln"", ""input_dim"": 13, ""hidden_dim"": 64, ""dropout"": 0.1}, {""name"": ""vitals_labs"", ""encoder"": ""mlp_tabular_ln"", ""input_dim"": 20, ""hidden_dim"": 64, ""dropout"": 0.1}], ""anchor_eps"": 0.0001, ""sep_samples_per_class"": 4, ""sep_method"": ""classifier"", ""sep_margin"": 1.0, ""lambda_fit"": 0.001, ""lambda_sep"": 0.001, ""groupdro_enabled"": true, ""groupdro_eta"": 1.0, ""groupdro_gamma"": 0.9, ""groupdro_update_mode"": ""softmax"", ""groupdro_objective"": ""weighted"", ""groupdro_kl_lambda"": 0.0, ""groupdro_uniform_init"": false, ""log_interval"": 20, ""save_every"": 10, ""use_regret"": false}","{""num_groups"": 3, ""num_classes"": 2, ""train_total"": 13604, ""test_total"": 3401, ""train_group_counts"": [2133, 2118, 9353], ""test_group_counts"": [533, 530, 2338], ""train_class_counts"": [12174, 1430], ""test_class_counts"": [3043, 358], ""train_group_class_counts"": [[1876, 257], [1908, 210], [8390, 963]], ""test_group_class_counts"": [[469, 64], [477, 53], [2097, 241]], ""group_proportions"": [0.15679211996471626, 0.15568950308732726, 0.6875183769479565], ""group_names"": [""survey_only"", ""exam"", ""vitals_labs""], ""group_feature_counts"": {""0"": 10, ""1"": 13, ""2"": 20}, ""max_features"": 20, ""feature_mode"": ""nested"", ""val_total"": 0}","{""num_groups"": 3, ""eta"": 1.0, ""update_mode"": ""softmax"", ""robust_objective"": ""weighted"", ""gamma"": 0.9, ""kl_lambda"": 0.0, ""initial_pi"": [0.15679211914539337, 0.15568950772285461, 0.6875183582305908]}",2026-09-15T18:57:21.679158,21,0.3281433945380561,0.7201337295513804,0.001,0.6862687444869157,0.6817484322556093,0.6322701688555347,0.7226415094339622,0.6898487473347548,"[0.6898487473347548, 0.7033542976939203, 0.742904801761853]","[0.6322701688555347, 0.7226415094339622, 0.6903336184773311]","[0.536590765524563, 0.4840385395278267, 0.5110631780784788]","[0.6749917844232665, 0.7821229050279329]","[[0.6140724946695096, 0.765625], [0.7274633123689728, 0.6792452830188679], [0.6766809728183119, 0.8091286307053942]]","[533, 530, 2338]",0.7970729598290426,"[0.765625, 0.6792452830188679, 0.8091286307053942]","[0.6140724946695096, 0.7274633123689728, 0.6766809728183119]","[0.5397236614853195, 0.5769876044500187, 0.5734165845948205]","[0.3333333333333333, 0.3287671232876712, 0.3500897666068223]","[0.775636327292111, 0.7422965863692101, 0.8206843603883834]",0.5633759501767196,0.5397236614853195,"[0.0, 0.0, 1.0]","[0.49634224077065786, 0.4505935766867229, 0.4613206653662448]","[0.33981902391280766, 0.32460415082157784, 0.33557682751484635]","[0.15679211914539337, 0.15568950772285461, 0.6875183582305908]"
"{""run_name"": ""nhanes_pergroup_gdro"", ""seed"": 11, ""run_dir"": ""runs/eta/nhanes_cur_GroupDRO_s11"", ""use_nhanes"": true, ""num_classes"": 2, ""stratified_batching"": true, ""train_frac"": 0.8, ""use_post_pandemic"": true, ""data_split_seed"": 100, ""batch_size"": 128, ""num_workers"": 0, ""epochs"": 100, ""early_stopping_patience"": 25, ""lr"": 0.001, ""weight_decay"": 0.0001, ""optimizer"": ""adam"", ""grad_clip"": 1.0, ""lr_scheduler"": ""cosine"", ""lr_min"": 1e-05, ""latent_dim"": 64, ""head_hidden"": 32, ""common_encoder"": false, ""groups"": [{""name"": ""survey_only"", ""encoder"": ""mlp_tabular_ln"", ""input_dim"": 10, ""hidden_dim"": 64, ""dropout"": 0.1}, {""name"": ""exam"", ""encoder"": ""mlp_tabular_ln"", ""input_dim"": 13, ""hidden_dim"": 64, ""dropout"": 0.1}, {""name"": ""vitals_labs"", ""encoder"": ""mlp_tabular_ln"", ""input_dim"": 20, ""hidden_dim"": 64, ""dropout"": 0.1}], ""anchor_eps"": 0.0001, ""sep_samples_per_class"": 4, ""sep_method"": ""classifier"", ""sep_margin"": 1.0, ""lambda_fit"": 0.001, ""lambda_sep"": 0.001, ""groupdro_enabled"": true, ""groupdro_eta"": 1.0, ""groupdro_gamma"": 0.9, ""groupdro_update_mode"": ""softmax"", ""groupdro_objective"": ""weighted"", ""groupdro_kl_lambda"": 0.0, ""groupdro_uniform_init"": false, ""log_interval"": 20, ""save_every"": 10, ""use_regret"": false}","{""num_groups"": 3, ""num_classes"": 2, ""train_total"": 13604, ""test_total"": 3401, ""train_group_counts"": [2133, 2118, 9353], ""test_group_counts"": [533, 530, 2338], ""train_class_counts"": [12174, 1430], ""test_class_counts"": [3043, 358], ""train_group_class_counts"": [[1876, 257], [1908, 210], [8390, 963]], ""test_group_class_counts"": [[469, 64], [477, 53], [2097, 241]], ""group_proportions"": [0.15679211996471626, 0.15568950308732726, 0.6875183769479565], ""group_names"": [""survey_only"", ""exam"", ""vitals_labs""], ""group_feature_counts"": {""0"": 10, ""1"": 13, ""2"": 20}, ""max_features"": 20, ""feature_mode"": ""nested"", ""val_total"": 0}","{""num_groups"": 3, ""eta"": 1.0, ""update_mode"": ""softmax"", ""robust_objective"": ""weighted"", ""gamma"": 0.9, ""kl_lambda"": 0.0, ""initial_pi"": [0.15679211914539337, 0.15568950772285461, 0.6875183582305908]}",2026-09-15T18:57:21.679158,22,0.32747445667126557,0.7204309063538754,0.001,0.6871508379888268,0.7039490167498302,0.6723695466210436,0.7471698113207547,0.6582809224318658,"[0.6969782782515992, 0.6582809224318658, 0.7457442661616971]","[0.6923076923076923, 0.7471698113207547, 0.6723695466210436]","[0.5411019163583204, 0.4868115474249193, 0.5335145484164592]","[0.6772921459086428, 0.770949720670391]","[[0.6908315565031983, 0.703125], [0.7693920335429769, 0.5471698113207547], [0.6533142584644731, 0.8381742738589212]]","[533, 530, 2338]",0.7886999561223945,"[0.703125, 0.5471698113207547, 0.8381742738589212]","[0.6908315565031983, 0.7693920335429769, 0.6533142584644731]","[0.5761801326558318, 0.5738527265745007, 0.5634082720220769]","[0.3543307086614173, 0.3020833333333333, 0.3452991452991453]","[0.763859275053305, 0.7428108065345516, 0.8159057495691334]",0.5711470437508032,0.5634082720220769,"[0.0, 0.0, 1.0]","[0.5079075268336705, 0.4532527703614462, 0.45517280557245576]","[0.3424828938155804, 0.324387788632006, 0.3331293179741446]","[0.15679211914539337, 0.15568950772285461, 0.6875183582305908]"
"{""run_name"": ""nhanes_pergroup_gdro"", ""seed"": 11, ""run_dir"": ""runs/eta/nhanes_cur_GroupDRO_s11"", ""use_nhanes"": true, ""num_classes"": 2, ""stratified_batching"": true, ""train_frac"": 0.8, ""use_post_pandemic"": true, ""data_split_seed"": 100, ""batch_size"": 128, ""num_workers"": 0, ""epochs"": 100, ""early_stopping_patience"": 25, ""lr"": 0.001, ""weight_decay"": 0.0001, ""optimizer"": ""adam"", ""grad_clip"": 1.0, ""lr_scheduler"": ""cosine"", ""lr_min"": 1e-05, ""latent_dim"": 64, ""head_hidden"": 32, ""common_encoder"": false, ""groups"": [{""name"": ""survey_only"", ""encoder"": ""mlp_tabular_ln"", ""input_dim"": 10, ""hidden_dim"": 64, ""dropout"": 0.1}, {""name"": ""exam"", ""encoder"": ""mlp_tabular_ln"", ""input_dim"": 13, ""hidden_dim"": 64, ""dropout"": 0.1}, {""name"": ""vitals_labs"", ""encoder"": ""mlp_tabular_ln"", ""input_dim"": 20, ""hidden_dim"": 64, ""dropout"": 0.1}], ""anchor_eps"": 0.0001, ""sep_samples_per_class"": 4, ""sep_method"": ""classifier"", ""sep_margin"": 1.0, ""lambda_fit"": 0.001, ""lambda_sep"": 0.001, ""groupdro_enabled"": true, ""groupdro_eta"": 1.0, ""groupdro_gamma"": 0.9, ""groupdro_update_mode"": ""softmax"", ""groupdro_objective"": ""weighted"", ""groupdro_kl_lambda"": 0.0, ""groupdro_uniform_init"": false, ""log_interval"": 20, ""save_every"": 10, ""use_regret"": false}","{""num_groups"": 3, ""num_classes"": 2, ""train_total"": 13604, ""test_total"": 3401, ""train_group_counts"": [2133, 2118, 9353], ""test_group_counts"": [533, 530, 2338], ""train_class_counts"": [12174, 1430], ""test_class_counts"": [3043, 358], ""train_group_class_counts"": [[1876, 257], [1908, 210], [8390, 963]], ""test_group_class_counts"": [[469, 64], [477, 53], [2097, 241]], ""group_proportions"": [0.15679211996471626, 0.15568950308732726, 0.6875183769479565], ""group_names"": [""survey_only"", ""exam"", ""vitals_labs""], ""group_feature_counts"": {""0"": 10, ""1"": 13, ""2"": 20}, ""max_features"": 20, ""feature_mode"": ""nested"", ""val_total"": 0}","{""num_groups"": 3, ""eta"": 1.0, ""update_mode"": ""softmax"", ""robust_objective"": ""weighted"", ""gamma"": 0.9, ""kl_lambda"": 0.0, ""initial_pi"": [0.15679211914539337, 0.15568950772285461, 0.6875183582305908]}",2026-09-15T18:57:21.679158,23,0.3305802828445477,0.7234026745736688,0.001,0.7224345780652749,0.7123775367901014,0.6529080675422139,0.7528301886792453,0.6698113207547169,"[0.7083222281449894, 0.6698113207547169, 0.7400871032912064]","[0.6529080675422139, 0.7528301886792453, 0.7313943541488451]","[0.5321156721202636, 0.4414707112530623, 0.4490367840262417]","[0.7216562602694709, 0.729050279329609]","[[0.6353944562899787, 0.78125], [0.7735849056603774, 0.5660377358490566], [0.7291368621840725, 0.7510373443983402]]","[533, 530, 2338]",0.7934369934110157,"[0.78125, 0.5660377358490566, 0.7510373443983402]","[0.6353944562899787, 0.7735849056603774, 0.7291368621840725]","[0.557000696363187, 0.581694069731713, 0.5976410880371814]","[0.3508771929824561, 0.31413612565445026, 0.3656565656565657]","[0.767623933901919, 0.7331592895850638, 0.817484768796364]",0.5787786180440272,0.557000696363187,"[0.0, 0.0, 1.0]","[0.505930120462463, 0.4686259782030469, 0.4495917837012489]","[0.3412224480284835, 0.3285334582598704, 0.33024409441453106]","[0.15679211914539337, 0.15568950772285461, 0.6875183582305908]"
"{""run_name"": ""nhanes_pergroup_gdro"", ""seed"": 11, ""run_dir"": ""runs/eta/nhanes_cur_GroupDRO_s11"", ""use_nhanes"": true, ""num_classes"": 2, ""stratified_batching"": true, ""train_frac"": 0.8, ""use_post_pandemic"": true, ""data_split_seed"": 100, ""batch_size"": 128, ""num_workers"": 0, ""epochs"": 100, ""early_stopping_patience"": 25, ""lr"": 0.001, ""weight_decay"": 0.0001, ""optimizer"": ""adam"", ""grad_clip"": 1.0, ""lr_scheduler"": ""cosine"", ""lr_min"": 1e-05, ""latent_dim"": 64, ""head_hidden"": 32, ""common_encoder"": false, ""groups"": [{""name"": ""survey_only"", ""encoder"": ""mlp_tabular_ln"", ""input_dim"": 10, ""hidden_dim"": 64, ""dropout"": 0.1}, {""name"": ""exam"", ""encoder"": ""mlp_tabular_ln"", ""input_dim"": 13, ""hidden_dim"": 64, ""dropout"": 0.1}, {""name"": ""vitals_labs"", ""encoder"": ""mlp_tabular_ln"", ""input_dim"": 20, ""hidden_dim"": 64, ""dropout"": 0.1}], ""anchor_eps"": 0.0001, ""sep_samples_per_class"": 4, ""sep_method"": ""classifier"", ""sep_margin"": 1.0, ""lambda_fit"": 0.001, ""lambda_sep"": 0.001, ""groupdro_enabled"": true, ""groupdro_eta"": 1.0, ""groupdro_gamma"": 0.9, ""groupdro_update_mode"": ""softmax"", ""groupdro_objective"": ""weighted"", ""groupdro_kl_lambda"": 0.0, ""groupdro_uniform_init"": false, ""log_interval"": 20, ""save_every"": 10, ""use_regret"": false}","{""num_groups"": 3, ""num_classes"": 2, ""train_total"": 13604, ""test_total"": 3401, ""train_group_counts"": [2133, 2118, 9353], ""test_group_counts"": [533, 530, 2338], ""train_class_counts"": [12174, 1430], ""test_class_counts"": [3043, 358], ""train_group_class_counts"": [[1876, 257], [1908, 210], [8390, 963]], ""test_group_class_counts"": [[469, 64], [477, 53], [2097, 241]], ""group_proportions"": [0.15679211996471626, 0.15568950308732726, 0.6875183769479565], ""group_names"": [""survey_only"", ""exam"", ""vitals_labs""], ""group_feature_counts"": {""0"": 10, ""1"": 13, ""2"": 20}, ""max_features"": 20, ""feature_mode"": ""nested"", ""val_total"": 0}","{""num_groups"": 3, ""eta"": 1.0, ""update_mode"": ""softmax"", ""robust_objective"": ""weighted"", ""gamma"": 0.9, ""kl_lambda"": 0.0, ""initial_pi"": [0.15679211914539337, 0.15568950772285461, 0.6875183582305908]}",2026-09-15T18:57:21.679158,24,0.3277864951789822,0.7339524517087667,0.001,0.7000882093501911,0.6943351813034445,0.6060037523452158,0.7716981132075472,0.6749233742004264,"[0.6749233742004264, 0.7138364779874213, 0.74757755101637]","[0.6060037523452158, 0.7716981132075472, 0.7053036783575706]","[0.6252646768984593, 0.4452310792787068, 0.49792358952943294]","[0.6917515609595793, 0.770949720670391]","[[0.5842217484008528, 0.765625], [0.7861635220125787, 0.6415094339622641], [0.6943252265140677, 0.8008298755186722]]","[533, 530, 2338]",0.7944637110173179,"[0.765625, 0.6415094339622641, 0.8008298755186722]","[0.5842217484008528, 0.7861635220125787, 0.6943252265140677]","[0.5205684816502758, 0.6104337895382672, 0.5838670136848292]","[0.3181818181818182, 0.35978835978835977, 0.3590697674418604]","[0.7703558102345417, 0.7432854713025592, 0.8197899785704533]",0.5716230949577907,0.5205684816502758,"[0.0, 0.0, 1.0]","[0.5228464854615075, 0.46040480803875694, 0.4463446980939721]","[0.34618882652161254, 0.3249229241935712, 0.3288882477384693]","[0.15679211914539337, 0.15568950772285461, 0.6875183582305908]"
"{""run_name"": ""nhanes_pergroup_gdro"", ""seed"": 11, ""run_dir"": ""runs/eta/nhanes_cur_GroupDRO_s11"", ""use_nhanes"": true, ""num_classes"": 2, ""stratified_batching"": true, ""train_frac"": 0.8, ""use_post_pandemic"": true, ""data_split_seed"": 100, ""batch_size"": 128, ""num_workers"": 0, ""epochs"": 100, ""early_stopping_patience"": 25, ""lr"": 0.001, ""weight_decay"": 0.0001, ""optimizer"": ""adam"", ""grad_clip"": 1.0, ""lr_scheduler"": ""cosine"", ""lr_min"": 1e-05, ""latent_dim"": 64, ""head_hidden"": 32, ""common_encoder"": false, ""groups"": [{""name"": ""survey_only"", ""encoder"": ""mlp_tabular_ln"", ""input_dim"": 10, ""hidden_dim"": 64, ""dropout"": 0.1}, {""name"": ""exam"", ""encoder"": ""mlp_tabular_ln"", ""input_dim"": 13, ""hidden_dim"": 64, ""dropout"": 0.1}, {""name"": ""vitals_labs"", ""encoder"": ""mlp_tabular_ln"", ""input_dim"": 20, ""hidden_dim"": 64, ""dropout"": 0.1}], ""anchor_eps"": 0.0001, ""sep_samples_per_class"": 4, ""sep_method"": ""classifier"", ""sep_margin"": 1.0, ""lambda_fit"": 0.001, ""lambda_sep"": 0.001, ""groupdro_enabled"": true, ""groupdro_eta"": 1.0, ""groupdro_gamma"": 0.9, ""groupdro_update_mode"": ""softmax"", ""groupdro_objective"": ""weighted"", ""groupdro_kl_lambda"": 0.0, ""groupdro_uniform_init"": false, ""log_interval"": 20, ""save_every"": 10, ""use_regret"": false}","{""num_groups"": 3, ""num_classes"": 2, ""train_total"": 13604, ""test_total"": 3401, ""train_group_counts"": [2133, 2118, 9353], ""test_group_counts"": [533, 530, 2338], ""train_class_counts"": [12174, 1430], ""test_class_counts"": [3043, 358], ""train_group_class_counts"": [[1876, 257], [1908, 210], [8390, 963]], ""test_group_class_counts"": [[469, 64], [477, 53], [2097, 241]], ""group_proportions"": [0.15679211996471626, 0.15568950308732726, 0.6875183769479565], ""group_names"": [""survey_only"", ""exam"", ""vitals_labs""], ""group_feature_counts"": {""0"": 10, ""1"": 13, ""2"": 20}, ""max_features"": 20, ""feature_mode"": ""nested"", ""val_total"": 0}","{""num_groups"": 3, ""eta"": 1.0, ""update_mode"": ""softmax"", ""robust_objective"": ""weighted"", ""gamma"": 0.9, ""kl_lambda"": 0.0, ""initial_pi"": [0.15679211914539337, 0.15568950772285461, 0.6875183582305908]}",2026-09-15T18:57:21.679158,25,0.3163891472044175,0.7309806834889734,0.001,0.7127315495442517,0.7242584199416967,0.626641651031895,0.8433962264150944,0.5943396226415094,"[0.6933968550106611, 0.5943396226415094, 0.7461469358518492]","[0.626641651031895, 0.8433962264150944, 0.7027373823781009]","[0.5589987025390891, 0.431530555341444, 0.4739765374747374]","[0.7117975681892869, 0.7206703910614525]","[[0.605543710021322, 0.78125], [0.9056603773584906, 0.2830188679245283], [0.6914639961850262, 0.8008298755186722]]","[533, 530, 2338]",0.7787228495842644,"[0.78125, 0.2830188679245283, 0.8008298755186722]","[0.605543710021322, 0.9056603773584906, 0.6914639961850262]","[0.5374978742701662, 0.588920765154984, 0.5818763597812255]","[0.33444816053511706, 0.26548672566371684, 0.35707678075855687]","[0.7710887526652451, 0.7228748862782327, 0.8182920868975041]",0.5694316664021253,0.5374978742701662,"[0.0, 0.0, 1.0]","[0.49937705042816344, 0.43346695942538127, 0.447446753393929]","[0.34371903018569044, 0.3223608893887052, 0.33392007972271937]","[0.15679211914539337, 0.15568950772285461, 0.6875183582305908]"
"{""run_name"": ""nhanes_pergroup_gdro"", ""seed"": 11, ""run_dir"": ""runs/eta/nhanes_cur_GroupDRO_s11"", ""use_nhanes"": true, ""num_classes"": 2, ""stratified_batching"": true, ""train_frac"": 0.8, ""use_post_pandemic"": true, ""data_split_seed"": 100, ""batch_size"": 128, ""num_workers"": 0, ""epochs"": 100, ""early_stopping_patience"": 25, ""lr"": 0.001, ""weight_decay"": 0.0001, ""optimizer"": ""adam"", ""grad_clip"": 1.0, ""lr_scheduler"": ""cosine"", ""lr_min"": 1e-05, ""latent_dim"": 64, ""head_hidden"": 32, ""common_encoder"": false, ""groups"": [{""name"": ""survey_only"", ""encoder"": ""mlp_tabular_ln"", ""input_dim"": 10, ""hidden_dim"": 64, ""dropout"": 0.1}, {""name"": ""exam"", ""encoder"": ""mlp_tabular_ln"", ""input_dim"": 13, ""hidden_dim"": 64, ""dropout"": 0.1}, {""name"": ""vitals_labs"", ""encoder"": ""mlp_tabular_ln"", ""input_dim"": 20, ""hidden_dim"": 64, ""dropout"": 0.1}], ""anchor_eps"": 0.0001, ""sep_samples_per_class"": 4, ""sep_method"": ""classifier"", ""sep_margin"": 1.0, ""lambda_fit"": 0.001, ""lambda_sep"": 0.001, ""groupdro_enabled"": true, ""groupdro_eta"": 1.0, ""groupdro_gamma"": 0.9, ""groupdro_update_mode"": ""softmax"", ""groupdro_objective"": ""weighted"", ""groupdro_kl_lambda"": 0.0, ""groupdro_uniform_init"": false, ""log_interval"": 20, ""save_every"": 10, ""use_regret"": false}","{""num_groups"": 3, ""num_classes"": 2, ""train_total"": 13604, ""test_total"": 3401, ""train_group_counts"": [2133, 2118, 9353], ""test_group_counts"": [533, 530, 2338], ""train_class_counts"": [12174, 1430], ""test_class_counts"": [3043, 358], ""train_group_class_counts"": [[1876, 257], [1908, 210], [8390, 963]], ""test_group_class_counts"": [[469, 64], [477, 53], [2097, 241]], ""group_proportions"": [0.15679211996471626, 0.15568950308732726, 0.6875183769479565], ""group_names"": [""survey_only"", ""exam"", ""vitals_labs""], ""group_feature_counts"": {""0"": 10, ""1"": 13, ""2"": 20}, ""max_features"": 20, ""feature_mode"": ""nested"", ""val_total"": 0}","{""num_groups"": 3, ""eta"": 1.0, ""update_mode"": ""softmax"", ""robust_objective"": ""weighted"", ""gamma"": 0.9, ""kl_lambda"": 0.0, ""initial_pi"": [0.15679211914539337, 0.15568950772285461, 0.6875183582305908]}",2026-09-15T18:57:21.679158,26,0.32264512565213893,0.735735512647728,0.001,0.6783299029697147,0.6739727182532324,0.651031894934334,0.6886792452830188,0.6928721174004193,"[0.6937633262260128, 0.6928721174004193, 0.7512282909590267]","[0.651031894934334, 0.6886792452830188, 0.6822070145423439]","[0.5403101105198411, 0.5208492737338671, 0.5428908041992586]","[0.6638186000657246, 0.8016759776536313]","[[0.6375266524520256, 0.75], [0.6876310272536688, 0.6981132075471698], [0.6642823080591321, 0.8381742738589212]]","[533, 530, 2338]",0.791163252230139,"[0.75, 0.6981132075471698, 0.8381742738589212]","[0.6375266524520256, 0.6876310272536688, 0.6642823080591321]","[0.551590316977855, 0.5543245047625357, 0.5708409805613619]","[0.3404255319148936, 0.30962343096234307, 0.35222319093286836]","[0.7657082889125799, 0.7383806020331475, 0.8143188154585586]",0.5589186007672509,0.551590316977855,"[0.0, 0.0, 1.0]","[0.49379813216981433, 0.4675605172202701, 0.44574682808147287]","[0.33850126376129547, 0.3313889129544204, 0.33010982286255314]","[0.15679211914539337, 0.15568950772285461, 0.6875183582305908]"
"{""run_name"": ""nhanes_pergroup_gdro"", ""seed"": 11, ""run_dir"": ""runs/eta/nhanes_cur_GroupDRO_s11"", ""use_nhanes"": true, ""num_classes"": 2, ""stratified_batching"": true, ""train_frac"": 0.8, ""use_post_pandemic"": true, ""data_split_seed"": 100, ""batch_size"": 128, ""num_workers"": 0, ""epochs"": 100, ""early_stopping_patience"": 25, ""lr"": 0.001, ""weight_decay"": 0.0001, ""optimizer"": ""adam"", ""grad_clip"": 1.0, ""lr_scheduler"": ""cosine"", ""lr_min"": 1e-05, ""latent_dim"": 64, ""head_hidden"": 32, ""common_encoder"": false, ""groups"": [{""name"": ""survey_only"", ""encoder"": ""mlp_tabular_ln"", ""input_dim"": 10, ""hidden_dim"": 64, ""dropout"": 0.1}, {""name"": ""exam"", ""encoder"": ""mlp_tabular_ln"", ""input_dim"": 13, ""hidden_dim"": 64, ""dropout"": 0.1}, {""name"": ""vitals_labs"", ""encoder"": ""mlp_tabular_ln"", ""input_dim"": 20, ""hidden_dim"": 64, ""dropout"": 0.1}], ""anchor_eps"": 0.0001, ""sep_samples_per_class"": 4, ""sep_method"": ""classifier"", ""sep_margin"": 1.0, ""lambda_fit"": 0.001, ""lambda_sep"": 0.001, ""groupdro_enabled"": true, ""groupdro_eta"": 1.0, ""groupdro_gamma"": 0.9, ""groupdro_update_mode"": ""softmax"", ""groupdro_objective"": ""weighted"", ""groupdro_kl_lambda"": 0.0, ""groupdro_uniform_init"": false, ""log_interval"": 20, ""save_every"": 10, ""use_regret"": false}","{""num_groups"": 3, ""num_classes"": 2, ""train_total"": 13604, ""test_total"": 3401, ""train_group_counts"": [2133, 2118, 9353], ""test_group_counts"": [533, 530, 2338], ""train_class_counts"": [12174, 1430], ""test_class_counts"": [3043, 358], ""train_group_class_counts"": [[1876, 257], [1908, 210], [8390, 963]], ""test_group_class_counts"": [[469, 64], [477, 53], [2097, 241]], ""group_proportions"": [0.15679211996471626, 0.15568950308732726, 0.6875183769479565], ""group_names"": [""survey_only"", ""exam"", ""vitals_labs""], ""group_feature_counts"": {""0"": 10, ""1"": 13, ""2"": 20}, ""max_features"": 20, ""feature_mode"": ""nested"", ""val_total"": 0}","{""num_groups"": 3, ""eta"": 1.0, ""update_mode"": ""softmax"", ""robust_objective"": ""weighted"", ""gamma"": 0.9, ""kl_lambda"": 0.0, ""initial_pi"": [0.15679211914539337, 0.15568950772285461, 0.6875183582305908]}",2026-09-15T18:57:21.679158,27,0.3247251280836683,0.7257057949657072,0.001,0.7080270508673919,0.7093425585173797,0.6210131332082551,0.8,0.628930817610063,"[0.7036913646055437, 0.628930817610063, 0.7430225356516027]","[0.6210131332082551, 0.8, 0.7070145423438836]","[0.5915046128711714, 0.42680030756780224, 0.4808416760131424]","[0.7045678606638186, 0.7374301675977654]","[[0.5948827292110874, 0.8125], [0.8427672955974843, 0.41509433962264153], [0.6976633285646161, 0.7883817427385892]]","[533, 530, 2338]",0.7833607491871628,"[0.8125, 0.41509433962264153, 0.7883817427385892]","[0.5948827292110874, 0.8427672955974843, 0.6976633285646161]","[0.5370399036807706, 0.5884249084249085, 0.5835546835893975]","[0.33986928104575165, 0.2933333333333334, 0.35680751173708924]","[0.765741604477612, 0.7315375182943713, 0.8132463487653772]",0.5696731652316922,0.5370399036807706,"[0.0, 0.0, 1.0]","[0.5079511737539655, 0.4533730877297265, 0.4458813594197327]","[0.3441863262428428, 0.3255412260878761, 0.3302724471069732]","[0.15679211914539337, 0.15568950772285461, 0.6875183582305908]"
"{""run_name"": ""nhanes_pergroup_gdro"", ""seed"": 11, ""run_dir"": ""runs/eta/nhanes_cur_GroupDRO_s11"", ""use_nhanes"": true, ""num_classes"": 2, ""stratified_batching"": true, ""train_frac"": 0.8, ""use_post_pandemic"": true, ""data_split_seed"": 100, ""batch_size"": 128, ""num_workers"": 0, ""epochs"": 100, ""early_stopping_patience"": 25, ""lr"": 0.001, ""weight_decay"": 0.0001, ""optimizer"": ""adam"", ""grad_clip"": 1.0, ""lr_scheduler"": ""cosine"", ""lr_min"": 1e-05, ""latent_dim"": 64, ""head_hidden"": 32, ""common_encoder"": false, ""groups"": [{""name"": ""survey_only"", ""encoder"": ""mlp_tabular_ln"", ""input_dim"": 10, ""hidden_dim"": 64, ""dropout"": 0.1}, {""name"": ""exam"", ""encoder"": ""mlp_tabular_ln"", ""input_dim"": 13, ""hidden_dim"": 64, ""dropout"": 0.1}, {""name"": ""vitals_labs"", ""encoder"": ""mlp_tabular_ln"", ""input_dim"": 20, ""hidden_dim"": 64, ""dropout"": 0.1}], ""anchor_eps"": 0.0001, ""sep_samples_per_class"": 4, ""sep_method"": ""classifier"", ""sep_margin"": 1.0, ""lambda_fit"": 0.001, ""lambda_sep"": 0.001, ""groupdro_enabled"": true, ""groupdro_eta"": 1.0, ""groupdro_gamma"": 0.9, ""groupdro_update_mode"": ""softmax"", ""groupdro_objective"": ""weighted"", ""groupdro_kl_lambda"": 0.0, ""groupdro_uniform_init"": false, ""log_interval"": 20, ""save_every"": 10, ""use_regret"": false}","{""num_groups"": 3, ""num_classes"": 2, ""train_total"": 13604, ""test_total"": 3401, ""train_group_counts"": [2133, 2118, 9353], ""test_group_counts"": [533, 530, 2338], ""train_class_counts"": [12174, 1430], ""test_class_counts"": [3043, 358], ""train_group_class_counts"": [[1876, 257], [1908, 210], [8390, 963]], ""test_group_class_counts"": [[469, 64], [477, 53], [2097, 241]], ""group_proportions"": [0.15679211996471626, 0.15568950308732726, 0.6875183769479565], ""group_names"": [""survey_only"", ""exam"", ""vitals_labs""], ""group_feature_counts"": {""0"": 10, ""1"": 13, ""2"": 20}, ""max_features"": 20, ""feature_mode"": ""nested"", ""val_total"": 0}","{""num_groups"": 3, ""eta"": 1.0, ""update_mode"": ""softmax"", ""robust_objective"": ""weighted"", ""gamma"": 0.9, ""kl_lambda"": 0.0, ""initial_pi"": [0.15679211914539337, 0.15568950772285461, 0.6875183582305908]}",2026-09-15T18:57:21.679158,28,0.3069566159333375,0.7268945022642523,0.001,0.7244927962364011,0.7187077880467907,0.6622889305816135,0.7641509433962265,0.6174004192872118,"[0.6799207089552239, 0.6174004192872118, 0.7391333598481926]","[0.6622889305816135, 0.7641509433962265, 0.7296834901625321]","[0.5312729751726496, 0.4590832941507561, 0.46136342724869356]","[0.7279000985869208, 0.6955307262569832]","[[0.6567164179104478, 0.703125], [0.80083857442348, 0.4339622641509434], [0.7272293752980449, 0.7510373443983402]]","[533, 530, 2338]",0.7863706794786827,"[0.703125, 0.4339622641509434, 0.7510373443983402]","[0.6567164179104478, 0.80083857442348, 0.7272293752980449]","[0.5536013400335008, 0.5641992119406127, 0.5962696330071685]","[0.3333333333333333, 0.2690058479532164, 0.3641851106639839]","[0.7605443763326226, 0.7206993394248644, 0.8168120037120802]",0.571356728327094,0.5536013400335008,"[1.0, 0.0, 0.0]","[0.49143103285218187, 0.43523950988338106, 0.4431889585086278]","[0.35159205054899434, 0.3234454713902383, 0.32496247384345756]","[0.15679211914539337, 0.15568950772285461, 0.6875183582305908]"
