method,seed,group,n,n_params,accuracy,macro_f1,loss,R_star,excess_loss,auroc,chosen_step,epoch
AnchorsOnly,7,g0,533,30818,0.6754221320152283,0.5740707380051643,0.5360390543937683,0.2790879905223846,0.2569510638713837,0.7899120469083154,0.0,2
AnchorsOnly,7,g1,530,30818,0.7339622378349304,0.5798357125588247,0.4908775389194488,0.2423949986696243,0.2484825402498245,0.7714884696016772,0.0,2
AnchorsOnly,7,g2,2338,30818,0.6762189865112305,0.5673032517055532,0.5351808667182922,0.252005010843277,0.28317585587501526,0.8158839836399362,0.0,2
AnchorsOnly,11,g0,533,30818,0.6791744828224182,0.5727665199476875,0.5622939467430115,0.2790879905223846,0.2832059562206269,0.7762859808102346,0.0,20
AnchorsOnly,11,g1,530,30818,0.7471697926521301,0.5963029490007048,0.4827973842620849,0.2423949986696243,0.2404023855924606,0.7720422451643527,0.0,20
AnchorsOnly,11,g2,2338,30818,0.6685200929641724,0.5590309998566568,0.572337806224823,0.252005010843277,0.320332795381546,0.8153200482016396,0.0,20
AnchorsOnly,22,g0,533,30818,0.6716697812080383,0.5670588781359511,0.5313219428062439,0.2790879905223846,0.2522339522838593,0.7728877931769723,0.0,12
AnchorsOnly,22,g1,530,30818,0.7566037774085999,0.6127903223066076,0.4328792095184326,0.2423949986696243,0.19048421084880832,0.7978719196234327,0.0,12
AnchorsOnly,22,g2,2338,30818,0.6822069883346558,0.5682898164764381,0.5413921475410461,0.252005010843277,0.28938713669776917,0.8179418533095095,0.0,12
AnchorsOnly,33,g0,533,30818,0.6735459566116333,0.5641823308270677,0.5449000000953674,0.2790879905223846,0.26581200957298284,0.7754530916844349,0.0,9
AnchorsOnly,33,g1,530,30818,0.801886796951294,0.6439334318674781,0.3910282850265503,0.2423949986696243,0.148633286356926,0.7897630631699695,0.0,9
AnchorsOnly,33,g2,2338,30818,0.7519246935844421,0.6062784539626498,0.4333267211914062,0.252005010843277,0.18132171034812922,0.8148946232218719,0.0,9
AnchorsOnly,42,g0,533,30818,0.6697936058044434,0.5677210056772101,0.5435279607772827,0.2790879905223846,0.2644399702548981,0.7755197228144989,0.0,15
AnchorsOnly,42,g1,530,30818,0.7509434223175049,0.5993677844969764,0.4420391321182251,0.2423949986696243,0.1996441334486008,0.7812982081405009,0.0,15
AnchorsOnly,42,g2,2338,30818,0.7044482231140137,0.574804260384681,0.5011817216873169,0.252005010843277,0.24917671084403992,0.8116693082589828,0.0,15
AnchorsOnly,44,g0,533,30818,0.692307710647583,0.5828784119106699,0.5213561058044434,0.2790879905223846,0.24226811528205877,0.7625599680170576,0.0,9
AnchorsOnly,44,g1,530,30818,0.7377358675003052,0.5916546108607568,0.4605436325073242,0.2423949986696243,0.21814863383769992,0.7843439737352162,0.0,9
AnchorsOnly,44,g2,2338,30818,0.7698888182640076,0.6110812909992184,0.4037759006023407,0.252005010843277,0.15177088975906372,0.8116099466338991,0.0,9
AnchorsOnly,55,g0,533,30818,0.6604127287864685,0.5585830439298477,0.5215741395950317,0.2790879905223846,0.24248614907264715,0.7892457356076759,0.0,5
AnchorsOnly,55,g1,530,30818,0.7566037774085999,0.6040171667853977,0.4112772047519684,0.2423949986696243,0.16888220608234408,0.803291009058186,0.0,5
AnchorsOnly,55,g2,2338,30818,0.6612489223480225,0.5511344684482022,0.5313760638237,0.252005010843277,0.279371052980423,0.8053472951875531,0.0,5
AnchorsOnly,1337,g0,533,30818,0.6360225081443787,0.5444203588171019,0.5653026700019836,0.2790879905223846,0.28621467947959905,0.7728211620469083,0.0,10
AnchorsOnly,1337,g1,530,30818,0.7396226525306702,0.6042207792207792,0.4697551131248474,0.2423949986696243,0.2273601144552231,0.7979905858154346,0.0,10
AnchorsOnly,1337,g2,2338,30818,0.6839178800582886,0.5706139628211141,0.5414767265319824,0.252005010843277,0.28947171568870544,0.8144137940586929,0.0,10
AnchorsOnly,2024,g0,533,30818,0.6454033851623535,0.558931315758364,0.5640571713447571,0.2790879905223846,0.2849691808223725,0.7862140191897654,0.0,8
AnchorsOnly,2024,g1,530,30818,0.7245283126831055,0.5946568884232583,0.4727001786231994,0.2423949986696243,0.2303051799535751,0.8019856809461651,0.0,8
AnchorsOnly,2024,g2,2338,30818,0.6852010488510132,0.572101535768282,0.5283737182617188,0.252005010843277,0.2763687074184418,0.819461510911656,0.0,8
AnchorsOnly,31337,g0,533,30818,0.6716697812080383,0.5751982256470514,0.5193350315093994,0.2790879905223846,0.24024704098701483,0.7712886460554372,0.0,3
AnchorsOnly,31337,g1,530,30818,0.8264151215553284,0.6070403919925212,0.349243551492691,0.2423949986696243,0.10684855282306668,0.7889719552232902,0.0,3
AnchorsOnly,31337,g2,2338,30818,0.6672369837760925,0.5585728832677611,0.5435858964920044,0.252005010843277,0.2915808856487274,0.8144909641713017,0.0,3
ERM,7,g0,533,11426,0.6716697812080383,0.5751982256470514,0.5030525326728821,0.2790879905223846,0.2239645421504975,0.7936433901918977,0.0,11
ERM,7,g1,530,11426,0.7245283126831055,0.5946568884232583,0.4366450905799866,0.2423949986696243,0.19425009191036227,0.8080969898342628,0.0,11
ERM,7,g2,2338,11426,0.6625320911407471,0.552079329377516,0.4983177483081817,0.252005010843277,0.24631273746490473,0.7985464316737801,0.0,11
ERM,11,g0,533,11426,0.6641650795936584,0.5694416239073239,0.5000261068344116,0.2790879905223846,0.22093811631202703,0.7915111940298507,0.0,3
ERM,11,g1,530,11426,0.7094339728355408,0.5827966222985544,0.4410109519958496,0.2423949986696243,0.1986159533262253,0.8098374273169574,0.0,3
ERM,11,g2,2338,11426,0.6663815379142761,0.5559341250175323,0.4981642365455627,0.252005010843277,0.2461592257022857,0.7999374724215783,0.0,3
ERM,22,g0,533,11426,0.6697936058044434,0.5717781105065186,0.5020471215248108,0.2790879905223846,0.2229591310024262,0.7849480277185501,0.0,11
ERM,22,g1,530,11426,0.7339622378349304,0.6022355289421157,0.4317186176776886,0.2423949986696243,0.1893236190080643,0.7992761362287885,0.0,11
ERM,22,g2,2338,11426,0.6796407103538513,0.5632353509694106,0.4934700131416321,0.252005010843277,0.2414650022983551,0.7999908978841538,0.0,11
ERM,33,g0,533,11426,0.6585366129875183,0.5651515151515151,0.5176326036453247,0.2790879905223846,0.23854461312294012,0.7938432835820896,0.0,11
ERM,33,g1,530,11426,0.7207547426223755,0.5916625020822922,0.4484200179576874,0.2423949986696243,0.20602501928806308,0.8147818519837031,0.0,11
ERM,33,g2,2338,11426,0.6663815379142761,0.5544120449780827,0.5124989748001099,0.252005010843277,0.2604939639568329,0.8008239393561638,0.0,11
ERM,42,g0,533,11426,0.6491557359695435,0.5635987092424024,0.5086486339569092,0.2790879905223846,0.2295606434345246,0.7858808635394455,0.0,6
ERM,42,g1,530,11426,0.698113203048706,0.5740919318547091,0.4405716359615326,0.2423949986696243,0.1981766372919083,0.8130809698983427,0.0,6
ERM,42,g2,2338,11426,0.6347305178642273,0.5356454792313395,0.5071372389793396,0.252005010843277,0.2551322281360626,0.7952518614816265,0.0,6
ERM,44,g0,533,11426,0.6716697812080383,0.5732156502084162,0.5107046961784363,0.2790879905223846,0.2316167056560517,0.7858142324093818,0.0,10
ERM,44,g1,530,11426,0.7301886677742004,0.5965934797072521,0.4357057511806488,0.2423949986696243,0.1933107525110245,0.8076223250662553,0.0,10
ERM,44,g2,2338,11426,0.6839178800582886,0.5643096323676077,0.5014539957046509,0.252005010843277,0.2494489848613739,0.7999018554465281,0.0,10
ERM,55,g0,533,11426,0.6604127287864685,0.5665790596850641,0.5052916407585144,0.2790879905223846,0.22620365023612982,0.786980277185501,0.0,5
ERM,55,g1,530,11426,0.7150943279266357,0.5896970535911121,0.441113531589508,0.2423949986696243,0.1987185329198837,0.8099165381116253,0.0,5
ERM,55,g2,2338,11426,0.6646706461906433,0.5546666666666666,0.5033769011497498,0.252005010843277,0.2513718903064728,0.8025592775294483,0.0,5
ERM,1337,g0,533,11426,0.6735459566116333,0.5726332669763327,0.511914849281311,0.2790879905223846,0.23282685875892645,0.7846815031982942,0.0,5
ERM,1337,g1,530,11426,0.7339622378349304,0.5942534165132833,0.4411560297012329,0.2423949986696243,0.1987610310316086,0.7993948024207903,0.0,5
ERM,1337,g2,2338,11426,0.684773325920105,0.563868127707148,0.5022029280662537,0.252005010843277,0.2501979172229767,0.7983347085443145,0.0,5
ERM,2024,g0,533,11426,0.6754221320152283,0.5740707380051643,0.5058474540710449,0.2790879905223846,0.22675946354866033,0.7830157249466951,0.0,16
ERM,2024,g1,530,11426,0.7377358675003052,0.6000086872010382,0.4344877004623413,0.2423949986696243,0.192092701792717,0.8047347810608758,0.0,16
ERM,2024,g2,2338,11426,0.6890504956245422,0.5692485089160926,0.4938226640224457,0.252005010843277,0.2418176531791687,0.8004143441430852,0.0,16
ERM,31337,g0,533,11426,0.6829268336296082,0.5839188134270101,0.5221596956253052,0.2790879905223846,0.2430717051029206,0.7800506396588486,0.0,8
ERM,31337,g1,530,11426,0.7377358675003052,0.6000086872010382,0.4471037983894348,0.2423949986696243,0.2047087997198105,0.8051303350342154,0.0,8
ERM,31337,g2,2338,11426,0.682634711265564,0.5644192913385826,0.5153191685676575,0.252005010843277,0.2633141577243805,0.7978103475227405,0.0,8
FlexMoE,7,g0,533,536354,0.6397748589515686,0.5546736292428198,0.516929030418396,0.2790879905223846,0.2378410398960114,0.7673240938166311,0.0,6
FlexMoE,7,g1,530,536354,0.7528302073478699,0.6038796177435458,0.449581503868103,0.2423949986696243,0.20718650519847873,0.7930857165460228,0.0,6
FlexMoE,7,g2,2338,536354,0.682634711265564,0.5665333381307619,0.5697005391120911,0.252005010843277,0.3176955282688141,0.804575594061463,0.0,6
FlexMoE,11,g0,533,536354,0.6529080867767334,0.5608831768001319,0.5527830123901367,0.2790879905223846,0.27369502186775213,0.7740538379530917,0.0,11
FlexMoE,11,g1,530,536354,0.7207547426223755,0.5916625020822922,0.4627308845520019,0.2423949986696243,0.2203358858823776,0.7815750959218386,0.0,11
FlexMoE,11,g2,2338,536354,0.7301111817359924,0.6007024147944492,0.4795147478580475,0.252005010843277,0.2275097370147705,0.8168970887080338,0.0,11
FlexMoE,22,g0,533,536354,0.6435272097587585,0.5538137534806669,0.5446006059646606,0.2790879905223846,0.26551261544227606,0.775219882729211,0.0,14
FlexMoE,22,g1,530,536354,0.7132075428962708,0.5806263534899216,0.4637494385242462,0.2423949986696243,0.22135443985462191,0.7867172975752542,0.0,14
FlexMoE,22,g2,2338,536354,0.701454222202301,0.5792539867025692,0.5086926817893982,0.252005010843277,0.2566876709461212,0.8162856639696701,0.0,14
FlexMoE,33,g0,533,536354,0.6622889041900635,0.56993006993007,0.533105731010437,0.2790879905223846,0.2540177404880524,0.7808502132196162,0.0,7
FlexMoE,33,g1,530,536354,0.6962264180183411,0.5774466546828497,0.4931104481220245,0.2423949986696243,0.2507154494524002,0.7899608401566394,0.0,7
FlexMoE,33,g2,2338,536354,0.7142857313156128,0.5875528306451017,0.4838895499706268,0.252005010843277,0.2318845391273498,0.8075911646157226,0.0,7
FlexMoE,42,g0,533,536354,0.6266416311264038,0.5465536331884077,0.5621199607849121,0.2790879905223846,0.2830319702625275,0.7710887526652452,0.0,13
FlexMoE,42,g1,530,536354,0.7339622378349304,0.5886610705930921,0.441467821598053,0.2423949986696243,0.19907282292842868,0.778687551916459,0.0,13
FlexMoE,42,g2,2338,536354,0.6856287717819214,0.5693178403411112,0.5403440594673157,0.252005010843277,0.2883390486240387,0.8129040300607271,0.0,13
FlexMoE,44,g0,533,536354,0.6360225081443787,0.5481945609619687,0.5428085923194885,0.2790879905223846,0.26372060179710394,0.7813832622601279,0.0,6
FlexMoE,44,g1,530,536354,0.8075471520423889,0.6392536835361947,0.3954794704914093,0.2423949986696243,0.153084471821785,0.8006407974368103,0.0,6
FlexMoE,44,g2,2338,536354,0.6980324983596802,0.5771679700308217,0.4979572296142578,0.252005010843277,0.24595221877098083,0.8091899710513142,0.0,6
FlexMoE,55,g0,533,536354,0.6285178065299988,0.5479645684131171,0.5718234181404114,0.2790879905223846,0.2927354276180268,0.7740871535181237,0.0,7
FlexMoE,55,g1,530,536354,0.7301886677742004,0.601732011203422,0.4741869866847992,0.2423949986696243,0.2317919880151749,0.795023931015387,0.0,7
FlexMoE,55,g2,2338,536354,0.7181351780891418,0.5847749391678316,0.4873351156711578,0.252005010843277,0.2353301048278808,0.8070450376649511,0.0,7
FlexMoE,1337,g0,533,536354,0.6247654557228088,0.5398190357784225,0.5645909309387207,0.2790879905223846,0.2855029404163361,0.7679904051172708,0.0,14
FlexMoE,1337,g1,530,536354,0.7377358675003052,0.5972798486861165,0.4774259328842163,0.2423949986696243,0.235030934214592,0.7778568885724458,0.0,14
FlexMoE,1337,g2,2338,536354,0.7023096680641174,0.5793646608494971,0.5088365077972412,0.252005010843277,0.25683149695396423,0.8105711181949319,0.0,14
FlexMoE,2024,g0,533,536354,0.6454033851623535,0.5607391871209115,0.520942747592926,0.2790879905223846,0.24185475707054144,0.7658915245202559,0.0,7
FlexMoE,2024,g1,530,536354,0.7377358675003052,0.6000086872010382,0.4436699450016022,0.2423949986696243,0.20127494633197787,0.7959732605514023,0.0,7
FlexMoE,2024,g2,2338,536354,0.7177074551582336,0.5930490151400071,0.4984047710895538,0.252005010843277,0.2463997602462768,0.8145028364963186,0.0,7
FlexMoE,31337,g0,533,536354,0.6472795605659485,0.5566351633570493,0.5359740853309631,0.2790879905223846,0.25688609480857855,0.7842817164179104,0.0,9
FlexMoE,31337,g1,530,536354,0.6943396329879761,0.5736334021929127,0.5070785880088806,0.2423949986696243,0.2646835893392563,0.7916617222419999,0.0,9
FlexMoE,31337,g2,2338,536354,0.6680923700332642,0.5602024589846022,0.5658177137374878,0.252005010843277,0.3138127028942108,0.8126467963520303,0.0,9
GroupDRO,7,g0,533,30818,0.6979362368583679,0.595727039314065,0.4542846381664276,0.2790879905223846,0.17519664764404302,0.7949426972281449,10.0,3
GroupDRO,7,g1,530,30818,0.7641509175300598,0.6008531199730087,0.3950082957744598,0.2423949986696243,0.15261329710483548,0.7801511016178158,10.0,3
GroupDRO,7,g2,2338,30818,0.6993156671524048,0.5813688835639275,0.4963813722133636,0.252005010843277,0.24437636137008661,0.8206546795758415,10.0,3
GroupDRO,11,g0,533,30818,0.7879924774169922,0.6206596839513016,0.4042941629886627,0.2790879905223846,0.12520617246627813,0.7705890191897655,10.0,1
GroupDRO,11,g1,530,30818,0.798113226890564,0.6304357742862543,0.3786934018135071,0.2423949986696243,0.13629840314388278,0.8110438669356433,10.0,1
GroupDRO,11,g2,2338,30818,0.7040205597877502,0.5839502477429521,0.4982183277606964,0.252005010843277,0.24621331691741943,0.8168891738246892,10.0,1
GroupDRO,22,g0,533,30818,0.7185741066932678,0.5967009685230025,0.467262864112854,0.2790879905223846,0.18817487359046942,0.7685900852878464,10.0,11
GroupDRO,22,g1,530,30818,0.7830188870429993,0.6234749034749035,0.4088185727596283,0.2423949986696243,0.166423574090004,0.8028954550848464,10.0,11
GroupDRO,22,g2,2338,30818,0.6881950497627258,0.5717887396448946,0.5002650618553162,0.252005010843277,0.24826005101203918,0.8182267891099121,10.0,11
GroupDRO,33,g0,533,30818,0.696060061454773,0.5813486676234436,0.515267014503479,0.2790879905223846,0.23617902398109442,0.7646921641791046,10.0,17
GroupDRO,33,g1,530,30818,0.7471697926521301,0.5932975994135972,0.4342937767505646,0.2423949986696243,0.19189877808094027,0.765871603180254,10.0,17
GroupDRO,33,g2,2338,30818,0.6877673268318176,0.568279411050493,0.5026661157608032,0.252005010843277,0.25066110491752625,0.8142653899959832,10.0,17
GroupDRO,42,g0,533,30818,0.6660412549972534,0.5628087443780875,0.5112504959106445,0.2790879905223846,0.23216250538825994,0.7730210554371002,10.0,14
GroupDRO,42,g1,530,30818,0.7415094375610352,0.5975300840857819,0.4150145947933197,0.2423949986696243,0.1726195961236954,0.778727107313793,10.0,14
GroupDRO,42,g2,2338,30818,0.7352437973022461,0.5927396649270942,0.4555010795593261,0.252005010843277,0.20349606871604914,0.8080106534329817,10.0,14
GroupDRO,44,g0,533,30818,0.7166979312896729,0.5952068401860933,0.4629300236701965,0.2790879905223846,0.1838420331478119,0.7744869402985074,10.0,9
GroupDRO,44,g1,530,30818,0.7660377621650696,0.623648524830493,0.3943417966365814,0.2423949986696243,0.15194679796695712,0.8160278469997231,10.0,9
GroupDRO,44,g2,2338,30818,0.7241231799125671,0.590661720257143,0.4406890869140625,0.252005010843277,0.18868407607078552,0.8124528817100897,10.0,9
GroupDRO,55,g0,533,30818,0.7242026329040527,0.6012123803270678,0.4601674377918243,0.2790879905223846,0.1810794472694397,0.7854810767590618,10.0,2
GroupDRO,55,g1,530,30818,0.7641509175300598,0.6103193322784997,0.4165077805519104,0.2423949986696243,0.1741127818822861,0.7893675091966299,10.0,2
GroupDRO,55,g2,2338,30818,0.7023096680641174,0.5777049752111413,0.5005640387535095,0.252005010843277,0.24855902791023254,0.8116376487256048,10.0,2
GroupDRO,1337,g0,533,30818,0.6791744828224182,0.5727665199476875,0.4836449921131134,0.2790879905223846,0.20455700159072882,0.7759195095948828,10.0,4
GroupDRO,1337,g1,530,30818,0.7679245471954346,0.6165542229620437,0.3980330526828766,0.2423949986696243,0.15563805401325229,0.7950239310153872,10.0,4
GroupDRO,1337,g2,2338,30818,0.7087253928184509,0.5837751089265815,0.4654690325260162,0.252005010843277,0.2134640216827392,0.8133927741072504,10.0,4
GroupDRO,2024,g0,533,30818,0.6885553598403931,0.5755718013661832,0.5077009201049805,0.2790879905223846,0.22861292958259588,0.7731543176972282,10.0,16
GroupDRO,2024,g1,530,30818,0.7566037774085999,0.6127903223066076,0.4292843043804168,0.2423949986696243,0.1868893057107925,0.7912661682686603,10.0,16
GroupDRO,2024,g2,2338,30818,0.6967493295669556,0.5750990133144744,0.4908425211906433,0.252005010843277,0.23883751034736633,0.8142673687168195,10.0,16
GroupDRO,31337,g0,533,30818,0.7467166781425476,0.6172382426631345,0.4591699242591858,0.2790879905223846,0.1800819337368012,0.7712220149253731,10.0,9
GroupDRO,31337,g1,530,30818,0.7339622378349304,0.5942534165132833,0.4273110330104828,0.2423949986696243,0.1849160343408585,0.7894861753886319,10.0,9
GroupDRO,31337,g2,2338,30818,0.6954662203788757,0.5719256884291647,0.4804149270057678,0.252005010843277,0.22840991616249084,0.8201580206459731,10.0,9
Independent,7,g0,533,35110,0.6191369891166687,0.5374391333529989,0.5354325771331787,0.2790879905223846,0.2563445866107941,0.7789512260127933,0.0,12
Independent,7,g1,530,35110,0.7169811129570007,0.5698051948051948,0.4881684482097626,0.2423949986696243,0.24577344954013827,0.7590680748388118,0.0,12
Independent,7,g2,2338,35110,0.7177074551582336,0.5885278005324596,0.4678881466388702,0.252005010843277,0.2158831357955932,0.8172631520627176,0.0,12
Independent,11,g0,533,35110,0.6791744828224182,0.5789947757160872,0.5048978328704834,0.2790879905223846,0.2258098423480988,0.7789179104477613,0.0,7
Independent,11,g1,530,35110,0.7113207578659058,0.576551313583883,0.4584182202816009,0.2423949986696243,0.2160232216119766,0.77061825086033,0.0,7
Independent,11,g2,2338,35110,0.6766467094421387,0.5666293986112746,0.5270748734474182,0.252005010843277,0.27506986260414124,0.8153338992474924,0.0,7
Independent,22,g0,533,35110,0.6266416311264038,0.541210870759422,0.5470386743545532,0.2790879905223846,0.26795068383216863,0.783382196162047,0.0,10
Independent,22,g1,530,35110,0.7132075428962708,0.5806263534899216,0.4728095531463623,0.2423949986696243,0.230414554476738,0.7771844468177683,0.0,10
Independent,22,g2,2338,35110,0.6946107745170593,0.5718278212961111,0.4759264588356018,0.252005010843277,0.22392144799232483,0.8167348335994713,0.0,10
Independent,33,g0,533,35110,0.6116322875022888,0.531878874279241,0.571325957775116,0.2790879905223846,0.2922379672527314,0.7725213219616204,0.0,9
Independent,33,g1,530,35110,0.7415094375610352,0.6003302600798128,0.412822425365448,0.2423949986696243,0.1704274266958237,0.7819310944978441,0.0,9
Independent,33,g2,2338,35110,0.686484158039093,0.5715318285791291,0.5217706561088562,0.252005010843277,0.2697656452655792,0.8192398941780097,0.0,9
Independent,42,g0,533,35110,0.6566604375839233,0.5557787159623451,0.5416402220726013,0.2790879905223846,0.26255223155021673,0.7691897654584222,0.0,14
Independent,42,g1,530,35110,0.7132075428962708,0.5806263534899216,0.4780645072460174,0.2423949986696243,0.2356695085763931,0.7667813773189353,0.0,14
Independent,42,g2,2338,35110,0.7023096680641174,0.5760241871691695,0.5108449459075928,0.252005010843277,0.2588399350643158,0.8143682834794619,0.0,14
Independent,44,g0,533,35110,0.6060037612915039,0.5242042440318302,0.5973908305168152,0.2790879905223846,0.3183028399944306,0.7660581023454158,0.0,14
Independent,44,g1,530,35110,0.7679245471954346,0.610412894203704,0.4068265259265899,0.2423949986696243,0.1644315272569656,0.7949843756180531,0.0,14
Independent,44,g2,2338,35110,0.714713454246521,0.5832893093105129,0.4806277751922607,0.252005010843277,0.2286227643489837,0.8133037316696248,0.0,14
Independent,55,g0,533,35110,0.6228892803192139,0.5402273692884089,0.5613624453544617,0.2790879905223846,0.2822744548320771,0.7719216417910448,0.0,13
Independent,55,g1,530,35110,0.7547169923782349,0.5865735407066052,0.4322901964187622,0.2423949986696243,0.1898951977491379,0.762311617420197,0.0,13
Independent,55,g2,2338,35110,0.6920444965362549,0.5709741874974514,0.5161659121513367,0.252005010843277,0.2641609013080597,0.8116158827964075,0.0,13
Independent,1337,g0,533,35110,0.6322701573371887,0.5397236614853195,0.5537358522415161,0.2790879905223846,0.2746478617191315,0.759661513859275,0.0,12
Independent,1337,g1,530,35110,0.7660377621650696,0.617906976744186,0.4185045063495636,0.2423949986696243,0.1761095076799393,0.7757208971164116,0.0,12
Independent,1337,g2,2338,35110,0.7100085616111755,0.5842136076347795,0.4867746233940124,0.252005010843277,0.23476961255073542,0.8124350732225646,0.0,12
Independent,2024,g0,533,35110,0.6322701573371887,0.5453959965187118,0.5504573583602905,0.2790879905223846,0.27136936783790594,0.767723880597015,0.0,15
Independent,2024,g1,530,35110,0.7132075428962708,0.5857330919861774,0.486626923084259,0.2423949986696243,0.24423192441463468,0.7757604525137456,0.0,15
Independent,2024,g2,2338,35110,0.703592836856842,0.5814511472911271,0.4708546996116638,0.252005010843277,0.21884968876838684,0.8172849179919149,0.0,15
Independent,31337,g0,533,35110,0.6529080867767334,0.5646366931727368,0.5529487133026123,0.2790879905223846,0.2738607227802277,0.7869136460554371,0.0,4
Independent,31337,g1,530,35110,0.7905660271644592,0.6166202892128432,0.3659453988075256,0.2423949986696243,0.12355040013790128,0.7924132747913454,0.0,4
Independent,31337,g2,2338,35110,0.6873396039009094,0.5706139488071578,0.5104237794876099,0.252005010843277,0.2584187686443329,0.81754808786312,0.0,4
Ours_GDRO,7,g0,533,30818,0.7523452043533325,0.6113958729176793,0.4615736305713653,0.2790879905223846,0.1824856400489807,0.7745202558635395,2.0,19
Ours_GDRO,7,g1,530,30818,0.7547169923782349,0.593135865457294,0.4274215400218963,0.2423949986696243,0.185026541352272,0.7829595348285274,2.0,19
Ours_GDRO,7,g2,2338,30818,0.697604775428772,0.5752061243533196,0.5172917246818542,0.252005010843277,0.26528671383857727,0.8128723705273488,2.0,19
Ours_GDRO,11,g0,533,30818,0.6998124122619629,0.5842595842595844,0.5062481760978699,0.2790879905223846,0.22716018557548529,0.7755530383795309,2.0,15
Ours_GDRO,11,g1,530,30818,0.7547169923782349,0.6024602460246025,0.4171665906906128,0.2423949986696243,0.1747715920209885,0.7842648629405482,2.0,15
Ours_GDRO,11,g2,2338,30818,0.716424286365509,0.5914779563013339,0.4785735309123993,0.252005010843277,0.22656852006912231,0.8225186346034743,2.0,15
Ours_GDRO,22,g0,533,30818,0.7410881519317627,0.6150295189046603,0.4304282069206238,0.2790879905223846,0.1513402163982392,0.7838819296375267,2.0,5
Ours_GDRO,22,g1,530,30818,0.7377358675003052,0.6026836516214628,0.4425295889377594,0.2423949986696243,0.2001345902681351,0.7982674735967723,2.0,5
Ours_GDRO,22,g2,2338,30818,0.7070145606994629,0.5818899473501874,0.4687744379043579,0.252005010843277,0.21676942706108093,0.817995278772085,2.0,5
Ours_GDRO,33,g0,533,30818,0.7148217558860779,0.6028627450980393,0.4845729470252991,0.2790879905223846,0.20548495650291448,0.7879131130063964,2.0,4
Ours_GDRO,33,g1,530,30818,0.7849056720733643,0.6116567256273139,0.384201318025589,0.2423949986696243,0.1418063193559647,0.7855701910525692,2.0,4
Ours_GDRO,33,g2,2338,30818,0.7236954569816589,0.5915046043862837,0.464237779378891,0.252005010843277,0.212232768535614,0.8116277551214243,2.0,4
Ours_GDRO,42,g0,533,30818,0.7129455804824829,0.5991358334193567,0.4692834317684173,0.2790879905223846,0.19019544124603271,0.7784181769722814,2.0,4
Ours_GDRO,42,g1,530,30818,0.7905660271644592,0.6130089002032642,0.381569504737854,0.2423949986696243,0.1391745060682297,0.7860053004232428,2.0,4
Ours_GDRO,42,g2,2338,30818,0.7065868377685547,0.5798739937363592,0.4850395023822784,0.252005010843277,0.2330344915390014,0.8113527129252023,2.0,4
Ours_GDRO,44,g0,533,30818,0.7242026329040527,0.5987863891235886,0.479196548461914,0.2790879905223846,0.20010855793952942,0.7686900319829425,2.0,11
Ours_GDRO,44,g1,530,30818,0.7943395972251892,0.6303689911767153,0.3790518045425415,0.2423949986696243,0.1366568058729172,0.7943119338633756,2.0,11
Ours_GDRO,44,g2,2338,30818,0.7027373909950256,0.5824162042794302,0.5054265856742859,0.252005010843277,0.2534215748310089,0.8133334124821667,2.0,11
Ours_GDRO,55,g0,533,30818,0.692307710647583,0.5806853941208074,0.4874765574932098,0.2790879905223846,0.2083885669708252,0.7865138592750532,2.0,7
Ours_GDRO,55,g1,530,30818,0.7735849022865295,0.6087694692551856,0.3799415826797485,0.2423949986696243,0.13754658401012418,0.8100154266049602,2.0,7
Ours_GDRO,55,g2,2338,30818,0.6993156671524048,0.5748562022069731,0.4889422357082367,0.252005010843277,0.23693722486495972,0.8115723509380126,2.0,7
Ours_GDRO,1337,g0,533,30818,0.705440878868103,0.586337638969218,0.5056565403938293,0.2790879905223846,0.22656854987144476,0.7708555437100214,2.0,10
Ours_GDRO,1337,g1,530,30818,0.7603773474693298,0.613096435612832,0.4226865470409393,0.2423949986696243,0.18029154837131497,0.7953799295913928,2.0,10
Ours_GDRO,1337,g2,2338,30818,0.6689478158950806,0.5573321513279947,0.5287094712257385,0.252005010843277,0.27670446038246155,0.8064474639724404,2.0,10
Ours_GDRO,2024,g0,533,30818,0.7260788083076477,0.6027261588727792,0.4627814292907715,0.2790879905223846,0.1836934387683869,0.7822827825159915,2.0,7
Ours_GDRO,2024,g1,530,30818,0.8245282769203186,0.6149790265507464,0.3402052521705627,0.2423949986696243,0.09781025350093839,0.7929670503540209,2.0,7
Ours_GDRO,2024,g2,2338,30818,0.6924722194671631,0.574519923774002,0.5065111517906189,0.252005010843277,0.2545061409473419,0.8190519156985776,2.0,7
Ours_GDRO,31337,g0,533,30818,0.7223264575004578,0.5997036495757723,0.493643194437027,0.2790879905223846,0.2145552039146424,0.7740205223880596,2.0,13
Ours_GDRO,31337,g1,530,30818,0.7415094375610352,0.5946722935820787,0.4245273470878601,0.2423949986696243,0.1821323484182358,0.7882995134686128,2.0,13
Ours_GDRO,31337,g2,2338,30818,0.7005987763404846,0.5785955588513987,0.5064098834991455,0.252005010843277,0.25440487265586853,0.8174630028671666,2.0,13
Ours_Regret,7,g0,533,30818,0.7260788083076477,0.5978148515670223,0.4556092023849487,0.2790879905223846,0.1765212118625641,0.7717550639658848,10.0,16
Ours_Regret,7,g1,530,30818,0.7603773474693298,0.607153070812833,0.423410028219223,0.2423949986696243,0.18101502954959872,0.7815750959218386,10.0,16
Ours_Regret,7,g2,2338,30818,0.7001711130142212,0.5766194145037231,0.5112125873565674,0.252005010843277,0.2592075765132904,0.8131592850485876,10.0,16
Ours_Regret,11,g0,533,30818,0.7823639512062073,0.6430254041570438,0.4114521741867065,0.2790879905223846,0.1323641836643219,0.7747201492537313,10.0,6
Ours_Regret,11,g1,530,30818,0.7509434223175049,0.6052275189599133,0.4147009551525116,0.2423949986696243,0.1723059564828873,0.8069301056129108,10.0,6
Ours_Regret,11,g2,2338,30818,0.6830624341964722,0.5724989099383273,0.511877715587616,0.252005010843277,0.259872704744339,0.8198374678705205,10.0,6
Ours_Regret,22,g0,533,30818,0.7636022567749023,0.6092375366568914,0.4345654845237732,0.2790879905223846,0.1554774940013886,0.7671908315565032,10.0,11
Ours_Regret,22,g1,530,30818,0.7679245471954346,0.6135171187194308,0.4016724228858948,0.2423949986696243,0.15927742421627047,0.7968830346900835,10.0,11
Ours_Regret,22,g2,2338,30818,0.6984602212905884,0.5774961980066353,0.5086577534675598,0.252005010843277,0.25665274262428284,0.8206012541132659,10.0,11
Ours_Regret,33,g0,533,30818,0.705440878868103,0.5839767332024162,0.4926251173019409,0.2790879905223846,0.21353712677955633,0.7763526119402985,10.0,9
Ours_Regret,33,g1,530,30818,0.8169811367988586,0.6411394746577876,0.3651018142700195,0.2423949986696243,0.12270681560039517,0.7890115106206241,10.0,9
Ours_Regret,33,g2,2338,30818,0.7412317991256714,0.5969014913752837,0.4323327541351318,0.252005010843277,0.1803277432918548,0.8049515510203274,10.0,9
Ours_Regret,42,g0,533,30818,0.7317073345184326,0.6048474479612205,0.4777363836765289,0.2790879905223846,0.1986483931541443,0.7717883795309168,10.0,15
Ours_Regret,42,g1,530,30818,0.7735849022865295,0.6183755760368664,0.409793496131897,0.2423949986696243,0.16739849746227267,0.7919386100233377,10.0,15
Ours_Regret,42,g2,2338,30818,0.7031651139259338,0.5789184666616839,0.4958257973194122,0.252005010843277,0.2438207864761352,0.8183791506142937,10.0,15
Ours_Regret,44,g0,533,30818,0.7560975551605225,0.6172838142371084,0.4426246583461761,0.2790879905223846,0.1635366678237915,0.7655916844349681,10.0,9
Ours_Regret,44,g1,530,30818,0.7679245471954346,0.6195262024407753,0.4067995250225067,0.2423949986696243,0.1644045263528824,0.8009176852181481,10.0,9
Ours_Regret,44,g2,2338,30818,0.6950384974479675,0.5710472583079337,0.4802824556827545,0.252005010843277,0.22827744483947754,0.8072805054444503,10.0,9
Ours_Regret,55,g0,533,30818,0.705440878868103,0.5886557244891438,0.5146359801292419,0.2790879905223846,0.23554798960685736,0.771288646055437,10.0,13
Ours_Regret,55,g1,530,30818,0.7641509175300598,0.6162957042494165,0.4110805988311767,0.2423949986696243,0.1686856001615524,0.8074443257782524,10.0,13
Ours_Regret,55,g2,2338,30818,0.6860564351081848,0.5675245484704395,0.5195090174674988,0.252005010843277,0.2675040066242218,0.814138751862471,10.0,13
Ours_Regret,1337,g0,533,30818,0.696060061454773,0.5813486676234436,0.5045337677001953,0.2790879905223846,0.22544577717781072,0.7721215351812367,10.0,10
Ours_Regret,1337,g1,530,30818,0.7603773474693298,0.607153070812833,0.4103370904922485,0.2423949986696243,0.16794209182262418,0.7970808116767534,10.0,10
Ours_Regret,1337,g2,2338,30818,0.6390076875686646,0.5382841419071641,0.5737926363945007,0.252005010843277,0.32178762555122375,0.8097835873021525,10.0,10
Ours_Regret,2024,g0,533,30818,0.7185741066932678,0.5967009685230025,0.4845941662788391,0.2790879905223846,0.20550617575645452,0.7802838486140725,10.0,8
Ours_Regret,2024,g1,530,30818,0.7679245471954346,0.6195262024407753,0.4220231175422668,0.2423949986696243,0.1796281188726425,0.8006012420394762,10.0,8
Ours_Regret,2024,g2,2338,30818,0.6783575415611267,0.5653866880243636,0.5217230319976807,0.252005010843277,0.2697180211544037,0.8202688290127963,10.0,8
Ours_Regret,31337,g0,533,30818,0.6848030090332031,0.5704582086115588,0.4750514328479767,0.2790879905223846,0.1959634423255921,0.7633928571428571,10.0,3
Ours_Regret,31337,g1,530,30818,0.852830171585083,0.604401913875598,0.3081845641136169,0.2423949986696243,0.06578956544399259,0.7868359637672561,10.0,3
Ours_Regret,31337,g2,2338,30818,0.7134302854537964,0.5857504019632733,0.4873283803462982,0.252005010843277,0.23532336950302124,0.8044232325570813,10.0,3
PerGroupOnly,7,g0,533,30818,0.6322701573371887,0.5397236614853195,0.5613411664962769,0.2790879905223846,0.28225317597389227,0.7739538912579957,0.0,15
PerGroupOnly,7,g1,530,30818,0.6943396329879761,0.5584786901431628,0.5031729340553284,0.2423949986696243,0.26077793538570404,0.7597405165934892,0.0,15
PerGroupOnly,7,g2,2338,30818,0.6706587076187134,0.5596198404684185,0.5425728559494019,0.252005010843277,0.2905678451061249,0.8152072611139802,0.0,15
PerGroupOnly,11,g0,533,30818,0.6491557359695435,0.5522115147022486,0.5410725474357605,0.2790879905223846,0.2619845569133759,0.7746535181236673,0.0,9
PerGroupOnly,11,g1,530,30818,0.7113207578659058,0.576551313583883,0.4965778887271881,0.2423949986696243,0.2541828900575638,0.7797159922471422,0.0,9
PerGroupOnly,11,g2,2338,30818,0.6890504956245422,0.5708537473663216,0.5119349360466003,0.252005010843277,0.25992992520332336,0.8145206449838438,0.0,9
PerGroupOnly,22,g0,533,30818,0.6716697812080383,0.5691467002942413,0.514689028263092,0.2790879905223846,0.23560103774070745,0.7653251599147122,0.0,14
PerGroupOnly,22,g1,530,30818,0.7264150977134705,0.5855333056482884,0.45916548371315,0.2423949986696243,0.21677048504352572,0.7691547011589732,0.0,14
PerGroupOnly,22,g2,2338,30818,0.6856287717819214,0.5698413592415282,0.498807817697525,0.252005010843277,0.24680280685424805,0.818765001177339,0.0,14
PerGroupOnly,33,g0,533,30818,0.6510319113731384,0.557546058269066,0.5441443920135498,0.2790879905223846,0.2650564014911652,0.7872801172707888,0.0,4
PerGroupOnly,33,g1,530,30818,0.7113207578659058,0.5738811028959689,0.4924724102020263,0.2423949986696243,0.25007741153240204,0.7621138404335271,0.0,4
PerGroupOnly,33,g2,2338,30818,0.7395209670066833,0.6017914660370693,0.4326491951942444,0.252005010843277,0.1806441843509674,0.8181318105097778,0.0,4
PerGroupOnly,42,g0,533,30818,0.6679174304008484,0.5683381147822267,0.5153126120567322,0.2790879905223846,0.2362246215343476,0.7799173773987207,0.0,4
PerGroupOnly,42,g1,530,30818,0.7679245471954346,0.6039946786215443,0.3990169465541839,0.2423949986696243,0.1566219478845596,0.7832759780071991,0.0,4
PerGroupOnly,42,g2,2338,30818,0.6920444965362549,0.5747222264328266,0.5155776143074036,0.252005010843277,0.2635726034641266,0.8160699833985322,0.0,4
PerGroupOnly,44,g0,533,30818,0.6322701573371887,0.5435367729306488,0.5468843579292297,0.2790879905223846,0.26779636740684515,0.7723547441364607,0.0,7
PerGroupOnly,44,g1,530,30818,0.7509434223175049,0.6052275189599133,0.4256298542022705,0.2423949986696243,0.1832348555326462,0.7924923855860131,0.0,7
PerGroupOnly,44,g2,2338,30818,0.7065868377685547,0.5826703386372909,0.4831973314285278,0.252005010843277,0.2311923205852508,0.8136697950243086,0.0,7
PerGroupOnly,55,g0,533,30818,0.6547842621803284,0.5642019196587273,0.5463515520095825,0.2790879905223846,0.26726356148719793,0.7797841151385927,0.0,7
PerGroupOnly,55,g1,530,30818,0.7075471878051758,0.5736697614315147,0.44778573513031,0.2423949986696243,0.2053907364606857,0.78208931608718,0.0,7
PerGroupOnly,55,g2,2338,30818,0.6680923700332642,0.5556774622679677,0.5160276889801025,0.252005010843277,0.26402267813682556,0.8119087334801545,0.0,7
PerGroupOnly,1337,g0,533,30818,0.6341463327407837,0.5467943994104643,0.5461101531982422,0.2790879905223846,0.2670221626758576,0.7835487739872069,0.0,5
PerGroupOnly,1337,g1,530,30818,0.7132075428962708,0.583203989983651,0.4634412229061126,0.2423949986696243,0.22104622423648831,0.7899608401566394,0.0,5
PerGroupOnly,1337,g2,2338,30818,0.6787852644920349,0.563119505055318,0.5374256372451782,0.252005010843277,0.28542062640190125,0.8129950512191889,0.0,5
PerGroupOnly,2024,g0,533,30818,0.7204502820968628,0.5981998755394555,0.4688011407852173,0.2790879905223846,0.1897131502628327,0.767623933901919,0.0,7
PerGroupOnly,2024,g1,530,30818,0.7924528121948242,0.618295621202598,0.3840352594852447,0.2423949986696243,0.1416402608156204,0.7968039238954155,0.0,7
PerGroupOnly,2024,g2,2338,30818,0.6800684332847595,0.5687134084687662,0.5055257081985474,0.252005010843277,0.2535206973552704,0.8197464467120584,0.0,7
PerGroupOnly,31337,g0,533,30818,0.6285178065299988,0.5496927803379417,0.5543522834777832,0.2790879905223846,0.2752642929553986,0.7824493603411513,0.0,9
PerGroupOnly,31337,g1,530,30818,0.6943396329879761,0.5736334021929127,0.4872251749038696,0.2423949986696243,0.24483017623424527,0.77750088999644,0.0,9
PerGroupOnly,31337,g2,2338,30818,0.6650983691215515,0.5554855702187517,0.5401314496994019,0.252005010843277,0.2881264388561249,0.8155377074936135,0.0,9
REMIND,7,g0,533,53250,0.6979362368583679,0.5894370206637864,0.4879866540431976,0.2790879905223846,0.208898663520813,0.7673574093816631,2.0,7
REMIND,7,g1,530,53250,0.7867924571037292,0.6060360875943138,0.3790864944458008,0.2423949986696243,0.13669149577617648,0.7935603813140303,2.0,7
REMIND,7,g2,2338,53250,0.7412317991256714,0.5975428458431672,0.446288526058197,0.252005010843277,0.19428351521492004,0.8151241548388629,2.0,7
REMIND,11,g0,533,53250,0.6491557359695435,0.5599300628286583,0.4857320785522461,0.2790879905223846,0.2066440880298615,0.7835154584221748,2.0,3
REMIND,11,g1,530,53250,0.7471697926521301,0.5992461177320332,0.4001595377922058,0.2423949986696243,0.1577645391225815,0.8086309876982715,2.0,3
REMIND,11,g2,2338,53250,0.7138580083847046,0.5820398019921037,0.4551352858543396,0.252005010843277,0.20313027501106262,0.8133215401571501,2.0,3
REMIND,22,g0,533,53250,0.7110694050788879,0.5883715798764342,0.5084893703460693,0.2790879905223846,0.22940137982368475,0.7485007995735607,2.0,19
REMIND,22,g1,530,53250,0.7792452573776245,0.6067825414238517,0.394492357969284,0.2423949986696243,0.1520973592996597,0.7756813417190777,2.0,19
REMIND,22,g2,2338,53250,0.7403764128684998,0.6012551547687985,0.454149454832077,0.252005010843277,0.20214444398880005,0.8111409897957367,2.0,19
REMIND,33,g0,533,53250,0.6791744828224182,0.5662026129792247,0.5353856086730957,0.2790879905223846,0.2562976181507111,0.7515658315565031,2.0,15
REMIND,33,g1,530,53250,0.7679245471954346,0.6006762592572175,0.4132804274559021,0.2423949986696243,0.1708854287862778,0.7647640520549029,2.0,15
REMIND,33,g2,2338,53250,0.7074422836303711,0.5776738565288166,0.4861761927604675,0.252005010843277,0.2341711819171905,0.8115584998921598,2.0,15
REMIND,42,g0,533,53250,0.6791744828224182,0.5616291429588338,0.537171483039856,0.2790879905223846,0.25808349251747137,0.7605943496801706,2.0,24
REMIND,42,g1,530,53250,0.7830188870429993,0.6202279255534577,0.3989092409610748,0.2423949986696243,0.15651424229145047,0.7759186741030815,2.0,24
REMIND,42,g2,2338,53250,0.7198460102081299,0.5855151849292618,0.4871326982975006,0.252005010843277,0.23512768745422363,0.808800163046597,2.0,24
REMIND,44,g0,533,53250,0.7185741066932678,0.5967009685230025,0.4989887475967407,0.2790879905223846,0.21990075707435613,0.7543643390191898,2.0,7
REMIND,44,g1,530,53250,0.798113226890564,0.6159810394447266,0.3905123174190521,0.2423949986696243,0.14811731874942782,0.7883390688659467,2.0,7
REMIND,44,g2,2338,53250,0.7369546890258789,0.5990997609715935,0.4654704928398132,0.252005010843277,0.2134654819965362,0.8175104921672336,2.0,7
REMIND,55,g0,533,53250,0.705440878868103,0.586337638969218,0.4869645833969116,0.2790879905223846,0.20787659287452703,0.7674906716417911,2.0,13
REMIND,55,g1,530,53250,0.801886796951294,0.6339273380301146,0.3725916445255279,0.2423949986696243,0.1301966458559036,0.7887741782366204,2.0,13
REMIND,55,g2,2338,53250,0.7570573091506958,0.6098924018579686,0.4361047446727752,0.252005010843277,0.18409973382949824,0.8159690686358896,2.0,13
REMIND,1337,g0,533,53250,0.705440878868103,0.5791223437696467,0.4982645511627197,0.2790879905223846,0.21917656064033514,0.7517657249466951,2.0,16
REMIND,1337,g1,530,53250,0.7886792421340942,0.6113555415880997,0.385057657957077,0.2423949986696243,0.14266265928745273,0.7725960207270283,2.0,16
REMIND,1337,g2,2338,53250,0.7331052422523499,0.5929215984999414,0.4509955048561096,0.252005010843277,0.19899049401283264,0.8107234796993136,2.0,16
REMIND,2024,g0,533,53250,0.6848030090332031,0.5727047146401986,0.5212082266807556,0.2790879905223846,0.24212023615837103,0.7666910980810234,2.0,7
REMIND,2024,g1,530,53250,0.7811321020126343,0.6152594558061528,0.3971680700778961,0.2423949986696243,0.15477307140827182,0.7781733317511176,2.0,7
REMIND,2024,g2,2338,53250,0.7339606285095215,0.5936035645299756,0.4560014307498932,0.252005010843277,0.2039964199066162,0.810931245387107,2.0,7
REMIND,31337,g0,533,53250,0.7410881519317627,0.6048033526756931,0.4336042702198028,0.2790879905223846,0.1545162796974182,0.7811500533049041,2.0,1
REMIND,31337,g1,530,53250,0.8226414918899536,0.6504252154144097,0.3950428962707519,0.2423949986696243,0.1526478976011276,0.8198647205411178,2.0,1
REMIND,31337,g2,2338,53250,0.7771599888801575,0.6230221473691507,0.4514695405960083,0.252005010843277,0.19946452975273132,0.8105077991281756,2.0,1
RegretDRO,7,g0,533,30818,0.6585366129875183,0.557179637001059,0.5086817145347595,0.2790879905223846,0.22959372401237493,0.7698560767590618,0.5,13
RegretDRO,7,g1,530,30818,0.7811321020126343,0.593654990085922,0.4024312198162079,0.2423949986696243,0.16003622114658358,0.7603338475534988,0.5,13
RegretDRO,7,g2,2338,30818,0.7232677340507507,0.5923359417930001,0.4569248557090759,0.252005010843277,0.20491984486579895,0.8188223840815867,0.5,13
RegretDRO,11,g0,533,30818,0.7129455804824829,0.5991358334193567,0.447904884815216,0.2790879905223846,0.16881689429283142,0.7893456823027718,0.5,2
RegretDRO,11,g1,530,30818,0.7792452573776245,0.6233120113717128,0.3728968203067779,0.2423949986696243,0.1305018216371536,0.8031723428661841,0.5,2
RegretDRO,11,g2,2338,30818,0.6719418168067932,0.5630870136720629,0.5191422700881958,0.252005010843277,0.2671372592449188,0.8130385830775837,0.5,2
RegretDRO,22,g0,533,30818,0.7035647034645081,0.582520325203252,0.4690132141113281,0.2790879905223846,0.18992522358894354,0.7749533582089552,0.5,7
RegretDRO,22,g1,530,30818,0.7622641324996948,0.6117441860465116,0.3909742534160614,0.2423949986696243,0.1485792547464371,0.8012341283968197,0.5,7
RegretDRO,22,g2,2338,30818,0.6941830515861511,0.5742229754597555,0.4822821021080017,0.252005010843277,0.23027709126472473,0.8199185954248017,0.5,7
RegretDRO,33,g0,533,30818,0.6848030090332031,0.5770800272047155,0.4982895255088806,0.2790879905223846,0.21920153498649603,0.7806836353944562,0.5,10
RegretDRO,33,g1,530,30818,0.7792452573776245,0.6233120113717128,0.4146450459957123,0.2423949986696243,0.17225004732608798,0.7722795775483564,0.5,10
RegretDRO,33,g2,2338,30818,0.682634711265564,0.5654806274245776,0.5185517072677612,0.252005010843277,0.26654669642448425,0.8181535764389752,0.5,10
RegretDRO,42,g0,533,30818,0.6416510343551636,0.5485954993903115,0.5156464576721191,0.2790879905223846,0.23655846714973455,0.7775519722814499,0.5,9
RegretDRO,42,g1,530,30818,0.7830188870429993,0.6135042073824184,0.3852583467960357,0.2423949986696243,0.1428633481264114,0.7733080178790397,0.5,9
RegretDRO,42,g2,2338,30818,0.7262617349624634,0.592354911018339,0.4599471092224121,0.252005010843277,0.20794209837913513,0.8117524145341001,0.5,9
RegretDRO,44,g0,533,30818,0.6848030090332031,0.5770800272047155,0.489833801984787,0.2790879905223846,0.2107458114624024,0.779351012793177,0.5,7
RegretDRO,44,g1,530,30818,0.7641509175300598,0.6040781445159593,0.4007567465305328,0.2423949986696243,0.15836174786090848,0.8002452434634706,0.5,7
RegretDRO,44,g2,2338,30818,0.6928999423980713,0.5748466475197673,0.5162327885627747,0.252005010843277,0.2642277777194977,0.8146987298590953,0.5,7
RegretDRO,55,g0,533,30818,0.6979362368583679,0.5828021916582802,0.5006044507026672,0.2790879905223846,0.22151646018028265,0.769556236673774,0.5,18
RegretDRO,55,g1,530,30818,0.7698113322257996,0.5917929292929293,0.4123089611530304,0.2423949986696243,0.1699139624834061,0.763379613148214,0.5,18
RegretDRO,55,g2,2338,30818,0.729683518409729,0.5938763282156148,0.4394619464874267,0.252005010843277,0.18745693564414972,0.8111241706686295,0.5,18
RegretDRO,1337,g0,533,30818,0.6772983074188232,0.567010504042923,0.5104721784591675,0.2790879905223846,0.2313841879367829,0.7593616737739872,0.5,16
RegretDRO,1337,g1,530,30818,0.7490565776824951,0.5948175270591076,0.4230346977710724,0.2423949986696243,0.1806396991014481,0.7706973616549978,0.5,16
RegretDRO,1337,g2,2338,30818,0.6877673268318176,0.570410978212718,0.5061543583869934,0.252005010843277,0.25414934754371643,0.8113408406001855,0.5,16
RegretDRO,2024,g0,533,30818,0.6341463327407837,0.5371471323028416,0.5211770534515381,0.2790879905223846,0.2420890629291535,0.767657249466951,0.5,11
RegretDRO,2024,g1,530,30818,0.7452830076217651,0.5977150439393002,0.4117935597896576,0.2423949986696243,0.1693985611200333,0.7824848700605198,0.5,11
RegretDRO,2024,g2,2338,30818,0.7078699469566345,0.5814296075589663,0.4786432385444641,0.252005010843277,0.22663822770118713,0.8153061971557867,0.5,11
RegretDRO,31337,g0,533,30818,0.7110694050788879,0.590752263571457,0.4743866324424743,0.2790879905223846,0.19529864192008972,0.7747534648187634,0.5,12
RegretDRO,31337,g1,530,30818,0.7603773474693298,0.5977433948282147,0.4037429094314575,0.2423949986696243,0.16134791076183322,0.7744551244017245,0.5,12
RegretDRO,31337,g2,2338,30818,0.6958939433097839,0.5749889740708498,0.4848116934299469,0.252005010843277,0.23280668258666992,0.8188540436149646,0.5,12
Reweigh,7,g0,533,52482,0.6510319113731384,0.5555944055944055,0.564246654510498,0.2790879905223846,0.28515866398811346,0.7736207356076759,0.0,15
Reweigh,7,g1,530,52482,0.7566037774085999,0.6070034660949238,0.4493027925491333,0.2423949986696243,0.206907793879509,0.7850559708872276,0.0,15
Reweigh,7,g2,2338,52482,0.731394350528717,0.5909380655629553,0.4734949171543121,0.252005010843277,0.2214899063110351,0.8114259255961391,0.0,15
Reweigh,11,g0,533,52482,0.6491557359695435,0.5599300628286583,0.5409244298934937,0.2790879905223846,0.26183643937110906,0.777352078891258,0.0,8
Reweigh,11,g1,530,52482,0.699999988079071,0.5599454827440352,0.4825963079929352,0.2423949986696243,0.24020130932331088,0.7792808828764685,0.0,8
Reweigh,11,g2,2338,52482,0.6796407103538513,0.5627083404606195,0.5311402082443237,0.252005010843277,0.27913519740104675,0.8126250304228329,0.0,8
Reweigh,22,g0,533,52482,0.6585366129875183,0.5592239185750636,0.5180577635765076,0.2790879905223846,0.23896977305412298,0.7736873667377399,0.0,7
Reweigh,22,g1,530,52482,0.7396226525306702,0.581157229246839,0.4385847151279449,0.2423949986696243,0.1961897164583206,0.7701831414896563,0.0,7
Reweigh,22,g2,2338,52482,0.7258340716362,0.5902192348885862,0.4634421765804291,0.252005010843277,0.2114371657371521,0.8158958559649528,0.0,7
Reweigh,33,g0,533,52482,0.6491557359695435,0.5561359679006738,0.5626146793365479,0.2790879905223846,0.28352668881416326,0.7743536780383795,0.0,13
Reweigh,33,g1,530,52482,0.7584905624389648,0.6115081546637346,0.4323708117008209,0.2423949986696243,0.18997581303119662,0.777461334599106,0.0,13
Reweigh,33,g2,2338,52482,0.7305389046669006,0.595761941563403,0.4736047685146332,0.252005010843277,0.2215997576713562,0.8116435848881131,0.0,13
Reweigh,42,g0,533,52482,0.6529080867767334,0.5589583715386026,0.5294135808944702,0.2790879905223846,0.2503255903720856,0.7815498400852879,0.0,9
Reweigh,42,g1,530,52482,0.7509434223175049,0.6023282781200974,0.4153163433074951,0.2423949986696243,0.17292134463787082,0.7898817293619714,0.0,9
Reweigh,42,g2,2338,52482,0.7352437973022461,0.59833073319902,0.4525287449359894,0.252005010843277,0.2005237340927124,0.8124786050809593,0.0,9
Reweigh,44,g0,533,52482,0.6491557359695435,0.5541903539336146,0.5710909962654114,0.2790879905223846,0.2920030057430268,0.775153251599147,0.0,8
Reweigh,44,g1,530,52482,0.7509434223175049,0.6080672268907563,0.4438731670379638,0.2423949986696243,0.2014781683683395,0.7928879395593529,0.0,8
Reweigh,44,g2,2338,52482,0.740804135799408,0.5991029228011082,0.4687656760215759,0.252005010843277,0.21676066517829895,0.8183415549184074,0.0,8
Reweigh,55,g0,533,52482,0.6191369891166687,0.5426246486166593,0.5487852096557617,0.2790879905223846,0.26969721913337713,0.78125,0.0,2
Reweigh,55,g1,530,52482,0.7094339728355408,0.5876861524783286,0.4671058058738708,0.2423949986696243,0.2247108072042465,0.8014319053834896,0.0,2
Reweigh,55,g2,2338,52482,0.6852010488510132,0.5695174242613763,0.5113023519515991,0.252005010843277,0.25929734110832214,0.8165943444201061,0.0,2
Reweigh,1337,g0,533,52482,0.6435272097587585,0.5499911126910771,0.5703209638595581,0.2790879905223846,0.2912329733371735,0.7659248400852878,0.0,16
Reweigh,1337,g1,530,52482,0.7283018827438354,0.5842140818060974,0.4616661071777344,0.2423949986696243,0.21927110850811007,0.7710138048336695,0.0,16
Reweigh,1337,g2,2338,52482,0.7292557954788208,0.5941376294652075,0.4867834150791168,0.252005010843277,0.23477840423583984,0.8059290391133749,0.0,16
Reweigh,2024,g0,533,52482,0.6435272097587585,0.5499911126910771,0.545193076133728,0.2790879905223846,0.26610508561134344,0.7842817164179104,0.0,6
Reweigh,2024,g1,530,52482,0.7283018827438354,0.6002095337873232,0.4518280923366546,0.2423949986696243,0.2094330936670303,0.794984375618053,0.0,6
Reweigh,2024,g2,2338,52482,0.7215569019317627,0.5938549276415381,0.4755949676036834,0.252005010843277,0.22358995676040644,0.8250454611112101,0.0,6
Reweigh,31337,g0,533,52482,0.6772983074188232,0.5755111868424951,0.50657719373703,0.2790879905223846,0.22748920321464544,0.7809834754797441,0.0,1
Reweigh,31337,g1,530,52482,0.7490565776824951,0.609281030535832,0.4522386193275451,0.2423949986696243,0.2098436206579208,0.8129820814050077,0.0,1
Reweigh,31337,g2,2338,52482,0.7288280725479126,0.5931953507161865,0.4775010943412781,0.252005010843277,0.2254960834980011,0.8094927153392418,0.0,1
Shared_Anchors_GDRO,7,g0,533,11426,0.7298311591148376,0.6057692307692308,0.4543998837471008,0.2790879905223846,0.1753118932247162,0.7852811833688699,10.0,5
Shared_Anchors_GDRO,7,g1,530,11426,0.7622641324996948,0.605654761904762,0.3821371495723724,0.2423949986696243,0.13974215090274808,0.7938174913967011,10.0,5
Shared_Anchors_GDRO,7,g2,2338,11426,0.7472198605537415,0.6017615482718122,0.436477780342102,0.252005010843277,0.18447276949882502,0.7889140186435077,10.0,5
Shared_Anchors_GDRO,11,g0,533,11426,0.7242026329040527,0.596314062105529,0.4375650584697723,0.2790879905223846,0.1584770679473877,0.7848147654584221,10.0,3
Shared_Anchors_GDRO,11,g1,530,11426,0.7622641324996948,0.605654761904762,0.3805490136146545,0.2423949986696243,0.13815401494503018,0.8095605395356197,10.0,3
Shared_Anchors_GDRO,11,g2,2338,11426,0.7386655211448669,0.5948380436185314,0.4298999905586242,0.252005010843277,0.17789497971534723,0.790198208466155,10.0,3
Shared_Anchors_GDRO,22,g0,533,11426,0.7804877758026123,0.6237715154476842,0.4013481140136719,0.2790879905223846,0.12226012349128729,0.7698227611940298,10.0,7
Shared_Anchors_GDRO,22,g1,530,11426,0.8339622616767883,0.6192528735632183,0.3242423832416534,0.2423949986696243,0.08184738457202909,0.7935406036153633,10.0,7
Shared_Anchors_GDRO,22,g2,2338,11426,0.7921300530433655,0.5964756770578082,0.3632373511791229,0.252005010843277,0.11123234033584595,0.7806864974068864,10.0,7
Shared_Anchors_GDRO,33,g0,533,11426,0.7448405027389526,0.615668476416695,0.4444684684276581,0.2790879905223846,0.1653804779052735,0.7874133795309168,10.0,2
Shared_Anchors_GDRO,33,g1,530,11426,0.7943395972251892,0.6336692052581183,0.3771105408668518,0.2423949986696243,0.1347155421972275,0.8181440607570902,10.0,2
Shared_Anchors_GDRO,33,g2,2338,11426,0.7681779265403748,0.613866949441763,0.4334054887294769,0.252005010843277,0.1814004778861999,0.7918385680393054,10.0,2
Shared_Anchors_GDRO,42,g0,533,11426,0.7748593091964722,0.6219143100349949,0.4126279950141907,0.2790879905223846,0.13354000449180609,0.7728211620469083,10.0,6
Shared_Anchors_GDRO,42,g1,530,11426,0.8188679218292236,0.6272527472527473,0.3172279894351959,0.2423949986696243,0.07483299076557162,0.8243542581385229,10.0,6
Shared_Anchors_GDRO,42,g2,2338,11426,0.7882806062698364,0.6123718398094331,0.3750685155391693,0.252005010843277,0.12306350469589233,0.7868304256030648,10.0,6
Shared_Anchors_GDRO,44,g0,533,11426,0.7110694050788879,0.5953840996924048,0.5119240880012512,0.2790879905223846,0.23283609747886663,0.7746535181236673,10.0,14
Shared_Anchors_GDRO,44,g1,530,11426,0.7547169923782349,0.5994186046511628,0.4044260382652282,0.2423949986696243,0.16203103959560392,0.7965072584154108,10.0,14
Shared_Anchors_GDRO,44,g2,2338,11426,0.729683518409729,0.5908241027913159,0.4638771116733551,0.252005010843277,0.21187210083007812,0.7904297188039819,10.0,14
Shared_Anchors_GDRO,55,g0,533,11426,0.7166979312896729,0.5878690119568835,0.4414089620113373,0.2790879905223846,0.1623209714889527,0.7807835820895522,10.0,4
Shared_Anchors_GDRO,55,g1,530,11426,0.7905660271644592,0.6269475392995516,0.3552440106868744,0.2423949986696243,0.11284901201725009,0.8042601162928682,10.0,4
Shared_Anchors_GDRO,55,g2,2338,11426,0.7566295862197876,0.6082129321462408,0.4090088009834289,0.252005010843277,0.15700379014015192,0.7923273120858288,10.0,4
Shared_Anchors_GDRO,1337,g0,533,11426,0.7654784321784973,0.6168003911080435,0.4557826220989227,0.2790879905223846,0.17669463157653809,0.7666910980810235,10.0,16
Shared_Anchors_GDRO,1337,g1,530,11426,0.8113207817077637,0.6241774449739053,0.3602446615695953,0.2423949986696243,0.11784966289997098,0.788081958783276,10.0,16
Shared_Anchors_GDRO,1337,g2,2338,11426,0.7878528833389282,0.6237728351611844,0.4023423492908478,0.252005010843277,0.1503373384475708,0.7877248074209947,10.0,16
Shared_Anchors_GDRO,2024,g0,533,11426,0.7429643273353577,0.6115676981099958,0.4744191765785217,0.2790879905223846,0.19533118605613708,0.763859275053305,10.0,16
Shared_Anchors_GDRO,2024,g1,530,11426,0.8056603670120239,0.637466047722458,0.3693348467350006,0.2423949986696243,0.1269398480653763,0.7964281476207429,10.0,16
Shared_Anchors_GDRO,2024,g2,2338,11426,0.753635585308075,0.6017021639060331,0.4232146441936493,0.252005010843277,0.17120963335037231,0.7884252745969841,10.0,16
Shared_Anchors_GDRO,31337,g0,533,11426,0.7204502820968628,0.5981998755394555,0.4696903228759765,0.2790879905223846,0.19060233235359192,0.7745202558635395,10.0,7
Shared_Anchors_GDRO,31337,g1,530,11426,0.7773584723472595,0.6185096623072418,0.3753083348274231,0.2423949986696243,0.1329133361577988,0.798524583679443,10.0,7
Shared_Anchors_GDRO,31337,g2,2338,11426,0.7322497963905334,0.5852189832737248,0.4326144158840179,0.252005010843277,0.1806094050407409,0.783472536344155,10.0,7
Shared_GDRO,7,g0,533,11426,0.694183886051178,0.5886196724261207,0.48028364777565,0.2790879905223846,0.20119565725326544,0.789012526652452,0.5,9
Shared_GDRO,7,g1,530,11426,0.7377358675003052,0.5972798486861165,0.416508287191391,0.2423949986696243,0.1741132885217667,0.8006605751354772,0.5,9
Shared_GDRO,7,g2,2338,11426,0.6980324983596802,0.5727622293637251,0.4728001952171325,0.252005010843277,0.22079518437385554,0.7943802349533122,0.5,9
Shared_GDRO,11,g0,533,11426,0.7429643273353577,0.6165930702062976,0.4259782135486603,0.2790879905223846,0.1468902230262757,0.7940431769722814,0.5,1
Shared_GDRO,11,g1,530,11426,0.7905660271644592,0.6302302340052421,0.3744329214096069,0.2423949986696243,0.13203792273998258,0.815137850559709,0.5,1
Shared_GDRO,11,g2,2338,11426,0.7519246935844421,0.6002999430532646,0.4245237112045288,0.252005010843277,0.17251870036125183,0.7946305431390823,0.5,1
Shared_GDRO,22,g0,533,11426,0.6697936058044434,0.5697670152265639,0.4842718839645386,0.2790879905223846,0.205183893442154,0.783215618336887,0.5,5
Shared_GDRO,22,g1,530,11426,0.7415094375610352,0.5946722935820787,0.4219628572463989,0.2423949986696243,0.17956785857677462,0.795241485700724,0.5,5
Shared_GDRO,22,g2,2338,11426,0.6753635406494141,0.555254749413474,0.4725632667541504,0.252005010843277,0.2205582559108734,0.7956871800655747,0.5,5
Shared_GDRO,33,g0,533,11426,0.7260788083076477,0.6097548744283078,0.4542188942432403,0.2790879905223846,0.1751309037208557,0.78897921108742,0.5,9
Shared_GDRO,33,g1,530,11426,0.7773584723472595,0.6119962279134405,0.3796773552894592,0.2423949986696243,0.13728235661983487,0.810232981290297,0.5,9
Shared_GDRO,33,g2,2338,11426,0.7382377982139587,0.5976582534755028,0.4370096623897552,0.252005010843277,0.18500465154647822,0.7949985852146021,0.5,9
Shared_GDRO,42,g0,533,11426,0.696060061454773,0.5900934259997721,0.4718774557113647,0.2790879905223846,0.1927894651889801,0.7801839019189766,0.5,4
Shared_GDRO,42,g1,530,11426,0.7528302073478699,0.6067870714896557,0.3930899500846863,0.2423949986696243,0.15069495141506198,0.8111823108263122,0.5,4
Shared_GDRO,42,g2,2338,11426,0.6946107745170593,0.567353476293405,0.4603381752967834,0.252005010843277,0.20833316445350641,0.7902991232287975,0.5,4
Shared_GDRO,44,g0,533,11426,0.7035647034645081,0.5916857375586673,0.4699984192848205,0.2790879905223846,0.1909104287624359,0.7821162046908315,0.5,11
Shared_GDRO,44,g1,530,11426,0.7603773474693298,0.6159748965910712,0.3991099596023559,0.2423949986696243,0.1567149609327316,0.7990388038447847,0.5,11
Shared_GDRO,44,g2,2338,11426,0.7100085616111755,0.5767139309460867,0.4522027969360351,0.252005010843277,0.20019778609275812,0.791800972343419,0.5,11
Shared_GDRO,55,g0,533,11426,0.7166979312896729,0.6043758878844632,0.4727735221385956,0.2790879905223846,0.193685531616211,0.7904450959488273,0.5,14
Shared_GDRO,55,g1,530,11426,0.7622641324996948,0.5992943548387097,0.4043734669685364,0.2423949986696243,0.16197846829891208,0.7910090581859895,0.5,14
Shared_GDRO,55,g2,2338,11426,0.7172797322273254,0.5829185912668693,0.4620252251625061,0.252005010843277,0.21002021431922913,0.7961917538787875,0.5,14
Shared_GDRO,1337,g0,533,11426,0.696060061454773,0.5921843119474043,0.4848772585391998,0.2790879905223846,0.20578926801681519,0.7837153518123666,0.5,10
Shared_GDRO,1337,g1,530,11426,0.7660377621650696,0.6208082346696208,0.4092058837413788,0.2423949986696243,0.16681088507175448,0.8099165381116253,0.5,10
Shared_GDRO,1337,g2,2338,11426,0.7082976698875427,0.5783310061775409,0.4710646271705627,0.252005010843277,0.2190596163272857,0.7958929670325321,0.5,10
Shared_GDRO,2024,g0,533,11426,0.6885553598403931,0.5842199248120302,0.4670586287975311,0.2790879905223846,0.18797063827514648,0.7779517590618337,0.5,1
Shared_GDRO,2024,g1,530,11426,0.7433962225914001,0.6046164648060383,0.409554123878479,0.2423949986696243,0.1671591252088547,0.8025196788101736,0.5,1
Shared_GDRO,2024,g2,2338,11426,0.7074422836303711,0.5793973084659602,0.4539639353752136,0.252005010843277,0.20195892453193665,0.7969179444256467,0.5,1
Shared_GDRO,31337,g0,533,11426,0.6716697812080383,0.577147131491262,0.4857414662837982,0.2790879905223846,0.20665347576141363,0.7877132196162047,0.5,3
Shared_GDRO,31337,g1,530,11426,0.7320754528045654,0.5981074846206426,0.4152210354804992,0.2423949986696243,0.1728260368108749,0.8094023179462836,0.5,3
Shared_GDRO,31337,g2,2338,11426,0.6775021553039551,0.5621596704024893,0.4796898663043976,0.252005010843277,0.2276848554611206,0.7927250349738908,0.5,3
