config,dataset_info,groupdro_config,start_time,epoch,train_loss,train_acc,learning_rate,test_overall_acc,test_balanced_acc,test_worst_group_acc,test_best_group_acc,test_worst_group_bal_acc,test_per_group_bal_acc,test_per_group_acc,test_per_group_loss,test_per_class_acc,test_per_group_per_class_acc,test_per_group_counts,test_overall_auroc,test_per_group_sensitivity,test_per_group_specificity,test_per_group_f1,test_per_group_pos_f1,test_per_group_auroc,test_mean_group_f1,test_worst_group_f1,val_overall_acc,val_balanced_acc,val_worst_group_acc,val_best_group_acc,val_worst_group_bal_acc,val_per_group_bal_acc,val_per_group_acc,val_per_group_loss,val_per_class_acc,val_per_group_per_class_acc,val_per_group_counts,val_overall_auroc,val_per_group_sensitivity,val_per_group_specificity,val_per_group_f1,val_per_group_pos_f1,val_per_group_auroc,val_mean_group_f1,val_worst_group_f1,groupdro_weights,train_per_group_loss,groupdro_weights_mean,groupdro_pi
"{""run_name"": ""nhanes_pergroup_gdro"", ""seed"": 2024, ""run_dir"": ""runs/matrix_nhanes_nested/AnchorsOnly_s2024"", ""use_nhanes"": true, ""num_classes"": 2, ""stratified_batching"": true, ""train_frac"": 0.8, ""use_post_pandemic"": true, ""data_split_seed"": 100, ""batch_size"": 128, ""num_workers"": 0, ""epochs"": 100, ""early_stopping_patience"": 25, ""lr"": 0.001, ""weight_decay"": 0.0001, ""optimizer"": ""adam"", ""grad_clip"": 1.0, ""lr_scheduler"": ""cosine"", ""lr_min"": 1e-05, ""latent_dim"": 64, ""head_hidden"": 32, ""common_encoder"": false, ""groups"": [{""name"": ""survey_only"", ""encoder"": ""mlp_tabular_ln"", ""input_dim"": 10, ""hidden_dim"": 64, ""dropout"": 0.1}, {""name"": ""exam"", ""encoder"": ""mlp_tabular_ln"", ""input_dim"": 13, ""hidden_dim"": 64, ""dropout"": 0.1}, {""name"": ""vitals_labs"", ""encoder"": ""mlp_tabular_ln"", ""input_dim"": 20, ""hidden_dim"": 64, ""dropout"": 0.1}], ""anchor_eps"": 0.0001, ""sep_samples_per_class"": 4, ""sep_method"": ""classifier"", ""sep_margin"": 1.0, ""lambda_fit"": 0.1, ""lambda_sep"": 0.1, ""groupdro_enabled"": false, ""groupdro_eta"": 1.0, ""groupdro_gamma"": 0.9, ""groupdro_update_mode"": ""softmax"", ""groupdro_objective"": ""weighted"", ""groupdro_kl_lambda"": 0.0, ""groupdro_uniform_init"": false, ""log_interval"": 20, ""save_every"": 10, ""val_frac"": 0.2, ""use_regret"": false}","{""num_groups"": 3, ""num_classes"": 2, ""train_total"": 10883, ""test_total"": 3401, ""train_group_counts"": [1707, 1694, 7482], ""test_group_counts"": [533, 530, 2338], ""train_class_counts"": [9739, 1144], ""test_class_counts"": [3043, 358], ""train_group_class_counts"": [[1501, 206], [1526, 168], [6712, 770]], ""test_group_class_counts"": [[469, 64], [477, 53], [2097, 241]], ""group_proportions"": [0.15685013323532115, 0.15565560966645225, 0.6874942570982266], ""group_names"": [""survey_only"", ""exam"", ""vitals_labs""], ""group_feature_counts"": {""0"": 10, ""1"": 13, ""2"": 20}, ""max_features"": 20, ""feature_mode"": ""nested"", ""val_total"": 2721}",,2026-09-14T15:46:15.785821,1,1.4868611644246612,0.7992016339098438,0.001,0.763304910320494,0.7549229310251215,0.7223264540337712,0.7716981132075472,0.6793918203638076,"[0.7140358475479744, 0.7389937106918238, 0.6793918203638076]","[0.7223264540337712, 0.7716981132075472, 0.7707442258340462]","[0.623844812947411, 0.6206737011671066, 0.5858833564204778]","[0.781465658889254, 0.6089385474860335]","[[0.7249466950959488, 0.703125], [0.779874213836478, 0.6981132075471698], [0.7944682880305198, 0.5643153526970954]]","[533, 530, 2338]",0.7761259929832549,"[0.703125, 0.6981132075471698, 0.5643153526970954]","[0.7249466950959488, 0.779874213836478, 0.7944682880305198]","[0.5997036495757723, 0.6198013932117978, 0.5990303787359088]","[0.3781512605042017, 0.37948717948717947, 0.3366336633663366]","[0.7679404317697228, 0.7837506427752066, 0.7803896892814671]",0.6061784738411596,0.5990303787359088,0.7552370452039692,0.7213501025492607,0.6713615023474179,0.7851416354890433,0.593991523310895,"[0.6354509803921569, 0.593991523310895, 0.7311890543269498]","[0.6713615023474179, 0.7075471698113207, 0.7851416354890433]","[0.6288907252986666, 0.6378136024160205, 0.5818839654573331]","[0.7712525667351129, 0.6188811188811189]","[[0.6826666666666666, 0.5882352941176471], [0.7356020942408377, 0.4523809523809524], [0.799165673420739, 0.6632124352331606]]","[426, 424, 1871]",0.7878771126204391,"[0.5882352941176471, 0.4523809523809524, 0.6632124352331606]","[0.6826666666666666, 0.7356020942408377, 0.799165673420739]","[0.5426380368098159, 0.5269049418709283, 0.6293537781036745]","[0.29999999999999993, 0.23456790123456786, 0.3890577507598784]","[0.7418823529411764, 0.6655447519321864, 0.8201257356710122]",0.5662989189281395,0.5269049418709283,,"[NaN, NaN, NaN]",,
"{""run_name"": ""nhanes_pergroup_gdro"", ""seed"": 2024, ""run_dir"": ""runs/matrix_nhanes_nested/AnchorsOnly_s2024"", ""use_nhanes"": true, ""num_classes"": 2, ""stratified_batching"": true, ""train_frac"": 0.8, ""use_post_pandemic"": true, ""data_split_seed"": 100, ""batch_size"": 128, ""num_workers"": 0, ""epochs"": 100, ""early_stopping_patience"": 25, ""lr"": 0.001, ""weight_decay"": 0.0001, ""optimizer"": ""adam"", ""grad_clip"": 1.0, ""lr_scheduler"": ""cosine"", ""lr_min"": 1e-05, ""latent_dim"": 64, ""head_hidden"": 32, ""common_encoder"": false, ""groups"": [{""name"": ""survey_only"", ""encoder"": ""mlp_tabular_ln"", ""input_dim"": 10, ""hidden_dim"": 64, ""dropout"": 0.1}, {""name"": ""exam"", ""encoder"": ""mlp_tabular_ln"", ""input_dim"": 13, ""hidden_dim"": 64, ""dropout"": 0.1}, {""name"": ""vitals_labs"", ""encoder"": ""mlp_tabular_ln"", ""input_dim"": 20, ""hidden_dim"": 64, ""dropout"": 0.1}], ""anchor_eps"": 0.0001, ""sep_samples_per_class"": 4, ""sep_method"": ""classifier"", ""sep_margin"": 1.0, ""lambda_fit"": 0.1, ""lambda_sep"": 0.1, ""groupdro_enabled"": false, ""groupdro_eta"": 1.0, ""groupdro_gamma"": 0.9, ""groupdro_update_mode"": ""softmax"", ""groupdro_objective"": ""weighted"", ""groupdro_kl_lambda"": 0.0, ""groupdro_uniform_init"": false, ""log_interval"": 20, ""save_every"": 10, ""val_frac"": 0.2, ""use_regret"": false}","{""num_groups"": 3, ""num_classes"": 2, ""train_total"": 10883, ""test_total"": 3401, ""train_group_counts"": [1707, 1694, 7482], ""test_group_counts"": [533, 530, 2338], ""train_class_counts"": [9739, 1144], ""test_class_counts"": [3043, 358], ""train_group_class_counts"": [[1501, 206], [1526, 168], [6712, 770]], ""test_group_class_counts"": [[469, 64], [477, 53], [2097, 241]], ""group_proportions"": [0.15685013323532115, 0.15565560966645225, 0.6874942570982266], ""group_names"": [""survey_only"", ""exam"", ""vitals_labs""], ""group_feature_counts"": {""0"": 10, ""1"": 13, ""2"": 20}, ""max_features"": 20, ""feature_mode"": ""nested"", ""val_total"": 2721}",,2026-09-14T15:46:15.785821,2,0.723301061734452,0.7113813591012271,0.001,0.6962658041752425,0.721450877544305,0.6740804106073567,0.7716981132075472,0.6984108475479744,"[0.6984108475479744, 0.7473794549266247, 0.7320079861172946]","[0.7185741088180112, 0.7716981132075472, 0.6740804106073567]","[0.5151092768917611, 0.46702412922146186, 0.5717908571019348]","[0.6878080841275057, 0.7681564245810056]","[[0.7249466950959488, 0.671875], [0.7777777777777778, 0.7169811320754716], [0.659036719122556, 0.8049792531120332]]","[533, 530, 2338]",0.7937013605729424,"[0.671875, 0.7169811320754716, 0.8049792531120332]","[0.7249466950959488, 0.7777777777777778, 0.659036719122556]","[0.5918419440473759, 0.6227891136455876, 0.5606411995363634]","[0.3644067796610169, 0.38578680203045684, 0.3373913043478261]","[0.7645089285714286, 0.8022230133301688, 0.804761593820059]",0.5917574190764423,0.5606411995363634,0.6846747519294377,0.6962232808797427,0.6745056119722074,0.7169811320754716,0.6416105709299427,"[0.7009411764705882, 0.6416105709299427, 0.7566310744965323]","[0.6971830985915493, 0.7169811320754716, 0.6745056119722074]","[0.5241454948054652, 0.5250526557518345, 0.5642535985571411]","[0.6726899383983573, 0.7867132867132867]","[[0.696, 0.7058823529411765], [0.7356020942408377, 0.5476190476190477], [0.6531585220500596, 0.8601036269430051]]","[426, 424, 1871]",0.7991549518243564,"[0.7058823529411765, 0.5476190476190477, 0.8601036269430051]","[0.696, 0.7356020942408377, 0.6531585220500596]","[0.5800261365981154, 0.5505776772780271, 0.5676969019338395]","[0.3582089552238806, 0.27710843373493976, 0.3528161530286929]","[0.7577777777777777, 0.7239466467215159, 0.8276013265236802]",0.5661002386033274,0.5505776772780271,,"[NaN, NaN, NaN]",,
"{""run_name"": ""nhanes_pergroup_gdro"", ""seed"": 2024, ""run_dir"": ""runs/matrix_nhanes_nested/AnchorsOnly_s2024"", ""use_nhanes"": true, ""num_classes"": 2, ""stratified_batching"": true, ""train_frac"": 0.8, ""use_post_pandemic"": true, ""data_split_seed"": 100, ""batch_size"": 128, ""num_workers"": 0, ""epochs"": 100, ""early_stopping_patience"": 25, ""lr"": 0.001, ""weight_decay"": 0.0001, ""optimizer"": ""adam"", ""grad_clip"": 1.0, ""lr_scheduler"": ""cosine"", ""lr_min"": 1e-05, ""latent_dim"": 64, ""head_hidden"": 32, ""common_encoder"": false, ""groups"": [{""name"": ""survey_only"", ""encoder"": ""mlp_tabular_ln"", ""input_dim"": 10, ""hidden_dim"": 64, ""dropout"": 0.1}, {""name"": ""exam"", ""encoder"": ""mlp_tabular_ln"", ""input_dim"": 13, ""hidden_dim"": 64, ""dropout"": 0.1}, {""name"": ""vitals_labs"", ""encoder"": ""mlp_tabular_ln"", ""input_dim"": 20, ""hidden_dim"": 64, ""dropout"": 0.1}], ""anchor_eps"": 0.0001, ""sep_samples_per_class"": 4, ""sep_method"": ""classifier"", ""sep_margin"": 1.0, ""lambda_fit"": 0.1, ""lambda_sep"": 0.1, ""groupdro_enabled"": false, ""groupdro_eta"": 1.0, ""groupdro_gamma"": 0.9, ""groupdro_update_mode"": ""softmax"", ""groupdro_objective"": ""weighted"", ""groupdro_kl_lambda"": 0.0, ""groupdro_uniform_init"": false, ""log_interval"": 20, ""save_every"": 10, ""val_frac"": 0.2, ""use_regret"": false}","{""num_groups"": 3, ""num_classes"": 2, ""train_total"": 10883, ""test_total"": 3401, ""train_group_counts"": [1707, 1694, 7482], ""test_group_counts"": [533, 530, 2338], ""train_class_counts"": [9739, 1144], ""test_class_counts"": [3043, 358], ""train_group_class_counts"": [[1501, 206], [1526, 168], [6712, 770]], ""test_group_class_counts"": [[469, 64], [477, 53], [2097, 241]], ""group_proportions"": [0.15685013323532115, 0.15565560966645225, 0.6874942570982266], ""group_names"": [""survey_only"", ""exam"", ""vitals_labs""], ""group_feature_counts"": {""0"": 10, ""1"": 13, ""2"": 20}, ""max_features"": 20, ""feature_mode"": ""nested"", ""val_total"": 2721}",,2026-09-14T15:46:15.785821,3,0.6023022933516236,0.6944857036540644,0.001,0.7241987650690973,0.7132966878529596,0.6191369606003753,0.7867924528301887,0.7121376714808945,"[0.7296108742004264, 0.7138364779874213, 0.7121376714808945]","[0.6191369606003753, 0.7867924528301887, 0.7339606501283148]","[0.6536650786745951, 0.4313436235529634, 0.46705744435677704]","[0.725928360170884, 0.7094972067039106]","[[0.5842217484008528, 0.875], [0.8050314465408805, 0.6226415094339622], [0.7396280400572246, 0.6846473029045643]]","[533, 530, 2338]",0.7950810266992475,"[0.875, 0.6226415094339622, 0.6846473029045643]","[0.5842217484008528, 0.8050314465408805, 0.7396280400572246]","[0.5426246486166593, 0.620225873340985, 0.5898069754217476]","[0.3555555555555555, 0.3687150837988827, 0.34663865546218486]","[0.7787013592750532, 0.795023931015387, 0.8050584019454783]",0.5842191657931307,0.5426246486166593,0.7254685777287762,0.7033598646334925,0.6150234741784038,0.75,0.6493393168785839,"[0.7220392156862745, 0.6493393168785839, 0.7569877166871491]","[0.6150234741784038, 0.75, 0.7450561197220738]","[0.6553932323946919, 0.47886722115799785, 0.45508716051341824]","[0.7223819301848049, 0.7517482517482518]","[[0.5813333333333334, 0.8627450980392157], [0.774869109947644, 0.5238095238095238], [0.7419547079856973, 0.772020725388601]]","[426, 424, 1871]",0.8103925848279031,"[0.8627450980392157, 0.5238095238095238, 0.772020725388601]","[0.5813333333333334, 0.774869109947644, 0.7419547079856973]","[0.5379365079365079, 0.5707354345749761, 0.6118738380247235]","[0.34920634920634924, 0.2933333333333333, 0.384516129032258]","[0.781673202614379, 0.7330466217900773, 0.8349256146288141]",0.5735152601787359,0.5379365079365079,,"[NaN, NaN, NaN]",,
"{""run_name"": ""nhanes_pergroup_gdro"", ""seed"": 2024, ""run_dir"": ""runs/matrix_nhanes_nested/AnchorsOnly_s2024"", ""use_nhanes"": true, ""num_classes"": 2, ""stratified_batching"": true, ""train_frac"": 0.8, ""use_post_pandemic"": true, ""data_split_seed"": 100, ""batch_size"": 128, ""num_workers"": 0, ""epochs"": 100, ""early_stopping_patience"": 25, ""lr"": 0.001, ""weight_decay"": 0.0001, ""optimizer"": ""adam"", ""grad_clip"": 1.0, ""lr_scheduler"": ""cosine"", ""lr_min"": 1e-05, ""latent_dim"": 64, ""head_hidden"": 32, ""common_encoder"": false, ""groups"": [{""name"": ""survey_only"", ""encoder"": ""mlp_tabular_ln"", ""input_dim"": 10, ""hidden_dim"": 64, ""dropout"": 0.1}, {""name"": ""exam"", ""encoder"": ""mlp_tabular_ln"", ""input_dim"": 13, ""hidden_dim"": 64, ""dropout"": 0.1}, {""name"": ""vitals_labs"", ""encoder"": ""mlp_tabular_ln"", ""input_dim"": 20, ""hidden_dim"": 64, ""dropout"": 0.1}], ""anchor_eps"": 0.0001, ""sep_samples_per_class"": 4, ""sep_method"": ""classifier"", ""sep_margin"": 1.0, ""lambda_fit"": 0.1, ""lambda_sep"": 0.1, ""groupdro_enabled"": false, ""groupdro_eta"": 1.0, ""groupdro_gamma"": 0.9, ""groupdro_update_mode"": ""softmax"", ""groupdro_objective"": ""weighted"", ""groupdro_kl_lambda"": 0.0, ""groupdro_uniform_init"": false, ""log_interval"": 20, ""save_every"": 10, ""val_frac"": 0.2, ""use_regret"": false}","{""num_groups"": 3, ""num_classes"": 2, ""train_total"": 10883, ""test_total"": 3401, ""train_group_counts"": [1707, 1694, 7482], ""test_group_counts"": [533, 530, 2338], ""train_class_counts"": [9739, 1144], ""test_class_counts"": [3043, 358], ""train_group_class_counts"": [[1501, 206], [1526, 168], [6712, 770]], ""test_group_class_counts"": [[469, 64], [477, 53], [2097, 241]], ""group_proportions"": [0.15685013323532115, 0.15565560966645225, 0.6874942570982266], ""group_names"": [""survey_only"", ""exam"", ""vitals_labs""], ""group_feature_counts"": {""0"": 10, ""1"": 13, ""2"": 20}, ""max_features"": 20, ""feature_mode"": ""nested"", ""val_total"": 2721}",,2026-09-14T15:46:15.785821,4,0.5475219403373854,0.6974563683402879,0.001,0.7071449573654808,0.7127278342078379,0.6622889305816135,0.7735849056603774,0.6561844863731656,"[0.7136527185501066, 0.6561844863731656, 0.7367272353114606]","[0.6622889305816135, 0.7735849056603774, 0.7023096663815227]","[0.5597023558025345, 0.4331722318792259, 0.5081505675922037]","[0.7032533683864607, 0.7402234636871509]","[[0.6460554371002132, 0.78125], [0.8029350104821803, 0.5094339622641509], [0.6933714830710539, 0.7800829875518672]]","[533, 530, 2338]",0.7968967150544247,"[0.78125, 0.5094339622641509, 0.7800829875518672]","[0.6460554371002132, 0.8029350104821803, 0.6933714830710539]","[0.5640676117775354, 0.5874523234996498, 0.5788137558599897]","[0.3571428571428572, 0.3103448275862069, 0.35074626865671643]","[0.7721715085287847, 0.7750880107590681, 0.8120591162637002]",0.576777897045725,0.5640676117775354,0.7129731716280779,0.7099635806157633,0.6830985915492958,0.7311320754716981,0.6600598354525056,"[0.7691764705882354, 0.6600598354525056, 0.7658188566452784]","[0.6830985915492958, 0.7311320754716981, 0.7156600748262961]","[0.5408479112720755, 0.4794564611225758, 0.49453504766844797]","[0.7026694045174537, 0.8006993006993007]","[[0.656, 0.8823529411764706], [0.7486910994764397, 0.5714285714285714], [0.702622169249106, 0.8290155440414507]]","[426, 424, 1871]",0.8111916830602662,"[0.8823529411764706, 0.5714285714285714, 0.8290155440414507]","[0.656, 0.7486910994764397, 0.702622169249106]","[0.5923444976076555, 0.5650577691394018, 0.5957519047386974]","[0.4, 0.29629629629629634, 0.3755868544600939]","[0.797202614379085, 0.7202069309399152, 0.8359507679386389]",0.584384723828585,0.5650577691394018,,"[NaN, NaN, NaN]",,
"{""run_name"": ""nhanes_pergroup_gdro"", ""seed"": 2024, ""run_dir"": ""runs/matrix_nhanes_nested/AnchorsOnly_s2024"", ""use_nhanes"": true, ""num_classes"": 2, ""stratified_batching"": true, ""train_frac"": 0.8, ""use_post_pandemic"": true, ""data_split_seed"": 100, ""batch_size"": 128, ""num_workers"": 0, ""epochs"": 100, ""early_stopping_patience"": 25, ""lr"": 0.001, ""weight_decay"": 0.0001, ""optimizer"": ""adam"", ""grad_clip"": 1.0, ""lr_scheduler"": ""cosine"", ""lr_min"": 1e-05, ""latent_dim"": 64, ""head_hidden"": 32, ""common_encoder"": false, ""groups"": [{""name"": ""survey_only"", ""encoder"": ""mlp_tabular_ln"", ""input_dim"": 10, ""hidden_dim"": 64, ""dropout"": 0.1}, {""name"": ""exam"", ""encoder"": ""mlp_tabular_ln"", ""input_dim"": 13, ""hidden_dim"": 64, ""dropout"": 0.1}, {""name"": ""vitals_labs"", ""encoder"": ""mlp_tabular_ln"", ""input_dim"": 20, ""hidden_dim"": 64, ""dropout"": 0.1}], ""anchor_eps"": 0.0001, ""sep_samples_per_class"": 4, ""sep_method"": ""classifier"", ""sep_margin"": 1.0, ""lambda_fit"": 0.1, ""lambda_sep"": 0.1, ""groupdro_enabled"": false, ""groupdro_eta"": 1.0, ""groupdro_gamma"": 0.9, ""groupdro_update_mode"": ""softmax"", ""groupdro_objective"": ""weighted"", ""groupdro_kl_lambda"": 0.0, ""groupdro_uniform_init"": false, ""log_interval"": 20, ""save_every"": 10, ""val_frac"": 0.2, ""use_regret"": false}","{""num_groups"": 3, ""num_classes"": 2, ""train_total"": 10883, ""test_total"": 3401, ""train_group_counts"": [1707, 1694, 7482], ""test_group_counts"": [533, 530, 2338], ""train_class_counts"": [9739, 1144], ""test_class_counts"": [3043, 358], ""train_group_class_counts"": [[1501, 206], [1526, 168], [6712, 770]], ""test_group_class_counts"": [[469, 64], [477, 53], [2097, 241]], ""group_proportions"": [0.15685013323532115, 0.15565560966645225, 0.6874942570982266], ""group_names"": [""survey_only"", ""exam"", ""vitals_labs""], ""group_feature_counts"": {""0"": 10, ""1"": 13, ""2"": 20}, ""max_features"": 20, ""feature_mode"": ""nested"", ""val_total"": 2721}",,2026-09-14T15:46:15.785821,5,0.5147834373724491,0.7096175269216487,0.001,0.6724492796236401,0.6427942625946986,0.45590994371482174,0.7735849056603774,0.650353144989339,"[0.650353144989339, 0.7484276729559749, 0.7238022308098706]","[0.45590994371482174, 0.7735849056603774, 0.6988879384088965]","[0.9342656193290598, 0.432585631685226, 0.5098541668577198]","[0.6602037463029905, 0.776536312849162]","[[0.39445628997867804, 0.90625], [0.779874213836478, 0.7169811320754716], [0.6924177396280401, 0.7551867219917012]]","[533, 530, 2338]",0.7885654776875951,"[0.90625, 0.7169811320754716, 0.7551867219917012]","[0.39445628997867804, 0.779874213836478, 0.6924177396280401]","[0.4231601731601731, 0.6244331065759637, 0.5728510094089705]","[0.2857142857142857, 0.3877551020408163, 0.3408239700374532]","[0.77327092217484, 0.8019856809461651, 0.8080640788955571]",0.5401480963817025,0.4231601731601731,0.6758544652701213,0.6345412807073136,0.47183098591549294,0.7193396226415094,0.6641111942159063,"[0.6745882352941176, 0.6641111942159063, 0.7594456143817894]","[0.47183098591549294, 0.7193396226415094, 0.7124532335649385]","[0.9291404600521909, 0.4940513625020548, 0.49664766449463327]","[0.6603696098562628, 0.8076923076923077]","[[0.408, 0.9411764705882353], [0.7329842931937173, 0.5952380952380952], [0.700238379022646, 0.8186528497409327]]","[426, 424, 1871]",0.8023412932037162,"[0.9411764705882353, 0.5952380952380952, 0.8186528497409327]","[0.408, 0.7329842931937173, 0.700238379022646]","[0.43766830350071284, 0.5603001281034587, 0.5918676652805439]","[0.2990654205607477, 0.2958579881656805, 0.3700234192037471]","[0.7833464052287582, 0.7318623784592371, 0.8378930011671926]",0.5299453656282385,0.43766830350071284,,"[NaN, NaN, NaN]",,
"{""run_name"": ""nhanes_pergroup_gdro"", ""seed"": 2024, ""run_dir"": ""runs/matrix_nhanes_nested/AnchorsOnly_s2024"", ""use_nhanes"": true, ""num_classes"": 2, ""stratified_batching"": true, ""train_frac"": 0.8, ""use_post_pandemic"": true, ""data_split_seed"": 100, ""batch_size"": 128, ""num_workers"": 0, ""epochs"": 100, ""early_stopping_patience"": 25, ""lr"": 0.001, ""weight_decay"": 0.0001, ""optimizer"": ""adam"", ""grad_clip"": 1.0, ""lr_scheduler"": ""cosine"", ""lr_min"": 1e-05, ""latent_dim"": 64, ""head_hidden"": 32, ""common_encoder"": false, ""groups"": [{""name"": ""survey_only"", ""encoder"": ""mlp_tabular_ln"", ""input_dim"": 10, ""hidden_dim"": 64, ""dropout"": 0.1}, {""name"": ""exam"", ""encoder"": ""mlp_tabular_ln"", ""input_dim"": 13, ""hidden_dim"": 64, ""dropout"": 0.1}, {""name"": ""vitals_labs"", ""encoder"": ""mlp_tabular_ln"", ""input_dim"": 20, ""hidden_dim"": 64, ""dropout"": 0.1}], ""anchor_eps"": 0.0001, ""sep_samples_per_class"": 4, ""sep_method"": ""classifier"", ""sep_margin"": 1.0, ""lambda_fit"": 0.1, ""lambda_sep"": 0.1, ""groupdro_enabled"": false, ""groupdro_eta"": 1.0, ""groupdro_gamma"": 0.9, ""groupdro_update_mode"": ""softmax"", ""groupdro_objective"": ""weighted"", ""groupdro_kl_lambda"": 0.0, ""groupdro_uniform_init"": false, ""log_interval"": 20, ""save_every"": 10, ""val_frac"": 0.2, ""use_regret"": false}","{""num_groups"": 3, ""num_classes"": 2, ""train_total"": 10883, ""test_total"": 3401, ""train_group_counts"": [1707, 1694, 7482], ""test_group_counts"": [533, 530, 2338], ""train_class_counts"": [9739, 1144], ""test_class_counts"": [3043, 358], ""train_group_class_counts"": [[1501, 206], [1526, 168], [6712, 770]], ""test_group_class_counts"": [[469, 64], [477, 53], [2097, 241]], ""group_proportions"": [0.15685013323532115, 0.15565560966645225, 0.6874942570982266], ""group_names"": [""survey_only"", ""exam"", ""vitals_labs""], ""group_feature_counts"": {""0"": 10, ""1"": 13, ""2"": 20}, ""max_features"": 20, ""feature_mode"": ""nested"", ""val_total"": 2721}",,2026-09-14T15:46:15.785821,6,0.48858066630814984,0.7013553657630895,0.001,0.6865627756542193,0.7080729616557179,0.6676646706586826,0.7811320754716982,0.7346082089552239,"[0.7346082089552239, 0.7610062893081762, 0.7394489658215551]","[0.6754221388367729, 0.7811320754716982, 0.6676646706586826]","[0.5693401947030431, 0.422061128961801, 0.5619046046148422]","[0.6717055537298718, 0.8128491620111732]","[[0.6567164179104478, 0.8125], [0.7861635220125787, 0.7358490566037735], [0.6490224129709108, 0.8298755186721992]]","[533, 530, 2338]",0.8010237801933918,"[0.8125, 0.7358490566037735, 0.8298755186721992]","[0.6567164179104478, 0.7861635220125787, 0.6490224129709108]","[0.5780931856346059, 0.6340563319920954, 0.5588918110599873]","[0.37545126353790614, 0.40206185567010316, 0.33984706881903143]","[0.7752032249466951, 0.8024207903168388, 0.8125280731018625]",0.5903471095622296,0.5588918110599873,0.6865123116501286,0.6977220757931683,0.6766435061464458,0.7193396226415094,0.6323236100723012,"[0.7602352941176471, 0.6323236100723012, 0.7532375700161185]","[0.6971830985915493, 0.7193396226415094, 0.6766435061464458]","[0.5464520630614719, 0.4924091363022596, 0.5482419234302784]","[0.6731006160164271, 0.8006993006993007]","[[0.6773333333333333, 0.8431372549019608], [0.7408376963350786, 0.5238095238095238], [0.6567342073897497, 0.8497409326424871]]","[426, 424, 1871]",0.8110516793268334,"[0.8431372549019608, 0.5238095238095238, 0.8497409326424871]","[0.6773333333333333, 0.7408376963350786, 0.6567342073897497]","[0.5987441130298272, 0.548108011284761, 0.5680874939951472]","[0.39999999999999997, 0.2699386503067485, 0.3515541264737406]","[0.8018039215686275, 0.7270630765395163, 0.8351757273339221]",0.5716465394365785,0.548108011284761,,"[NaN, NaN, NaN]",,
"{""run_name"": ""nhanes_pergroup_gdro"", ""seed"": 2024, ""run_dir"": ""runs/matrix_nhanes_nested/AnchorsOnly_s2024"", ""use_nhanes"": true, ""num_classes"": 2, ""stratified_batching"": true, ""train_frac"": 0.8, ""use_post_pandemic"": true, ""data_split_seed"": 100, ""batch_size"": 128, ""num_workers"": 0, ""epochs"": 100, ""early_stopping_patience"": 25, ""lr"": 0.001, ""weight_decay"": 0.0001, ""optimizer"": ""adam"", ""grad_clip"": 1.0, ""lr_scheduler"": ""cosine"", ""lr_min"": 1e-05, ""latent_dim"": 64, ""head_hidden"": 32, ""common_encoder"": false, ""groups"": [{""name"": ""survey_only"", ""encoder"": ""mlp_tabular_ln"", ""input_dim"": 10, ""hidden_dim"": 64, ""dropout"": 0.1}, {""name"": ""exam"", ""encoder"": ""mlp_tabular_ln"", ""input_dim"": 13, ""hidden_dim"": 64, ""dropout"": 0.1}, {""name"": ""vitals_labs"", ""encoder"": ""mlp_tabular_ln"", ""input_dim"": 20, ""hidden_dim"": 64, ""dropout"": 0.1}], ""anchor_eps"": 0.0001, ""sep_samples_per_class"": 4, ""sep_method"": ""classifier"", ""sep_margin"": 1.0, ""lambda_fit"": 0.1, ""lambda_sep"": 0.1, ""groupdro_enabled"": false, ""groupdro_eta"": 1.0, ""groupdro_gamma"": 0.9, ""groupdro_update_mode"": ""softmax"", ""groupdro_objective"": ""weighted"", ""groupdro_kl_lambda"": 0.0, ""groupdro_uniform_init"": false, ""log_interval"": 20, ""save_every"": 10, ""val_frac"": 0.2, ""use_regret"": false}","{""num_groups"": 3, ""num_classes"": 2, ""train_total"": 10883, ""test_total"": 3401, ""train_group_counts"": [1707, 1694, 7482], ""test_group_counts"": [533, 530, 2338], ""train_class_counts"": [9739, 1144], ""test_class_counts"": [3043, 358], ""train_group_class_counts"": [[1501, 206], [1526, 168], [6712, 770]], ""test_group_class_counts"": [[469, 64], [477, 53], [2097, 241]], ""group_proportions"": [0.15685013323532115, 0.15565560966645225, 0.6874942570982266], ""group_names"": [""survey_only"", ""exam"", ""vitals_labs""], ""group_feature_counts"": {""0"": 10, ""1"": 13, ""2"": 20}, ""max_features"": 20, ""feature_mode"": ""nested"", ""val_total"": 2721}",,2026-09-14T15:46:15.785821,7,0.46942483346302005,0.7043260304050467,0.001,0.6733313731255514,0.7156766686912103,0.6360136869118905,0.7905660377358491,0.7264625533049041,"[0.7264625533049041, 0.7662473794549266, 0.7346584826772884]","[0.7204502814258912, 0.7905660377358491, 0.6360136869118905]","[0.5088113985980177, 0.41541832463534656, 0.6157599769897562]","[0.6562602694709169, 0.8184357541899442]","[[0.7185501066098081, 0.734375], [0.7966457023060797, 0.7358490566037735], [0.6103958035288507, 0.8589211618257261]]","[533, 530, 2338]",0.7935241978567902,"[0.734375, 0.7358490566037735, 0.8589211618257261]","[0.7185501066098081, 0.7966457023060797, 0.6103958035288507]","[0.6028931591237517, 0.6426293441218813, 0.5388928866501426]","[0.38683127572016457, 0.4126984126984127, 0.32727272727272727]","[0.761710421108742, 0.8047941141568767, 0.8131098170276843]",0.5948051299652586,0.5388928866501426,0.6692392502756339,0.698420760245256,0.6435061464457509,0.7276995305164319,0.6773248566442284,"[0.7606274509803922, 0.6773248566442284, 0.753104794135629]","[0.7276995305164319, 0.7240566037735849, 0.6435061464457509]","[0.46704859894201894, 0.47629651933126504, 0.6003488028175106]","[0.6496919917864477, 0.8356643356643356]","[[0.7173333333333334, 0.803921568627451], [0.7356020942408377, 0.6190476190476191], [0.6150178784266984, 0.8911917098445595]]","[426, 424, 1871]",0.8129320371620168,"[0.803921568627451, 0.6190476190476191, 0.8911917098445595]","[0.7173333333333334, 0.7356020942408377, 0.6150178784266984]","[0.6183856917801873, 0.567690041916846, 0.5480121446947003]","[0.4141414141414142, 0.3076923076923077, 0.3402571711177052]","[0.8149019607843138, 0.7471328845674394, 0.8374637954139829]",0.5780292927972446,0.5480121446947003,,"[NaN, NaN, NaN]",,
"{""run_name"": ""nhanes_pergroup_gdro"", ""seed"": 2024, ""run_dir"": ""runs/matrix_nhanes_nested/AnchorsOnly_s2024"", ""use_nhanes"": true, ""num_classes"": 2, ""stratified_batching"": true, ""train_frac"": 0.8, ""use_post_pandemic"": true, ""data_split_seed"": 100, ""batch_size"": 128, ""num_workers"": 0, ""epochs"": 100, ""early_stopping_patience"": 25, ""lr"": 0.001, ""weight_decay"": 0.0001, ""optimizer"": ""adam"", ""grad_clip"": 1.0, ""lr_scheduler"": ""cosine"", ""lr_min"": 1e-05, ""latent_dim"": 64, ""head_hidden"": 32, ""common_encoder"": false, ""groups"": [{""name"": ""survey_only"", ""encoder"": ""mlp_tabular_ln"", ""input_dim"": 10, ""hidden_dim"": 64, ""dropout"": 0.1}, {""name"": ""exam"", ""encoder"": ""mlp_tabular_ln"", ""input_dim"": 13, ""hidden_dim"": 64, ""dropout"": 0.1}, {""name"": ""vitals_labs"", ""encoder"": ""mlp_tabular_ln"", ""input_dim"": 20, ""hidden_dim"": 64, ""dropout"": 0.1}], ""anchor_eps"": 0.0001, ""sep_samples_per_class"": 4, ""sep_method"": ""classifier"", ""sep_margin"": 1.0, ""lambda_fit"": 0.1, ""lambda_sep"": 0.1, ""groupdro_enabled"": false, ""groupdro_eta"": 1.0, ""groupdro_gamma"": 0.9, ""groupdro_update_mode"": ""softmax"", ""groupdro_objective"": ""weighted"", ""groupdro_kl_lambda"": 0.0, ""groupdro_uniform_init"": false, ""log_interval"": 20, ""save_every"": 10, ""val_frac"": 0.2, ""use_regret"": false}","{""num_groups"": 3, ""num_classes"": 2, ""train_total"": 10883, ""test_total"": 3401, ""train_group_counts"": [1707, 1694, 7482], ""test_group_counts"": [533, 530, 2338], ""train_class_counts"": [9739, 1144], ""test_class_counts"": [3043, 358], ""train_group_class_counts"": [[1501, 206], [1526, 168], [6712, 770]], ""test_group_class_counts"": [[469, 64], [477, 53], [2097, 241]], ""group_proportions"": [0.15685013323532115, 0.15565560966645225, 0.6874942570982266], ""group_names"": [""survey_only"", ""exam"", ""vitals_labs""], ""group_feature_counts"": {""0"": 10, ""1"": 13, ""2"": 20}, ""max_features"": 20, ""feature_mode"": ""nested"", ""val_total"": 2721}",,2026-09-14T15:46:15.785821,8,0.45185092603943405,0.7072038618862253,0.001,0.6986180535136725,0.7220803150782125,0.6779298545765612,0.7566037735849057,0.7286451500562946,"[0.7328591417910448, 0.7473794549266247, 0.7286451500562946]","[0.7317073170731707, 0.7566037735849057, 0.6779298545765612]","[0.4782417130457346, 0.4621211638252409, 0.5444777801661164]","[0.6897798225435425, 0.7737430167597765]","[[0.7313432835820896, 0.734375], [0.7589098532494759, 0.7358490566037735], [0.664759179780639, 0.7925311203319502]]","[533, 530, 2338]",0.7974268262905799,"[0.734375, 0.7358490566037735, 0.7925311203319502]","[0.7313432835820896, 0.7589098532494759, 0.664759179780639]","[0.6120637441276918, 0.6127903223066076, 0.5619560416866238]","[0.39662447257383965, 0.37681159420289856, 0.3365638766519824]","[0.7724213752665245, 0.7954985957833947, 0.8106660967950661]",0.5956033693736411,0.5619560416866238,0.6986402058066887,0.7047471688581156,0.6792452830188679,0.7417840375586855,0.6418598853153827,"[0.7516862745098039, 0.6418598853153827, 0.753303957956363]","[0.7417840375586855, 0.6792452830188679, 0.6932121859967931]","[0.4547451603392515, 0.5334271899674896, 0.5295959455518621]","[0.6887063655030801, 0.7832167832167832]","[[0.7386666666666667, 0.7647058823529411], [0.6884816753926701, 0.5952380952380952], [0.6775923718712753, 0.8290155440414507]]","[426, 424, 1871]",0.8071322927585762,"[0.7647058823529411, 0.5952380952380952, 0.8290155440414507]","[0.7386666666666667, 0.6884816753926701, 0.6775923718712753]","[0.6246154832094335, 0.5316895689179092, 0.5781984453158384]","[0.4148936170212766, 0.26881720430107525, 0.3579418344519016]","[0.8017777777777777, 0.7330466217900773, 0.8313715439673435]",0.5781678324810603,0.5316895689179092,,"[NaN, NaN, NaN]",,
"{""run_name"": ""nhanes_pergroup_gdro"", ""seed"": 2024, ""run_dir"": ""runs/matrix_nhanes_nested/AnchorsOnly_s2024"", ""use_nhanes"": true, ""num_classes"": 2, ""stratified_batching"": true, ""train_frac"": 0.8, ""use_post_pandemic"": true, ""data_split_seed"": 100, ""batch_size"": 128, ""num_workers"": 0, ""epochs"": 100, ""early_stopping_patience"": 25, ""lr"": 0.001, ""weight_decay"": 0.0001, ""optimizer"": ""adam"", ""grad_clip"": 1.0, ""lr_scheduler"": ""cosine"", ""lr_min"": 1e-05, ""latent_dim"": 64, ""head_hidden"": 32, ""common_encoder"": false, ""groups"": [{""name"": ""survey_only"", ""encoder"": ""mlp_tabular_ln"", ""input_dim"": 10, ""hidden_dim"": 64, ""dropout"": 0.1}, {""name"": ""exam"", ""encoder"": ""mlp_tabular_ln"", ""input_dim"": 13, ""hidden_dim"": 64, ""dropout"": 0.1}, {""name"": ""vitals_labs"", ""encoder"": ""mlp_tabular_ln"", ""input_dim"": 20, ""hidden_dim"": 64, ""dropout"": 0.1}], ""anchor_eps"": 0.0001, ""sep_samples_per_class"": 4, ""sep_method"": ""classifier"", ""sep_margin"": 1.0, ""lambda_fit"": 0.1, ""lambda_sep"": 0.1, ""groupdro_enabled"": false, ""groupdro_eta"": 1.0, ""groupdro_gamma"": 0.9, ""groupdro_update_mode"": ""softmax"", ""groupdro_objective"": ""weighted"", ""groupdro_kl_lambda"": 0.0, ""groupdro_uniform_init"": false, ""log_interval"": 20, ""save_every"": 10, ""val_frac"": 0.2, ""use_regret"": false}","{""num_groups"": 3, ""num_classes"": 2, ""train_total"": 10883, ""test_total"": 3401, ""train_group_counts"": [1707, 1694, 7482], ""test_group_counts"": [533, 530, 2338], ""train_class_counts"": [9739, 1144], ""test_class_counts"": [3043, 358], ""train_group_class_counts"": [[1501, 206], [1526, 168], [6712, 770]], ""test_group_class_counts"": [[469, 64], [477, 53], [2097, 241]], ""group_proportions"": [0.15685013323532115, 0.15565560966645225, 0.6874942570982266], ""group_names"": [""survey_only"", ""exam"", ""vitals_labs""], ""group_feature_counts"": {""0"": 10, ""1"": 13, ""2"": 20}, ""max_features"": 20, ""feature_mode"": ""nested"", ""val_total"": 2721}",,2026-09-14T15:46:15.785821,9,0.4331239479826677,0.7111028592868937,0.001,0.6742134666274625,0.674940882509822,0.626641651031895,0.7245283018867924,0.6933968550106611,"[0.6933968550106611, 0.7379454926624738, 0.7336058031924682]","[0.626641651031895, 0.7245283018867924, 0.6736526946107785]","[0.6236944994932883, 0.500227179941897, 0.5460693046239096]","[0.659875123233651, 0.7960893854748603]","[[0.605543710021322, 0.78125], [0.7211740041928721, 0.7547169811320755], [0.6580829756795422, 0.8091286307053942]]","[533, 530, 2338]",0.8006593574042081,"[0.78125, 0.7547169811320755, 0.8091286307053942]","[0.605543710021322, 0.7211740041928721, 0.6580829756795422]","[0.5374978742701662, 0.5894611744232932, 0.5608356337082618]","[0.33444816053511706, 0.35398230088495575, 0.3382480485689505]","[0.7707722547974414, 0.7948261540287173, 0.8108402242286452]",0.5625982274672404,0.5374978742701662,0.6821021683204704,0.6737402682518407,0.6627358490566038,0.689470871191876,0.6750810271752681,"[0.7527058823529412, 0.6750810271752681, 0.7535108413050324]","[0.6690140845070423, 0.6627358490566038, 0.689470871191876]","[0.6037154849028399, 0.5701932796070633, 0.5283698123426265]","[0.6661190965092403, 0.8181818181818182]","[[0.6426666666666667, 0.8627450980392157], [0.6596858638743456, 0.6904761904761905], [0.6728247914183552, 0.8341968911917098]]","[426, 424, 1871]",0.8140025272468804,"[0.8627450980392157, 0.6904761904761905, 0.8341968911917098]","[0.6426666666666667, 0.6596858638743456, 0.6728247914183552]","[0.57897761921117, 0.5337685605973225, 0.5759698114031854]","[0.38427947598253276, 0.2885572139303483, 0.3565891472868217]","[0.7925490196078431, 0.7471952131637996, 0.8363707102583262]",0.5629053304038926,0.5337685605973225,,"[NaN, NaN, NaN]",,
"{""run_name"": ""nhanes_pergroup_gdro"", ""seed"": 2024, ""run_dir"": ""runs/matrix_nhanes_nested/AnchorsOnly_s2024"", ""use_nhanes"": true, ""num_classes"": 2, ""stratified_batching"": true, ""train_frac"": 0.8, ""use_post_pandemic"": true, ""data_split_seed"": 100, ""batch_size"": 128, ""num_workers"": 0, ""epochs"": 100, ""early_stopping_patience"": 25, ""lr"": 0.001, ""weight_decay"": 0.0001, ""optimizer"": ""adam"", ""grad_clip"": 1.0, ""lr_scheduler"": ""cosine"", ""lr_min"": 1e-05, ""latent_dim"": 64, ""head_hidden"": 32, ""common_encoder"": false, ""groups"": [{""name"": ""survey_only"", ""encoder"": ""mlp_tabular_ln"", ""input_dim"": 10, ""hidden_dim"": 64, ""dropout"": 0.1}, {""name"": ""exam"", ""encoder"": ""mlp_tabular_ln"", ""input_dim"": 13, ""hidden_dim"": 64, ""dropout"": 0.1}, {""name"": ""vitals_labs"", ""encoder"": ""mlp_tabular_ln"", ""input_dim"": 20, ""hidden_dim"": 64, ""dropout"": 0.1}], ""anchor_eps"": 0.0001, ""sep_samples_per_class"": 4, ""sep_method"": ""classifier"", ""sep_margin"": 1.0, ""lambda_fit"": 0.1, ""lambda_sep"": 0.1, ""groupdro_enabled"": false, ""groupdro_eta"": 1.0, ""groupdro_gamma"": 0.9, ""groupdro_update_mode"": ""softmax"", ""groupdro_objective"": ""weighted"", ""groupdro_kl_lambda"": 0.0, ""groupdro_uniform_init"": false, ""log_interval"": 20, ""save_every"": 10, ""val_frac"": 0.2, ""use_regret"": false}","{""num_groups"": 3, ""num_classes"": 2, ""train_total"": 10883, ""test_total"": 3401, ""train_group_counts"": [1707, 1694, 7482], ""test_group_counts"": [533, 530, 2338], ""train_class_counts"": [9739, 1144], ""test_class_counts"": [3043, 358], ""train_group_class_counts"": [[1501, 206], [1526, 168], [6712, 770]], ""test_group_class_counts"": [[469, 64], [477, 53], [2097, 241]], ""group_proportions"": [0.15685013323532115, 0.15565560966645225, 0.6874942570982266], ""group_names"": [""survey_only"", ""exam"", ""vitals_labs""], ""group_feature_counts"": {""0"": 10, ""1"": 13, ""2"": 20}, ""max_features"": 20, ""feature_mode"": ""nested"", ""val_total"": 2721}",,2026-09-14T15:46:15.785821,10,0.4187959401062152,0.7242851838320107,0.001,0.6956777418406351,0.6815958258609083,0.5534709193245778,0.7830188679245284,0.6990438432835822,"[0.6990438432835822, 0.7452830188679245, 0.7272115668105197]","[0.5534709193245778, 0.7830188679245284, 0.7082976903336184]","[0.7813983171965095, 0.41340868377416695, 0.5044804754347514]","[0.6871508379888268, 0.7681564245810056]","[[0.5074626865671642, 0.890625], [0.7924528301886793, 0.6981132075471698], [0.7033857892226991, 0.7510373443983402]]","[533, 530, 2338]",0.7975856301760428,"[0.890625, 0.6981132075471698, 0.7510373443983402]","[0.5074626865671642, 0.7924528301886793, 0.7033857892226991]","[0.49526515151515155, 0.6297511222884357, 0.5794839823113407]","[0.32386363636363635, 0.39153439153439146, 0.3467432950191571]","[0.7739872068230277, 0.8019065701514972, 0.8113546916460385]",0.5681667520383092,0.49526515151515155,0.6986402058066887,0.6728218317205462,0.5516431924882629,0.7452830188679245,0.6785090999750686,"[0.7114509803921568, 0.6785090999750686, 0.7415841706447968]","[0.5516431924882629, 0.7452830188679245, 0.7215392838054516]","[0.7566724435706129, 0.4771800219330647, 0.48944700716281403]","[0.6903490759753593, 0.7692307692307693]","[[0.5013333333333333, 0.9215686274509803], [0.7617801047120419, 0.5952380952380952], [0.7163289630512515, 0.7668393782383419]]","[426, 424, 1871]",0.8081424735428842,"[0.9215686274509803, 0.5952380952380952, 0.7668393782383419]","[0.5013333333333333, 0.7617801047120419, 0.7163289630512515]","[0.49648194560475256, 0.5799669785360484, 0.5920907217357646]","[0.32982456140350874, 0.3164556962025316, 0.3623011015911873]","[0.7974117647058823, 0.7450137122911993, 0.8323133263754655]",0.5561798819588551,0.49648194560475256,,"[NaN, NaN, NaN]",,
"{""run_name"": ""nhanes_pergroup_gdro"", ""seed"": 2024, ""run_dir"": ""runs/matrix_nhanes_nested/AnchorsOnly_s2024"", ""use_nhanes"": true, ""num_classes"": 2, ""stratified_batching"": true, ""train_frac"": 0.8, ""use_post_pandemic"": true, ""data_split_seed"": 100, ""batch_size"": 128, ""num_workers"": 0, ""epochs"": 100, ""early_stopping_patience"": 25, ""lr"": 0.001, ""weight_decay"": 0.0001, ""optimizer"": ""adam"", ""grad_clip"": 1.0, ""lr_scheduler"": ""cosine"", ""lr_min"": 1e-05, ""latent_dim"": 64, ""head_hidden"": 32, ""common_encoder"": false, ""groups"": [{""name"": ""survey_only"", ""encoder"": ""mlp_tabular_ln"", ""input_dim"": 10, ""hidden_dim"": 64, ""dropout"": 0.1}, {""name"": ""exam"", ""encoder"": ""mlp_tabular_ln"", ""input_dim"": 13, ""hidden_dim"": 64, ""dropout"": 0.1}, {""name"": ""vitals_labs"", ""encoder"": ""mlp_tabular_ln"", ""input_dim"": 20, ""hidden_dim"": 64, ""dropout"": 0.1}], ""anchor_eps"": 0.0001, ""sep_samples_per_class"": 4, ""sep_method"": ""classifier"", ""sep_margin"": 1.0, ""lambda_fit"": 0.1, ""lambda_sep"": 0.1, ""groupdro_enabled"": false, ""groupdro_eta"": 1.0, ""groupdro_gamma"": 0.9, ""groupdro_update_mode"": ""softmax"", ""groupdro_objective"": ""weighted"", ""groupdro_kl_lambda"": 0.0, ""groupdro_uniform_init"": false, ""log_interval"": 20, ""save_every"": 10, ""val_frac"": 0.2, ""use_regret"": false}","{""num_groups"": 3, ""num_classes"": 2, ""train_total"": 10883, ""test_total"": 3401, ""train_group_counts"": [1707, 1694, 7482], ""test_group_counts"": [533, 530, 2338], ""train_class_counts"": [9739, 1144], ""test_class_counts"": [3043, 358], ""train_group_class_counts"": [[1501, 206], [1526, 168], [6712, 770]], ""test_group_class_counts"": [[469, 64], [477, 53], [2097, 241]], ""group_proportions"": [0.15685013323532115, 0.15565560966645225, 0.6874942570982266], ""group_names"": [""survey_only"", ""exam"", ""vitals_labs""], ""group_feature_counts"": {""0"": 10, ""1"": 13, ""2"": 20}, ""max_features"": 20, ""feature_mode"": ""nested"", ""val_total"": 2721}",,2026-09-14T15:46:15.785821,11,0.42144545590704896,0.7107315262232489,0.001,0.6577477212584534,0.6578717907433692,0.5440900562851783,0.7716981132075472,0.6869669509594882,"[0.6869669509594882, 0.7222222222222222, 0.7302924351523714]","[0.5440900562851783, 0.7716981132075472, 0.6578272027373824]","[0.7613746859430288, 0.42791980591071066, 0.5950153949979208]","[0.640157739073283, 0.8072625698324022]","[[0.4989339019189765, 0.875], [0.7840670859538784, 0.660377358490566], [0.6390081068192656, 0.8215767634854771]]","[533, 530, 2338]",0.794773975255968,"[0.875, 0.660377358490566, 0.8215767634854771]","[0.4989339019189765, 0.7840670859538784, 0.6390081068192656]","[0.48686040292387234, 0.6136258201338723, 0.5506093107292508]","[0.3154929577464789, 0.36649214659685864, 0.3311036789297659]","[0.7766524520255863, 0.7831573118151972, 0.8098765871814506]",0.5503651779289985,0.48686040292387234,0.6611539875045939,0.6455517915784538,0.5375586854460094,0.7240566037735849,0.656133133881825,"[0.6780392156862746, 0.656133133881825, 0.7500509488843738]","[0.5375586854460094, 0.7240566037735849, 0.675040085515767]","[0.7592280627558436, 0.49119339355697, 0.5738685610648125]","[0.6439425051334702, 0.8076923076923077]","[[0.49333333333333335, 0.8627450980392157], [0.7408376963350786, 0.5714285714285714], [0.6555423122765197, 0.844559585492228]]","[426, 424, 1871]",0.8088999296391494,"[0.8627450980392157, 0.5714285714285714, 0.844559585492228]","[0.49333333333333335, 0.7408376963350786, 0.6555423122765197]","[0.4806646245242736, 0.55980300811926, 0.5662560930226883]","[0.30877192982456136, 0.29090909090909095, 0.3490364025695931]","[0.7836862745098038, 0.7291199202193966, 0.8364911348941191]",0.535574575222074,0.4806646245242736,,"[NaN, NaN, NaN]",,
"{""run_name"": ""nhanes_pergroup_gdro"", ""seed"": 2024, ""run_dir"": ""runs/matrix_nhanes_nested/AnchorsOnly_s2024"", ""use_nhanes"": true, ""num_classes"": 2, ""stratified_batching"": true, ""train_frac"": 0.8, ""use_post_pandemic"": true, ""data_split_seed"": 100, ""batch_size"": 128, ""num_workers"": 0, ""epochs"": 100, ""early_stopping_patience"": 25, ""lr"": 0.001, ""weight_decay"": 0.0001, ""optimizer"": ""adam"", ""grad_clip"": 1.0, ""lr_scheduler"": ""cosine"", ""lr_min"": 1e-05, ""latent_dim"": 64, ""head_hidden"": 32, ""common_encoder"": false, ""groups"": [{""name"": ""survey_only"", ""encoder"": ""mlp_tabular_ln"", ""input_dim"": 10, ""hidden_dim"": 64, ""dropout"": 0.1}, {""name"": ""exam"", ""encoder"": ""mlp_tabular_ln"", ""input_dim"": 13, ""hidden_dim"": 64, ""dropout"": 0.1}, {""name"": ""vitals_labs"", ""encoder"": ""mlp_tabular_ln"", ""input_dim"": 20, ""hidden_dim"": 64, ""dropout"": 0.1}], ""anchor_eps"": 0.0001, ""sep_samples_per_class"": 4, ""sep_method"": ""classifier"", ""sep_margin"": 1.0, ""lambda_fit"": 0.1, ""lambda_sep"": 0.1, ""groupdro_enabled"": false, ""groupdro_eta"": 1.0, ""groupdro_gamma"": 0.9, ""groupdro_update_mode"": ""softmax"", ""groupdro_objective"": ""weighted"", ""groupdro_kl_lambda"": 0.0, ""groupdro_uniform_init"": false, ""log_interval"": 20, ""save_every"": 10, ""val_frac"": 0.2, ""use_regret"": false}","{""num_groups"": 3, ""num_classes"": 2, ""train_total"": 10883, ""test_total"": 3401, ""train_group_counts"": [1707, 1694, 7482], ""test_group_counts"": [533, 530, 2338], ""train_class_counts"": [9739, 1144], ""test_class_counts"": [3043, 358], ""train_group_class_counts"": [[1501, 206], [1526, 168], [6712, 770]], ""test_group_class_counts"": [[469, 64], [477, 53], [2097, 241]], ""group_proportions"": [0.15685013323532115, 0.15565560966645225, 0.6874942570982266], ""group_names"": [""survey_only"", ""exam"", ""vitals_labs""], ""group_feature_counts"": {""0"": 10, ""1"": 13, ""2"": 20}, ""max_features"": 20, ""feature_mode"": ""nested"", ""val_total"": 2721}",,2026-09-14T15:46:15.785821,12,0.40686261749072805,0.7176011882216081,0.001,0.7253748897383122,0.7244288118765579,0.6923076923076923,0.7547169811320755,0.6969782782515992,"[0.6969782782515992, 0.7379454926624738, 0.7317171141543838]","[0.6923076923076923, 0.7547169811320755, 0.7262617621899059]","[0.4991943696037627, 0.4567406703111768, 0.48888600163776796]","[0.7249424909628656, 0.729050279329609]","[[0.6908315565031983, 0.703125], [0.7589098532494759, 0.7169811320754716], [0.7248450166905103, 0.7385892116182573]]","[533, 530, 2338]",0.7988992045118661,"[0.703125, 0.7169811320754716, 0.7385892116182573]","[0.6908315565031983, 0.7589098532494759, 0.7248450166905103]","[0.5761801326558318, 0.6083536072394898, 0.5917583376986206]","[0.3543307086614173, 0.36893203883495146, 0.357429718875502]","[0.7723880597014925, 0.7837110873778728, 0.8128050940189204]",0.5920973591979807,0.5761801326558318,0.7262036016170526,0.7193508551553025,0.7004716981132075,0.7322287546766435,0.6642358514086263,"[0.7677647058823529, 0.6642358514086263, 0.7337874474300148]","[0.7253521126760564, 0.7004716981132075, 0.7322287546766435]","[0.47214331062638504, 0.5167228035238365, 0.48045736100419634]","[0.7252566735112936, 0.7342657342657343]","[[0.712, 0.8235294117647058], [0.7094240837696335, 0.6190476190476191], [0.7318235995232419, 0.7357512953367875]]","[426, 424, 1871]",0.8087218736089373,"[0.8235294117647058, 0.6190476190476191, 0.7357512953367875]","[0.712, 0.7094240837696335, 0.7318235995232419]","[0.6190934727285233, 0.5503336089051448, 0.5961774823424498]","[0.417910447761194, 0.29050279329608936, 0.36178343949044584]","[0.8017777777777777, 0.7383445524806782, 0.8288240997486522]",0.588534854658706,0.5503336089051448,,"[NaN, NaN, NaN]",,
"{""run_name"": ""nhanes_pergroup_gdro"", ""seed"": 2024, ""run_dir"": ""runs/matrix_nhanes_nested/AnchorsOnly_s2024"", ""use_nhanes"": true, ""num_classes"": 2, ""stratified_batching"": true, ""train_frac"": 0.8, ""use_post_pandemic"": true, ""data_split_seed"": 100, ""batch_size"": 128, ""num_workers"": 0, ""epochs"": 100, ""early_stopping_patience"": 25, ""lr"": 0.001, ""weight_decay"": 0.0001, ""optimizer"": ""adam"", ""grad_clip"": 1.0, ""lr_scheduler"": ""cosine"", ""lr_min"": 1e-05, ""latent_dim"": 64, ""head_hidden"": 32, ""common_encoder"": false, ""groups"": [{""name"": ""survey_only"", ""encoder"": ""mlp_tabular_ln"", ""input_dim"": 10, ""hidden_dim"": 64, ""dropout"": 0.1}, {""name"": ""exam"", ""encoder"": ""mlp_tabular_ln"", ""input_dim"": 13, ""hidden_dim"": 64, ""dropout"": 0.1}, {""name"": ""vitals_labs"", ""encoder"": ""mlp_tabular_ln"", ""input_dim"": 20, ""hidden_dim"": 64, ""dropout"": 0.1}], ""anchor_eps"": 0.0001, ""sep_samples_per_class"": 4, ""sep_method"": ""classifier"", ""sep_margin"": 1.0, ""lambda_fit"": 0.1, ""lambda_sep"": 0.1, ""groupdro_enabled"": false, ""groupdro_eta"": 1.0, ""groupdro_gamma"": 0.9, ""groupdro_update_mode"": ""softmax"", ""groupdro_objective"": ""weighted"", ""groupdro_kl_lambda"": 0.0, ""groupdro_uniform_init"": false, ""log_interval"": 20, ""save_every"": 10, ""val_frac"": 0.2, ""use_regret"": false}","{""num_groups"": 3, ""num_classes"": 2, ""train_total"": 10883, ""test_total"": 3401, ""train_group_counts"": [1707, 1694, 7482], ""test_group_counts"": [533, 530, 2338], ""train_class_counts"": [9739, 1144], ""test_class_counts"": [3043, 358], ""train_group_class_counts"": [[1501, 206], [1526, 168], [6712, 770]], ""test_group_class_counts"": [[469, 64], [477, 53], [2097, 241]], ""group_proportions"": [0.15685013323532115, 0.15565560966645225, 0.6874942570982266], ""group_names"": [""survey_only"", ""exam"", ""vitals_labs""], ""group_feature_counts"": {""0"": 10, ""1"": 13, ""2"": 20}, ""max_features"": 20, ""feature_mode"": ""nested"", ""val_total"": 2721}",,2026-09-14T15:46:15.785821,13,0.3974663444801285,0.7235425176383216,0.001,0.6777418406351073,0.658691869685529,0.6078799249530957,0.6946107784431138,0.7029750799573561,"[0.7029750799573561, 0.7096436058700211, 0.7305991368819713]","[0.6078799249530957, 0.6735849056603773, 0.6946107784431138]","[0.6310276802874731, 0.558747602061408, 0.5371813563625205]","[0.6654617154124219, 0.7821229050279329]","[[0.5778251599147122, 0.828125], [0.6645702306079665, 0.7547169811320755], [0.6852646638054364, 0.7759336099585062]]","[533, 530, 2338]",0.7989978832268216,"[0.828125, 0.7547169811320755, 0.7759336099585062]","[0.5778251599147122, 0.6645702306079665, 0.6852646638054364]","[0.5291061653245408, 0.5509156540350981, 0.5723766722408027]","[0.3365079365079365, 0.316205533596838, 0.34375]","[0.7641424573560768, 0.7832364226098651, 0.8117840740674783]",0.5507994972001472,0.5291061653245408,0.6773245130466741,0.6453648631376389,0.6150234741784038,0.7055050774986639,0.6700947394664672,"[0.7220392156862745, 0.6700947394664672, 0.7532792554669696]","[0.6150234741784038, 0.6155660377358491, 0.7055050774986639]","[0.595005506371419, 0.6284218034932153, 0.5211208841276496]","[0.6616016427104723, 0.8111888111888111]","[[0.5813333333333334, 0.8627450980392157], [0.6020942408376964, 0.7380952380952381], [0.6930870083432658, 0.8134715025906736]]","[426, 424, 1871]",0.8118780603380193,"[0.8627450980392157, 0.7380952380952381, 0.8134715025906736]","[0.5813333333333334, 0.6020942408376964, 0.6930870083432658]","[0.5379365079365079, 0.5069591581951133, 0.58574341850153]","[0.34920634920634924, 0.27555555555555555, 0.3630057803468208]","[0.8073202614379084, 0.731052106706557, 0.8322762726413754]",0.5435463615443837,0.5069591581951133,,"[NaN, NaN, NaN]",,
"{""run_name"": ""nhanes_pergroup_gdro"", ""seed"": 2024, ""run_dir"": ""runs/matrix_nhanes_nested/AnchorsOnly_s2024"", ""use_nhanes"": true, ""num_classes"": 2, ""stratified_batching"": true, ""train_frac"": 0.8, ""use_post_pandemic"": true, ""data_split_seed"": 100, ""batch_size"": 128, ""num_workers"": 0, ""epochs"": 100, ""early_stopping_patience"": 25, ""lr"": 0.001, ""weight_decay"": 0.0001, ""optimizer"": ""adam"", ""grad_clip"": 1.0, ""lr_scheduler"": ""cosine"", ""lr_min"": 1e-05, ""latent_dim"": 64, ""head_hidden"": 32, ""common_encoder"": false, ""groups"": [{""name"": ""survey_only"", ""encoder"": ""mlp_tabular_ln"", ""input_dim"": 10, ""hidden_dim"": 64, ""dropout"": 0.1}, {""name"": ""exam"", ""encoder"": ""mlp_tabular_ln"", ""input_dim"": 13, ""hidden_dim"": 64, ""dropout"": 0.1}, {""name"": ""vitals_labs"", ""encoder"": ""mlp_tabular_ln"", ""input_dim"": 20, ""hidden_dim"": 64, ""dropout"": 0.1}], ""anchor_eps"": 0.0001, ""sep_samples_per_class"": 4, ""sep_method"": ""classifier"", ""sep_margin"": 1.0, ""lambda_fit"": 0.1, ""lambda_sep"": 0.1, ""groupdro_enabled"": false, ""groupdro_eta"": 1.0, ""groupdro_gamma"": 0.9, ""groupdro_update_mode"": ""softmax"", ""groupdro_objective"": ""weighted"", ""groupdro_kl_lambda"": 0.0, ""groupdro_uniform_init"": false, ""log_interval"": 20, ""save_every"": 10, ""val_frac"": 0.2, ""use_regret"": false}","{""num_groups"": 3, ""num_classes"": 2, ""train_total"": 10883, ""test_total"": 3401, ""train_group_counts"": [1707, 1694, 7482], ""test_group_counts"": [533, 530, 2338], ""train_class_counts"": [9739, 1144], ""test_class_counts"": [3043, 358], ""train_group_class_counts"": [[1501, 206], [1526, 168], [6712, 770]], ""test_group_class_counts"": [[469, 64], [477, 53], [2097, 241]], ""group_proportions"": [0.15685013323532115, 0.15565560966645225, 0.6874942570982266], ""group_names"": [""survey_only"", ""exam"", ""vitals_labs""], ""group_feature_counts"": {""0"": 10, ""1"": 13, ""2"": 20}, ""max_features"": 20, ""feature_mode"": ""nested"", ""val_total"": 2721}",,2026-09-14T15:46:15.785821,14,0.3932758916267621,0.7119383586634945,0.001,0.7080270508673919,0.7019799172181017,0.6566604127579737,0.7358490566037735,0.6969616204690832,"[0.6969616204690832, 0.7526205450733753, 0.7264002912677071]","[0.6566604127579737, 0.7358490566037735, 0.7134302822925578]","[0.5659296287500647, 0.47628145833831403, 0.4938524561424097]","[0.7032533683864607, 0.7486033519553073]","[[0.6439232409381663, 0.75], [0.7316561844863732, 0.7735849056603774], [0.7100619933237959, 0.7427385892116183]]","[533, 530, 2338]",0.8024181333842485,"[0.75, 0.7735849056603774, 0.7427385892116183]","[0.6439232409381663, 0.7316561844863732, 0.7100619933237959]","[0.5557787159623451, 0.601152465114279, 0.5822933732677998]","[0.3440860215053763, 0.36936936936936937, 0.3482490272373541]","[0.7709055170575694, 0.7994541355167912, 0.8118434356925622]",0.5797415181148079,0.5557787159623451,0.715178243292907,0.7043333925614671,0.6901408450704225,0.7247461250668092,0.6947145350286712,"[0.7562352941176471, 0.6947145350286712, 0.7502501127051079]","[0.6901408450704225, 0.6981132075471698, 0.7247461250668092]","[0.5283802531297787, 0.5513346546564585, 0.47870779651726625]","[0.7075975359342915, 0.7797202797202797]","[[0.6693333333333333, 0.8431372549019608], [0.6989528795811518, 0.6904761904761905], [0.7181168057210966, 0.7823834196891192]]","[426, 424, 1871]",0.8126642351488347,"[0.8431372549019608, 0.6904761904761905, 0.7823834196891192]","[0.6693333333333333, 0.6989528795811518, 0.7181168057210966]","[0.5931467600497785, 0.5592372413345028, 0.5967883333856406]","[0.39449541284403666, 0.31182795698924737, 0.3696450428396573]","[0.8086013071895425, 0.7393418100224383, 0.8329401520438222]",0.5830574449233074,0.5592372413345028,,"[NaN, NaN, NaN]",,
"{""run_name"": ""nhanes_pergroup_gdro"", ""seed"": 2024, ""run_dir"": ""runs/matrix_nhanes_nested/AnchorsOnly_s2024"", ""use_nhanes"": true, ""num_classes"": 2, ""stratified_batching"": true, ""train_frac"": 0.8, ""use_post_pandemic"": true, ""data_split_seed"": 100, ""batch_size"": 128, ""num_workers"": 0, ""epochs"": 100, ""early_stopping_patience"": 25, ""lr"": 0.001, ""weight_decay"": 0.0001, ""optimizer"": ""adam"", ""grad_clip"": 1.0, ""lr_scheduler"": ""cosine"", ""lr_min"": 1e-05, ""latent_dim"": 64, ""head_hidden"": 32, ""common_encoder"": false, ""groups"": [{""name"": ""survey_only"", ""encoder"": ""mlp_tabular_ln"", ""input_dim"": 10, ""hidden_dim"": 64, ""dropout"": 0.1}, {""name"": ""exam"", ""encoder"": ""mlp_tabular_ln"", ""input_dim"": 13, ""hidden_dim"": 64, ""dropout"": 0.1}, {""name"": ""vitals_labs"", ""encoder"": ""mlp_tabular_ln"", ""input_dim"": 20, ""hidden_dim"": 64, ""dropout"": 0.1}], ""anchor_eps"": 0.0001, ""sep_samples_per_class"": 4, ""sep_method"": ""classifier"", ""sep_margin"": 1.0, ""lambda_fit"": 0.1, ""lambda_sep"": 0.1, ""groupdro_enabled"": false, ""groupdro_eta"": 1.0, ""groupdro_gamma"": 0.9, ""groupdro_update_mode"": ""softmax"", ""groupdro_objective"": ""weighted"", ""groupdro_kl_lambda"": 0.0, ""groupdro_uniform_init"": false, ""log_interval"": 20, ""save_every"": 10, ""val_frac"": 0.2, ""use_regret"": false}","{""num_groups"": 3, ""num_classes"": 2, ""train_total"": 10883, ""test_total"": 3401, ""train_group_counts"": [1707, 1694, 7482], ""test_group_counts"": [533, 530, 2338], ""train_class_counts"": [9739, 1144], ""test_class_counts"": [3043, 358], ""train_group_class_counts"": [[1501, 206], [1526, 168], [6712, 770]], ""test_group_class_counts"": [[469, 64], [477, 53], [2097, 241]], ""group_proportions"": [0.15685013323532115, 0.15565560966645225, 0.6874942570982266], ""group_names"": [""survey_only"", ""exam"", ""vitals_labs""], ""group_feature_counts"": {""0"": 10, ""1"": 13, ""2"": 20}, ""max_features"": 20, ""feature_mode"": ""nested"", ""val_total"": 2721}",,2026-09-14T15:46:15.785821,15,0.3906895999478178,0.7299480133237247,0.001,0.6909732431637754,0.6865357172457651,0.5928705440900562,0.7716981132075472,0.701192697228145,"[0.701192697228145, 0.7473794549266247, 0.7308375727427248]","[0.5928705440900562, 0.7716981132075472, 0.695038494439692]","[0.6044957856927242, 0.4232468024604319, 0.5324601532867592]","[0.6805783766020375, 0.7793296089385475]","[[0.55863539445629, 0.84375], [0.7777777777777778, 0.7169811320754716], [0.6857415355269433, 0.7759336099585062]]","[533, 530, 2338]",0.8011779943711825,"[0.84375, 0.7169811320754716, 0.7759336099585062]","[0.55863539445629, 0.7777777777777778, 0.6857415355269433]","[0.5197300944669365, 0.6227891136455876, 0.5727018286223136]","[0.3323076923076923, 0.38578680203045684, 0.344066237350506]","[0.7821328624733476, 0.7960919267434042, 0.8122866691598549]",0.5717403455782792,0.5197300944669365,0.6876148474825432,0.6728531837299796,0.6126760563380281,0.7051886792452831,0.6350660683121416,"[0.7122352941176471, 0.6350660683121416, 0.739133992478092]","[0.6126760563380281, 0.7051886792452831, 0.7006948156066275]","[0.5824834359990118, 0.4912567491341659, 0.5175891814656722]","[0.6788501026694045, 0.7622377622377622]","[[0.5813333333333334, 0.8431372549019608], [0.7225130890052356, 0.5476190476190477], [0.6907032181168057, 0.7875647668393783]]","[426, 424, 1871]",0.8060847776453526,"[0.8431372549019608, 0.5476190476190477, 0.7875647668393783]","[0.5813333333333334, 0.7225130890052356, 0.6907032181168057]","[0.5340435263935938, 0.5421838693237278, 0.5786361413533061]","[0.3426294820717132, 0.2690058479532164, 0.35185185185185186]","[0.7993986928104575, 0.7342308651209175, 0.8283547524501782]",0.5516211790235426,0.5340435263935938,,"[NaN, NaN, NaN]",,
"{""run_name"": ""nhanes_pergroup_gdro"", ""seed"": 2024, ""run_dir"": ""runs/matrix_nhanes_nested/AnchorsOnly_s2024"", ""use_nhanes"": true, ""num_classes"": 2, ""stratified_batching"": true, ""train_frac"": 0.8, ""use_post_pandemic"": true, ""data_split_seed"": 100, ""batch_size"": 128, ""num_workers"": 0, ""epochs"": 100, ""early_stopping_patience"": 25, ""lr"": 0.001, ""weight_decay"": 0.0001, ""optimizer"": ""adam"", ""grad_clip"": 1.0, ""lr_scheduler"": ""cosine"", ""lr_min"": 1e-05, ""latent_dim"": 64, ""head_hidden"": 32, ""common_encoder"": false, ""groups"": [{""name"": ""survey_only"", ""encoder"": ""mlp_tabular_ln"", ""input_dim"": 10, ""hidden_dim"": 64, ""dropout"": 0.1}, {""name"": ""exam"", ""encoder"": ""mlp_tabular_ln"", ""input_dim"": 13, ""hidden_dim"": 64, ""dropout"": 0.1}, {""name"": ""vitals_labs"", ""encoder"": ""mlp_tabular_ln"", ""input_dim"": 20, ""hidden_dim"": 64, ""dropout"": 0.1}], ""anchor_eps"": 0.0001, ""sep_samples_per_class"": 4, ""sep_method"": ""classifier"", ""sep_margin"": 1.0, ""lambda_fit"": 0.1, ""lambda_sep"": 0.1, ""groupdro_enabled"": false, ""groupdro_eta"": 1.0, ""groupdro_gamma"": 0.9, ""groupdro_update_mode"": ""softmax"", ""groupdro_objective"": ""weighted"", ""groupdro_kl_lambda"": 0.0, ""groupdro_uniform_init"": false, ""log_interval"": 20, ""save_every"": 10, ""val_frac"": 0.2, ""use_regret"": false}","{""num_groups"": 3, ""num_classes"": 2, ""train_total"": 10883, ""test_total"": 3401, ""train_group_counts"": [1707, 1694, 7482], ""test_group_counts"": [533, 530, 2338], ""train_class_counts"": [9739, 1144], ""test_class_counts"": [3043, 358], ""train_group_class_counts"": [[1501, 206], [1526, 168], [6712, 770]], ""test_group_class_counts"": [[469, 64], [477, 53], [2097, 241]], ""group_proportions"": [0.15685013323532115, 0.15565560966645225, 0.6874942570982266], ""group_names"": [""survey_only"", ""exam"", ""vitals_labs""], ""group_feature_counts"": {""0"": 10, ""1"": 13, ""2"": 20}, ""max_features"": 20, ""feature_mode"": ""nested"", ""val_total"": 2721}",,2026-09-14T15:46:15.785821,16,0.3734961668222401,0.7340326773558148,0.001,0.6886209938253455,0.6911889677000964,0.6153846153846154,0.7716981132075472,0.6937466684434968,"[0.6937466684434968, 0.7222222222222222, 0.7150513379120933]","[0.6153846153846154, 0.7716981132075472, 0.6864841745081266]","[0.6506128894325912, 0.41607424302931595, 0.521955194246648]","[0.6818928688793954, 0.7458100558659218]","[[0.5906183368869936, 0.796875], [0.7840670859538784, 0.660377358490566], [0.6790653314258465, 0.7510373443983402]]","[533, 530, 2338]",0.7966777859984541,"[0.796875, 0.660377358490566, 0.7510373443983402]","[0.5906183368869936, 0.7840670859538784, 0.6790653314258465]","[0.5310776651946458, 0.6136258201338723, 0.5629510901651155]","[0.33224755700325725, 0.36649214659685864, 0.33059360730593607]","[0.7748534115138592, 0.7881017364819429, 0.808738822700677]",0.5692181918312113,0.5310776651946458,0.6912899669239251,0.6837253200524698,0.6314553990610329,0.7216981132075472,0.6548242333582648,"[0.7313725490196079, 0.6548242333582648, 0.7376441235865545]","[0.6314553990610329, 0.7216981132075472, 0.6980224478888295]","[0.6142873793773183, 0.48037074988157125, 0.5078097571761838]","[0.682135523613963, 0.7692307692307693]","[[0.6, 0.8627450980392157], [0.7382198952879581, 0.5714285714285714], [0.6877234803337307, 0.7875647668393783]]","[426, 424, 1871]",0.8075702531554688,"[0.8627450980392157, 0.5714285714285714, 0.7875647668393783]","[0.6, 0.7382198952879581, 0.6877234803337307]","[0.5502672897824699, 0.5580680493233933, 0.5765844213636184]","[0.35918367346938773, 0.2891566265060241, 0.34982738780207134]","[0.8014640522875817, 0.7268137621540763, 0.8267429150172609]",0.5616399201564938,0.5502672897824699,,"[NaN, NaN, NaN]",,
"{""run_name"": ""nhanes_pergroup_gdro"", ""seed"": 2024, ""run_dir"": ""runs/matrix_nhanes_nested/AnchorsOnly_s2024"", ""use_nhanes"": true, ""num_classes"": 2, ""stratified_batching"": true, ""train_frac"": 0.8, ""use_post_pandemic"": true, ""data_split_seed"": 100, ""batch_size"": 128, ""num_workers"": 0, ""epochs"": 100, ""early_stopping_patience"": 25, ""lr"": 0.001, ""weight_decay"": 0.0001, ""optimizer"": ""adam"", ""grad_clip"": 1.0, ""lr_scheduler"": ""cosine"", ""lr_min"": 1e-05, ""latent_dim"": 64, ""head_hidden"": 32, ""common_encoder"": false, ""groups"": [{""name"": ""survey_only"", ""encoder"": ""mlp_tabular_ln"", ""input_dim"": 10, ""hidden_dim"": 64, ""dropout"": 0.1}, {""name"": ""exam"", ""encoder"": ""mlp_tabular_ln"", ""input_dim"": 13, ""hidden_dim"": 64, ""dropout"": 0.1}, {""name"": ""vitals_labs"", ""encoder"": ""mlp_tabular_ln"", ""input_dim"": 20, ""hidden_dim"": 64, ""dropout"": 0.1}], ""anchor_eps"": 0.0001, ""sep_samples_per_class"": 4, ""sep_method"": ""classifier"", ""sep_margin"": 1.0, ""lambda_fit"": 0.1, ""lambda_sep"": 0.1, ""groupdro_enabled"": false, ""groupdro_eta"": 1.0, ""groupdro_gamma"": 0.9, ""groupdro_update_mode"": ""softmax"", ""groupdro_objective"": ""weighted"", ""groupdro_kl_lambda"": 0.0, ""groupdro_uniform_init"": false, ""log_interval"": 20, ""save_every"": 10, ""val_frac"": 0.2, ""use_regret"": false}","{""num_groups"": 3, ""num_classes"": 2, ""train_total"": 10883, ""test_total"": 3401, ""train_group_counts"": [1707, 1694, 7482], ""test_group_counts"": [533, 530, 2338], ""train_class_counts"": [9739, 1144], ""test_class_counts"": [3043, 358], ""train_group_class_counts"": [[1501, 206], [1526, 168], [6712, 770]], ""test_group_class_counts"": [[469, 64], [477, 53], [2097, 241]], ""group_proportions"": [0.15685013323532115, 0.15565560966645225, 0.6874942570982266], ""group_names"": [""survey_only"", ""exam"", ""vitals_labs""], ""group_feature_counts"": {""0"": 10, ""1"": 13, ""2"": 20}, ""max_features"": 20, ""feature_mode"": ""nested"", ""val_total"": 2721}",,2026-09-14T15:46:15.785821,17,0.37987312120086325,0.7317118455033031,0.001,0.6798000588062335,0.6588162745929127,0.5553470919324578,0.7226415094339622,0.6866171375266524,"[0.6866171375266524, 0.7368972746331237, 0.7309088066928253]","[0.5553470919324578, 0.7226415094339622, 0.6984602224123182]","[0.7017100811075405, 0.4949278373629259, 0.5345692590598142]","[0.6674334538284588, 0.7849162011173184]","[[0.5138592750533049, 0.859375], [0.7190775681341719, 0.7547169811320755], [0.6900333810205055, 0.7717842323651453]]","[533, 530, 2338]",0.7979624451759417,"[0.859375, 0.7547169811320755, 0.7717842323651453]","[0.5138592750533049, 0.7190775681341719, 0.6900333810205055]","[0.4936892017010497, 0.5879761596268464, 0.5747580765625858]","[0.31700288184438036, 0.35242290748898686, 0.34540389972144847]","[0.7682735874200426, 0.7911475020766583, 0.8092552688389064]",0.552141145963494,0.4936892017010497,0.6758544652701213,0.642905723803383,0.5657276995305164,0.7049706039551042,0.661867364746946,"[0.7025098039215686, 0.661867364746946, 0.741517782704552]","[0.5657276995305164, 0.6580188679245284, 0.7049706039551042]","[0.671850534513409, 0.5743098997219657, 0.5216435814744363]","[0.6628336755646818, 0.7867132867132867]","[[0.5226666666666666, 0.8823529411764706], [0.6570680628272252, 0.6666666666666666], [0.6954707985697258, 0.7875647668393783]]","[426, 424, 1871]",0.8068644907453942,"[0.8823529411764706, 0.6666666666666666, 0.7875647668393783]","[0.5226666666666666, 0.6570680628272252, 0.6954707985697258]","[0.5033244052308177, 0.5272478411651172, 0.5819359978238482]","[0.32727272727272727, 0.27860696517412936, 0.35514018691588783]","[0.8018039215686273, 0.7306781351283969, 0.8268509884083569]",0.537502748073261,0.5033244052308177,,"[NaN, NaN, NaN]",,
"{""run_name"": ""nhanes_pergroup_gdro"", ""seed"": 2024, ""run_dir"": ""runs/matrix_nhanes_nested/AnchorsOnly_s2024"", ""use_nhanes"": true, ""num_classes"": 2, ""stratified_batching"": true, ""train_frac"": 0.8, ""use_post_pandemic"": true, ""data_split_seed"": 100, ""batch_size"": 128, ""num_workers"": 0, ""epochs"": 100, ""early_stopping_patience"": 25, ""lr"": 0.001, ""weight_decay"": 0.0001, ""optimizer"": ""adam"", ""grad_clip"": 1.0, ""lr_scheduler"": ""cosine"", ""lr_min"": 1e-05, ""latent_dim"": 64, ""head_hidden"": 32, ""common_encoder"": false, ""groups"": [{""name"": ""survey_only"", ""encoder"": ""mlp_tabular_ln"", ""input_dim"": 10, ""hidden_dim"": 64, ""dropout"": 0.1}, {""name"": ""exam"", ""encoder"": ""mlp_tabular_ln"", ""input_dim"": 13, ""hidden_dim"": 64, ""dropout"": 0.1}, {""name"": ""vitals_labs"", ""encoder"": ""mlp_tabular_ln"", ""input_dim"": 20, ""hidden_dim"": 64, ""dropout"": 0.1}], ""anchor_eps"": 0.0001, ""sep_samples_per_class"": 4, ""sep_method"": ""classifier"", ""sep_margin"": 1.0, ""lambda_fit"": 0.1, ""lambda_sep"": 0.1, ""groupdro_enabled"": false, ""groupdro_eta"": 1.0, ""groupdro_gamma"": 0.9, ""groupdro_update_mode"": ""softmax"", ""groupdro_objective"": ""weighted"", ""groupdro_kl_lambda"": 0.0, ""groupdro_uniform_init"": false, ""log_interval"": 20, ""save_every"": 10, ""val_frac"": 0.2, ""use_regret"": false}","{""num_groups"": 3, ""num_classes"": 2, ""train_total"": 10883, ""test_total"": 3401, ""train_group_counts"": [1707, 1694, 7482], ""test_group_counts"": [533, 530, 2338], ""train_class_counts"": [9739, 1144], ""test_class_counts"": [3043, 358], ""train_group_class_counts"": [[1501, 206], [1526, 168], [6712, 770]], ""test_group_class_counts"": [[469, 64], [477, 53], [2097, 241]], ""group_proportions"": [0.15685013323532115, 0.15565560966645225, 0.6874942570982266], ""group_names"": [""survey_only"", ""exam"", ""vitals_labs""], ""group_feature_counts"": {""0"": 10, ""1"": 13, ""2"": 20}, ""max_features"": 20, ""feature_mode"": ""nested"", ""val_total"": 2721}",,2026-09-14T15:46:15.785821,18,0.37320832528016223,0.7230783513032323,0.001,0.7200823287268451,0.7238858300350595,0.651031894934334,0.8037735849056604,0.7140025319829424,"[0.7140025319829424, 0.7232704402515724, 0.7246352722818807]","[0.651031894934334, 0.8037735849056604, 0.716852010265184]","[0.6154229668873614, 0.3831447579835202, 0.4996533012814789]","[0.7190272757147552, 0.729050279329609]","[[0.6311300639658849, 0.796875], [0.8238993710691824, 0.6226415094339622], [0.714830710538865, 0.7344398340248963]]","[533, 530, 2338]",0.7933658529420944,"[0.796875, 0.6226415094339622, 0.7344398340248963]","[0.6311300639658849, 0.8238993710691824, 0.714830710538865]","[0.557546058269066, 0.6356906807666888, 0.5837754399552515]","[0.3541666666666667, 0.38823529411764707, 0.3484251968503937]","[0.7721881663113006, 0.7865195205885844, 0.805839996675749]",0.592337392997002,0.557546058269066,0.7122381477398015,0.700546234344531,0.6455399061032864,0.7334905660377359,0.6613687359760658,"[0.7139607843137254, 0.6613687359760658, 0.7375947186077677]","[0.6455399061032864, 0.7334905660377359, 0.7226082308925709]","[0.6019263380940046, 0.4533307401089364, 0.4857955556168427]","[0.7092402464065708, 0.7377622377622378]","[[0.624, 0.803921568627451], [0.7513089005235603, 0.5714285714285714], [0.7187127532777116, 0.7564766839378239]]","[426, 424, 1871]",0.8006641202739765,"[0.803921568627451, 0.5714285714285714, 0.7564766839378239]","[0.624, 0.7513089005235603, 0.7187127532777116]","[0.553994744395987, 0.5668266927048017, 0.591488325190857]","[0.351931330472103, 0.2981366459627329, 0.3600493218249075]","[0.7856470588235294, 0.7346671652954375, 0.8206599270041439]",0.5707699207638819,0.553994744395987,,"[NaN, NaN, NaN]",,
"{""run_name"": ""nhanes_pergroup_gdro"", ""seed"": 2024, ""run_dir"": ""runs/matrix_nhanes_nested/AnchorsOnly_s2024"", ""use_nhanes"": true, ""num_classes"": 2, ""stratified_batching"": true, ""train_frac"": 0.8, ""use_post_pandemic"": true, ""data_split_seed"": 100, ""batch_size"": 128, ""num_workers"": 0, ""epochs"": 100, ""early_stopping_patience"": 25, ""lr"": 0.001, ""weight_decay"": 0.0001, ""optimizer"": ""adam"", ""grad_clip"": 1.0, ""lr_scheduler"": ""cosine"", ""lr_min"": 1e-05, ""latent_dim"": 64, ""head_hidden"": 32, ""common_encoder"": false, ""groups"": [{""name"": ""survey_only"", ""encoder"": ""mlp_tabular_ln"", ""input_dim"": 10, ""hidden_dim"": 64, ""dropout"": 0.1}, {""name"": ""exam"", ""encoder"": ""mlp_tabular_ln"", ""input_dim"": 13, ""hidden_dim"": 64, ""dropout"": 0.1}, {""name"": ""vitals_labs"", ""encoder"": ""mlp_tabular_ln"", ""input_dim"": 20, ""hidden_dim"": 64, ""dropout"": 0.1}], ""anchor_eps"": 0.0001, ""sep_samples_per_class"": 4, ""sep_method"": ""classifier"", ""sep_margin"": 1.0, ""lambda_fit"": 0.1, ""lambda_sep"": 0.1, ""groupdro_enabled"": false, ""groupdro_eta"": 1.0, ""groupdro_gamma"": 0.9, ""groupdro_update_mode"": ""softmax"", ""groupdro_objective"": ""weighted"", ""groupdro_kl_lambda"": 0.0, ""groupdro_uniform_init"": false, ""log_interval"": 20, ""save_every"": 10, ""val_frac"": 0.2, ""use_regret"": false}","{""num_groups"": 3, ""num_classes"": 2, ""train_total"": 10883, ""test_total"": 3401, ""train_group_counts"": [1707, 1694, 7482], ""test_group_counts"": [533, 530, 2338], ""train_class_counts"": [9739, 1144], ""test_class_counts"": [3043, 358], ""train_group_class_counts"": [[1501, 206], [1526, 168], [6712, 770]], ""test_group_class_counts"": [[469, 64], [477, 53], [2097, 241]], ""group_proportions"": [0.15685013323532115, 0.15565560966645225, 0.6874942570982266], ""group_names"": [""survey_only"", ""exam"", ""vitals_labs""], ""group_feature_counts"": {""0"": 10, ""1"": 13, ""2"": 20}, ""max_features"": 20, ""feature_mode"": ""nested"", ""val_total"": 2721}",,2026-09-14T15:46:15.785821,19,0.3693611907153337,0.7242851838320107,0.001,0.7227286092325786,0.7154205619598809,0.6622889305816135,0.7547169811320755,0.7203991204690832,"[0.7203991204690832, 0.7379454926624738, 0.733386165179658]","[0.6622889305816135, 0.7547169811320755, 0.7292557741659538]","[0.5459944983990382, 0.47097252939206125, 0.47816337773454287]","[0.7200131449227736, 0.7458100558659218]","[[0.6439232409381663, 0.796875], [0.7589098532494759, 0.7169811320754716], [0.7281831187410587, 0.7385892116182573]]","[533, 530, 2338]",0.7999378553581166,"[0.796875, 0.7169811320754716, 0.7385892116182573]","[0.6439232409381663, 0.7589098532494759, 0.7281831187410587]","[0.5660551454624403, 0.6083536072394898, 0.5941376294652075]","[0.3617021276595745, 0.36893203883495146, 0.3599595551061678]","[0.7747701226012793, 0.7914639452553301, 0.8103495014612854]",0.5895154607223793,0.5660551454624403,0.7129731716280779,0.692968949007733,0.6643192488262911,0.7306253340459647,0.6444776863625031,"[0.7415686274509804, 0.6444776863625031, 0.7397716254855583]","[0.6643192488262911, 0.6839622641509434, 0.7306253340459647]","[0.5235545768913815, 0.5532565137562517, 0.469516658296015]","[0.7092402464065708, 0.7447552447552448]","[[0.64, 0.8431372549019608], [0.693717277486911, 0.5952380952380952], [0.7282479141835518, 0.7512953367875648]]","[426, 424, 1871]",0.8011853649430651,"[0.8431372549019608, 0.5952380952380952, 0.7512953367875648]","[0.64, 0.693717277486911, 0.7282479141835518]","[0.5730056705474987, 0.5349659507595599, 0.5971379648585557]","[0.3755458515283843, 0.2717391304347826, 0.36523929471032746]","[0.7921830065359478, 0.7359137372226376, 0.8203357068308559]",0.5683698620552048,0.5349659507595599,,"[NaN, NaN, NaN]",,
"{""run_name"": ""nhanes_pergroup_gdro"", ""seed"": 2024, ""run_dir"": ""runs/matrix_nhanes_nested/AnchorsOnly_s2024"", ""use_nhanes"": true, ""num_classes"": 2, ""stratified_batching"": true, ""train_frac"": 0.8, ""use_post_pandemic"": true, ""data_split_seed"": 100, ""batch_size"": 128, ""num_workers"": 0, ""epochs"": 100, ""early_stopping_patience"": 25, ""lr"": 0.001, ""weight_decay"": 0.0001, ""optimizer"": ""adam"", ""grad_clip"": 1.0, ""lr_scheduler"": ""cosine"", ""lr_min"": 1e-05, ""latent_dim"": 64, ""head_hidden"": 32, ""common_encoder"": false, ""groups"": [{""name"": ""survey_only"", ""encoder"": ""mlp_tabular_ln"", ""input_dim"": 10, ""hidden_dim"": 64, ""dropout"": 0.1}, {""name"": ""exam"", ""encoder"": ""mlp_tabular_ln"", ""input_dim"": 13, ""hidden_dim"": 64, ""dropout"": 0.1}, {""name"": ""vitals_labs"", ""encoder"": ""mlp_tabular_ln"", ""input_dim"": 20, ""hidden_dim"": 64, ""dropout"": 0.1}], ""anchor_eps"": 0.0001, ""sep_samples_per_class"": 4, ""sep_method"": ""classifier"", ""sep_margin"": 1.0, ""lambda_fit"": 0.1, ""lambda_sep"": 0.1, ""groupdro_enabled"": false, ""groupdro_eta"": 1.0, ""groupdro_gamma"": 0.9, ""groupdro_update_mode"": ""softmax"", ""groupdro_objective"": ""weighted"", ""groupdro_kl_lambda"": 0.0, ""groupdro_uniform_init"": false, ""log_interval"": 20, ""save_every"": 10, ""val_frac"": 0.2, ""use_regret"": false}","{""num_groups"": 3, ""num_classes"": 2, ""train_total"": 10883, ""test_total"": 3401, ""train_group_counts"": [1707, 1694, 7482], ""test_group_counts"": [533, 530, 2338], ""train_class_counts"": [9739, 1144], ""test_class_counts"": [3043, 358], ""train_group_class_counts"": [[1501, 206], [1526, 168], [6712, 770]], ""test_group_class_counts"": [[469, 64], [477, 53], [2097, 241]], ""group_proportions"": [0.15685013323532115, 0.15565560966645225, 0.6874942570982266], ""group_names"": [""survey_only"", ""exam"", ""vitals_labs""], ""group_feature_counts"": {""0"": 10, ""1"": 13, ""2"": 20}, ""max_features"": 20, ""feature_mode"": ""nested"", ""val_total"": 2721}",,2026-09-14T15:46:15.785821,20,0.35446384199436737,0.738117341277239,0.001,0.6897971184945604,0.679121006304651,0.6116322701688556,0.7264150943396226,0.6983608742004264,"[0.6983608742004264, 0.7389937106918238, 0.7313856784143322]","[0.6116322701688556, 0.7264150943396226, 0.6993156544054747]","[0.6084247188558313, 0.5252725493202133, 0.5425466058406296]","[0.6795925073940191, 0.776536312849162]","[[0.5842217484008528, 0.8125], [0.7232704402515723, 0.7547169811320755], [0.6909871244635193, 0.7717842323651453]]","[533, 530, 2338]",0.7958355746405801,"[0.8125, 0.7547169811320755, 0.7717842323651453]","[0.5842217484008528, 0.7232704402515723, 0.6909871244635193]","[0.530116479632035, 0.5909514304723885, 0.575411481306872]","[0.3344051446945337, 0.35555555555555557, 0.34604651162790695]","[0.7670409115138592, 0.7812982081405008, 0.8097994170688417]",0.5654931304704318,0.530116479632035,0.6835722160970231,0.6551000635096668,0.6032863849765259,0.7087119187600214,0.6698454250810272,"[0.7069019607843137, 0.6698454250810272, 0.7458962989495266]","[0.6032863849765259, 0.6533018867924528, 0.7087119187600214]","[0.5835124273989962, 0.6070681544870068, 0.528948088830848]","[0.6714579055441479, 0.7867132867132867]","[[0.5706666666666667, 0.8431372549019608], [0.6492146596858639, 0.6904761904761905], [0.6990464839094159, 0.7927461139896373]]","[426, 424, 1871]",0.798873508421763,"[0.8431372549019608, 0.6904761904761905, 0.7927461139896373]","[0.5706666666666667, 0.6492146596858639, 0.6990464839094159]","[0.527086412454429, 0.5271554830633843, 0.5855304419363794]","[0.3372549019607843, 0.2829268292682927, 0.35957696827262037]","[0.7769673202614379, 0.7342308651209175, 0.8214195285529899]",0.5465907791513976,0.527086412454429,,"[NaN, NaN, NaN]",,
"{""run_name"": ""nhanes_pergroup_gdro"", ""seed"": 2024, ""run_dir"": ""runs/matrix_nhanes_nested/AnchorsOnly_s2024"", ""use_nhanes"": true, ""num_classes"": 2, ""stratified_batching"": true, ""train_frac"": 0.8, ""use_post_pandemic"": true, ""data_split_seed"": 100, ""batch_size"": 128, ""num_workers"": 0, ""epochs"": 100, ""early_stopping_patience"": 25, ""lr"": 0.001, ""weight_decay"": 0.0001, ""optimizer"": ""adam"", ""grad_clip"": 1.0, ""lr_scheduler"": ""cosine"", ""lr_min"": 1e-05, ""latent_dim"": 64, ""head_hidden"": 32, ""common_encoder"": false, ""groups"": [{""name"": ""survey_only"", ""encoder"": ""mlp_tabular_ln"", ""input_dim"": 10, ""hidden_dim"": 64, ""dropout"": 0.1}, {""name"": ""exam"", ""encoder"": ""mlp_tabular_ln"", ""input_dim"": 13, ""hidden_dim"": 64, ""dropout"": 0.1}, {""name"": ""vitals_labs"", ""encoder"": ""mlp_tabular_ln"", ""input_dim"": 20, ""hidden_dim"": 64, ""dropout"": 0.1}], ""anchor_eps"": 0.0001, ""sep_samples_per_class"": 4, ""sep_method"": ""classifier"", ""sep_margin"": 1.0, ""lambda_fit"": 0.1, ""lambda_sep"": 0.1, ""groupdro_enabled"": false, ""groupdro_eta"": 1.0, ""groupdro_gamma"": 0.9, ""groupdro_update_mode"": ""softmax"", ""groupdro_objective"": ""weighted"", ""groupdro_kl_lambda"": 0.0, ""groupdro_uniform_init"": false, ""log_interval"": 20, ""save_every"": 10, ""val_frac"": 0.2, ""use_regret"": false}","{""num_groups"": 3, ""num_classes"": 2, ""train_total"": 10883, ""test_total"": 3401, ""train_group_counts"": [1707, 1694, 7482], ""test_group_counts"": [533, 530, 2338], ""train_class_counts"": [9739, 1144], ""test_class_counts"": [3043, 358], ""train_group_class_counts"": [[1501, 206], [1526, 168], [6712, 770]], ""test_group_class_counts"": [[469, 64], [477, 53], [2097, 241]], ""group_proportions"": [0.15685013323532115, 0.15565560966645225, 0.6874942570982266], ""group_names"": [""survey_only"", ""exam"", ""vitals_labs""], ""group_feature_counts"": {""0"": 10, ""1"": 13, ""2"": 20}, ""max_features"": 20, ""feature_mode"": ""nested"", ""val_total"": 2721}",,2026-09-14T15:46:15.785821,21,0.3561800763127178,0.7364463423691051,0.001,0.691267274331079,0.6755238959482107,0.575984990619137,0.7452830188679245,0.6848514125799574,"[0.6848514125799574, 0.7159329140461216, 0.7237062628493185]","[0.575984990619137, 0.7452830188679245, 0.7053036783575706]","[0.7066460185023339, 0.4834764044438346, 0.5205767689031217]","[0.6841932303647716, 0.7513966480446927]","[[0.5415778251599147, 0.828125], [0.7526205450733753, 0.6792452830188679], [0.7005245588936576, 0.7468879668049793]]","[533, 530, 2338]",0.7914579114627032,"[0.828125, 0.6792452830188679, 0.7468879668049793]","[0.5415778251599147, 0.7526205450733753, 0.7005245588936576]","[0.5056876005383933, 0.594780569855752, 0.5766099135206427]","[0.3192771084337349, 0.34782608695652173, 0.3431839847473785]","[0.76570828891258, 0.7759977848977493, 0.8044192751154088]",0.5590260279715961,0.5056876005383933,0.6901874310915105,0.6644238705981586,0.57981220657277,0.7129877071084981,0.674831712789828,"[0.7020392156862745, 0.674831712789828, 0.7322311905982326]","[0.57981220657277, 0.7004716981132075, 0.7129877071084981]","[0.6739791326773814, 0.5649949915310949, 0.5057399229865565]","[0.682135523613963, 0.7587412587412588]","[[0.5413333333333333, 0.8627450980392157], [0.7068062827225131, 0.6428571428571429], [0.7079856972586412, 0.7564766839378239]]","[426, 424, 1871]",0.7992935196220616,"[0.8627450980392157, 0.6428571428571429, 0.7564766839378239]","[0.5413333333333333, 0.7068062827225131, 0.7079856972586412]","[0.5118025544991837, 0.5539688719176323, 0.5839427846635666]","[0.3295880149812734, 0.2983425414364641, 0.3522316043425814]","[0.7839999999999999, 0.7254425330341561, 0.8199528182452587]",0.5499047370267942,0.5118025544991837,,"[NaN, NaN, NaN]",,
"{""run_name"": ""nhanes_pergroup_gdro"", ""seed"": 2024, ""run_dir"": ""runs/matrix_nhanes_nested/AnchorsOnly_s2024"", ""use_nhanes"": true, ""num_classes"": 2, ""stratified_batching"": true, ""train_frac"": 0.8, ""use_post_pandemic"": true, ""data_split_seed"": 100, ""batch_size"": 128, ""num_workers"": 0, ""epochs"": 100, ""early_stopping_patience"": 25, ""lr"": 0.001, ""weight_decay"": 0.0001, ""optimizer"": ""adam"", ""grad_clip"": 1.0, ""lr_scheduler"": ""cosine"", ""lr_min"": 1e-05, ""latent_dim"": 64, ""head_hidden"": 32, ""common_encoder"": false, ""groups"": [{""name"": ""survey_only"", ""encoder"": ""mlp_tabular_ln"", ""input_dim"": 10, ""hidden_dim"": 64, ""dropout"": 0.1}, {""name"": ""exam"", ""encoder"": ""mlp_tabular_ln"", ""input_dim"": 13, ""hidden_dim"": 64, ""dropout"": 0.1}, {""name"": ""vitals_labs"", ""encoder"": ""mlp_tabular_ln"", ""input_dim"": 20, ""hidden_dim"": 64, ""dropout"": 0.1}], ""anchor_eps"": 0.0001, ""sep_samples_per_class"": 4, ""sep_method"": ""classifier"", ""sep_margin"": 1.0, ""lambda_fit"": 0.1, ""lambda_sep"": 0.1, ""groupdro_enabled"": false, ""groupdro_eta"": 1.0, ""groupdro_gamma"": 0.9, ""groupdro_update_mode"": ""softmax"", ""groupdro_objective"": ""weighted"", ""groupdro_kl_lambda"": 0.0, ""groupdro_uniform_init"": false, ""log_interval"": 20, ""save_every"": 10, ""val_frac"": 0.2, ""use_regret"": false}","{""num_groups"": 3, ""num_classes"": 2, ""train_total"": 10883, ""test_total"": 3401, ""train_group_counts"": [1707, 1694, 7482], ""test_group_counts"": [533, 530, 2338], ""train_class_counts"": [9739, 1144], ""test_class_counts"": [3043, 358], ""train_group_class_counts"": [[1501, 206], [1526, 168], [6712, 770]], ""test_group_class_counts"": [[469, 64], [477, 53], [2097, 241]], ""group_proportions"": [0.15685013323532115, 0.15565560966645225, 0.6874942570982266], ""group_names"": [""survey_only"", ""exam"", ""vitals_labs""], ""group_feature_counts"": {""0"": 10, ""1"": 13, ""2"": 20}, ""max_features"": 20, ""feature_mode"": ""nested"", ""val_total"": 2721}",,2026-09-14T15:46:15.785821,22,0.354539283624246,0.7329186780763478,0.001,0.7186121728903264,0.7033419968698055,0.5928705440900562,0.7849056603773585,0.6809534914712154,"[0.6809534914712154, 0.721174004192872, 0.7222014456534429]","[0.5928705440900562, 0.7849056603773585, 0.7322497861420018]","[0.6359688278013429, 0.41136465162342334, 0.47243888850887855]","[0.7190272757147552, 0.7150837988826816]","[[0.5650319829424307, 0.796875], [0.80083857442348, 0.6415094339622641], [0.7348593228421555, 0.7095435684647303]]","[533, 530, 2338]",0.7918544622055933,"[0.796875, 0.6415094339622641, 0.7095435684647303]","[0.5650319829424307, 0.80083857442348, 0.7348593228421555]","[0.5146269508546202, 0.6218929134646675, 0.592240810577086]","[0.3197492163009405, 0.37362637362637363, 0.35330578512396693]","[0.7679737473347549, 0.7904750603219809, 0.8018410018659337]",0.5762535582987912,0.5146269508546202,0.7199558985667034,0.6970394628707383,0.6150234741784038,0.7402458578300374,0.6838693592620294,"[0.7220392156862745, 0.6838693592620294, 0.7245008553236952]","[0.6150234741784038, 0.7358490566037735, 0.7402458578300374]","[0.6022243797255761, 0.4874846962811459, 0.4576035892072277]","[0.7199178644763861, 0.7202797202797203]","[[0.5813333333333334, 0.8627450980392157], [0.7486910994764397, 0.6190476190476191], [0.7443384982121574, 0.7046632124352331]]","[426, 424, 1871]",0.8011394149997846,"[0.8627450980392157, 0.6190476190476191, 0.7046632124352331]","[0.5813333333333334, 0.7486910994764397, 0.7443384982121574]","[0.5379365079365079, 0.5766652403366138, 0.5979852087120756]","[0.34920634920634924, 0.3170731707317073, 0.3588390501319261]","[0.7917124183006535, 0.7399650959860384, 0.8186590253632811]",0.5708623189950658,0.5379365079365079,,"[NaN, NaN, NaN]",,
"{""run_name"": ""nhanes_pergroup_gdro"", ""seed"": 2024, ""run_dir"": ""runs/matrix_nhanes_nested/AnchorsOnly_s2024"", ""use_nhanes"": true, ""num_classes"": 2, ""stratified_batching"": true, ""train_frac"": 0.8, ""use_post_pandemic"": true, ""data_split_seed"": 100, ""batch_size"": 128, ""num_workers"": 0, ""epochs"": 100, ""early_stopping_patience"": 25, ""lr"": 0.001, ""weight_decay"": 0.0001, ""optimizer"": ""adam"", ""grad_clip"": 1.0, ""lr_scheduler"": ""cosine"", ""lr_min"": 1e-05, ""latent_dim"": 64, ""head_hidden"": 32, ""common_encoder"": false, ""groups"": [{""name"": ""survey_only"", ""encoder"": ""mlp_tabular_ln"", ""input_dim"": 10, ""hidden_dim"": 64, ""dropout"": 0.1}, {""name"": ""exam"", ""encoder"": ""mlp_tabular_ln"", ""input_dim"": 13, ""hidden_dim"": 64, ""dropout"": 0.1}, {""name"": ""vitals_labs"", ""encoder"": ""mlp_tabular_ln"", ""input_dim"": 20, ""hidden_dim"": 64, ""dropout"": 0.1}], ""anchor_eps"": 0.0001, ""sep_samples_per_class"": 4, ""sep_method"": ""classifier"", ""sep_margin"": 1.0, ""lambda_fit"": 0.1, ""lambda_sep"": 0.1, ""groupdro_enabled"": false, ""groupdro_eta"": 1.0, ""groupdro_gamma"": 0.9, ""groupdro_update_mode"": ""softmax"", ""groupdro_objective"": ""weighted"", ""groupdro_kl_lambda"": 0.0, ""groupdro_uniform_init"": false, ""log_interval"": 20, ""save_every"": 10, ""val_frac"": 0.2, ""use_regret"": false}","{""num_groups"": 3, ""num_classes"": 2, ""train_total"": 10883, ""test_total"": 3401, ""train_group_counts"": [1707, 1694, 7482], ""test_group_counts"": [533, 530, 2338], ""train_class_counts"": [9739, 1144], ""test_class_counts"": [3043, 358], ""train_group_class_counts"": [[1501, 206], [1526, 168], [6712, 770]], ""test_group_class_counts"": [[469, 64], [477, 53], [2097, 241]], ""group_proportions"": [0.15685013323532115, 0.15565560966645225, 0.6874942570982266], ""group_names"": [""survey_only"", ""exam"", ""vitals_labs""], ""group_feature_counts"": {""0"": 10, ""1"": 13, ""2"": 20}, ""max_features"": 20, ""feature_mode"": ""nested"", ""val_total"": 2721}",,2026-09-14T15:46:15.785821,23,0.3489516556285103,0.7370961753134828,0.001,0.6800940899735372,0.6743984306007063,0.6210131332082551,0.7169811320754716,0.6834521588486141,"[0.6834521588486141, 0.7169811320754716, 0.7326985596891034]","[0.6210131332082551, 0.7169811320754716, 0.6852010265183918]","[0.6017587535241863, 0.48949903145242746, 0.585045091013098]","[0.6687479461058167, 0.776536312849162]","[[0.6012793176972282, 0.765625], [0.7169811320754716, 0.7169811320754716], [0.6728659990462565, 0.7925311203319502]]","[533, 530, 2338]",0.7932901227655009,"[0.765625, 0.7169811320754716, 0.7925311203319502]","[0.6012793176972282, 0.7169811320754716, 0.6728659990462565]","[0.53147954743255, 0.5782135353663972, 0.5674118944835443]","[0.32666666666666666, 0.336283185840708, 0.3416815742397138]","[0.7740038646055437, 0.7753648985404059, 0.8070193142940815]",0.5590349924274972,0.53147954743255,0.6821021683204704,0.6695174467097115,0.647887323943662,0.6932121859967931,0.6776988282223884,"[0.7407058823529412, 0.6776988282223884, 0.7303769599881428]","[0.647887323943662, 0.6674528301886793, 0.6932121859967931]","[0.5679706351004488, 0.5571317816397222, 0.5668274630577551]","[0.6706365503080082, 0.7797202797202797]","[[0.6186666666666667, 0.8627450980392157], [0.6649214659685864, 0.6904761904761905], [0.6835518474374255, 0.7772020725388601]]","[426, 424, 1871]",0.8003352909923751,"[0.8627450980392157, 0.6904761904761905, 0.7772020725388601]","[0.6186666666666667, 0.6649214659685864, 0.6835518474374255]","[0.5627241124462814, 0.5370999837399633, 0.5715549789518365]","[0.3697478991596639, 0.2914572864321608, 0.3432494279176201]","[0.7920261437908498, 0.7266267763649963, 0.8193568706886436]",0.5571263583793603,0.5370999837399633,,"[NaN, NaN, NaN]",,
"{""run_name"": ""nhanes_pergroup_gdro"", ""seed"": 2024, ""run_dir"": ""runs/matrix_nhanes_nested/AnchorsOnly_s2024"", ""use_nhanes"": true, ""num_classes"": 2, ""stratified_batching"": true, ""train_frac"": 0.8, ""use_post_pandemic"": true, ""data_split_seed"": 100, ""batch_size"": 128, ""num_workers"": 0, ""epochs"": 100, ""early_stopping_patience"": 25, ""lr"": 0.001, ""weight_decay"": 0.0001, ""optimizer"": ""adam"", ""grad_clip"": 1.0, ""lr_scheduler"": ""cosine"", ""lr_min"": 1e-05, ""latent_dim"": 64, ""head_hidden"": 32, ""common_encoder"": false, ""groups"": [{""name"": ""survey_only"", ""encoder"": ""mlp_tabular_ln"", ""input_dim"": 10, ""hidden_dim"": 64, ""dropout"": 0.1}, {""name"": ""exam"", ""encoder"": ""mlp_tabular_ln"", ""input_dim"": 13, ""hidden_dim"": 64, ""dropout"": 0.1}, {""name"": ""vitals_labs"", ""encoder"": ""mlp_tabular_ln"", ""input_dim"": 20, ""hidden_dim"": 64, ""dropout"": 0.1}], ""anchor_eps"": 0.0001, ""sep_samples_per_class"": 4, ""sep_method"": ""classifier"", ""sep_margin"": 1.0, ""lambda_fit"": 0.1, ""lambda_sep"": 0.1, ""groupdro_enabled"": false, ""groupdro_eta"": 1.0, ""groupdro_gamma"": 0.9, ""groupdro_update_mode"": ""softmax"", ""groupdro_objective"": ""weighted"", ""groupdro_kl_lambda"": 0.0, ""groupdro_uniform_init"": false, ""log_interval"": 20, ""save_every"": 10, ""val_frac"": 0.2, ""use_regret"": false}","{""num_groups"": 3, ""num_classes"": 2, ""train_total"": 10883, ""test_total"": 3401, ""train_group_counts"": [1707, 1694, 7482], ""test_group_counts"": [533, 530, 2338], ""train_class_counts"": [9739, 1144], ""test_class_counts"": [3043, 358], ""train_group_class_counts"": [[1501, 206], [1526, 168], [6712, 770]], ""test_group_class_counts"": [[469, 64], [477, 53], [2097, 241]], ""group_proportions"": [0.15685013323532115, 0.15565560966645225, 0.6874942570982266], ""group_names"": [""survey_only"", ""exam"", ""vitals_labs""], ""group_feature_counts"": {""0"": 10, ""1"": 13, ""2"": 20}, ""max_features"": 20, ""feature_mode"": ""nested"", ""val_total"": 2721}",,2026-09-14T15:46:15.785821,24,0.34454009061934465,0.7293910137393241,0.001,0.7218465157306675,0.7082617013637623,0.6210131332082551,0.769811320754717,0.6960167714884695,"[0.6969449626865671, 0.6960167714884695, 0.7139739244168215]","[0.6210131332082551, 0.769811320754717, 0.7339606501283148]","[0.6469952482767827, 0.43104475954998017, 0.4703665416154242]","[0.7249424909628656, 0.6955307262569832]","[[0.5970149253731343, 0.796875], [0.7882599580712788, 0.6037735849056604], [0.7391511683357177, 0.6887966804979253]]","[533, 530, 2338]",0.7895563955740532,"[0.796875, 0.6037735849056604, 0.6887966804979253]","[0.5970149253731343, 0.7882599580712788, 0.7391511683357177]","[0.5352172261362066, 0.6022489604094388, 0.5904469655749655]","[0.33552631578947373, 0.34408602150537637, 0.3480083857442348]","[0.7717217484008527, 0.7738617934417151, 0.8008852797020837]",0.5759710507068703,0.5352172261362066,0.7228959941198089,0.7002592154076096,0.6338028169014085,0.7429182255478354,0.6455372725006233,"[0.7242352941176471, 0.6455372725006233, 0.7236980244184108]","[0.6338028169014085, 0.7240566037735849, 0.7429182255478354]","[0.625335754002415, 0.4906057495534199, 0.45927112419918364]","[0.7252566735112936, 0.7027972027972028]","[[0.6053333333333333, 0.8431372549019608], [0.743455497382199, 0.5476190476190477], [0.7479141835518475, 0.6994818652849741]]","[426, 424, 1871]",0.7948019126663891,"[0.8431372549019608, 0.5476190476190477, 0.6994818652849741]","[0.6053333333333333, 0.743455497382199, 0.7479141835518475]","[0.5498170979542067, 0.555702834624513, 0.5993524292362218]","[0.35537190082644626, 0.2822085889570552, 0.3595206391478029]","[0.7792418300653595, 0.7338568935427574, 0.8128817306564069]",0.5682907872716472,0.5498170979542067,,"[NaN, NaN, NaN]",,
"{""run_name"": ""nhanes_pergroup_gdro"", ""seed"": 2024, ""run_dir"": ""runs/matrix_nhanes_nested/AnchorsOnly_s2024"", ""use_nhanes"": true, ""num_classes"": 2, ""stratified_batching"": true, ""train_frac"": 0.8, ""use_post_pandemic"": true, ""data_split_seed"": 100, ""batch_size"": 128, ""num_workers"": 0, ""epochs"": 100, ""early_stopping_patience"": 25, ""lr"": 0.001, ""weight_decay"": 0.0001, ""optimizer"": ""adam"", ""grad_clip"": 1.0, ""lr_scheduler"": ""cosine"", ""lr_min"": 1e-05, ""latent_dim"": 64, ""head_hidden"": 32, ""common_encoder"": false, ""groups"": [{""name"": ""survey_only"", ""encoder"": ""mlp_tabular_ln"", ""input_dim"": 10, ""hidden_dim"": 64, ""dropout"": 0.1}, {""name"": ""exam"", ""encoder"": ""mlp_tabular_ln"", ""input_dim"": 13, ""hidden_dim"": 64, ""dropout"": 0.1}, {""name"": ""vitals_labs"", ""encoder"": ""mlp_tabular_ln"", ""input_dim"": 20, ""hidden_dim"": 64, ""dropout"": 0.1}], ""anchor_eps"": 0.0001, ""sep_samples_per_class"": 4, ""sep_method"": ""classifier"", ""sep_margin"": 1.0, ""lambda_fit"": 0.1, ""lambda_sep"": 0.1, ""groupdro_enabled"": false, ""groupdro_eta"": 1.0, ""groupdro_gamma"": 0.9, ""groupdro_update_mode"": ""softmax"", ""groupdro_objective"": ""weighted"", ""groupdro_kl_lambda"": 0.0, ""groupdro_uniform_init"": false, ""log_interval"": 20, ""save_every"": 10, ""val_frac"": 0.2, ""use_regret"": false}","{""num_groups"": 3, ""num_classes"": 2, ""train_total"": 10883, ""test_total"": 3401, ""train_group_counts"": [1707, 1694, 7482], ""test_group_counts"": [533, 530, 2338], ""train_class_counts"": [9739, 1144], ""test_class_counts"": [3043, 358], ""train_group_class_counts"": [[1501, 206], [1526, 168], [6712, 770]], ""test_group_class_counts"": [[469, 64], [477, 53], [2097, 241]], ""group_proportions"": [0.15685013323532115, 0.15565560966645225, 0.6874942570982266], ""group_names"": [""survey_only"", ""exam"", ""vitals_labs""], ""group_feature_counts"": {""0"": 10, ""1"": 13, ""2"": 20}, ""max_features"": 20, ""feature_mode"": ""nested"", ""val_total"": 2721}",,2026-09-14T15:46:15.785821,25,0.3453510229223686,0.7476791682581542,0.001,0.6883269626580417,0.6643002006182686,0.6135084427767354,0.7095808383233533,0.6859341684434968,"[0.6859341684434968, 0.6907756813417191, 0.7297631273287071]","[0.6135084427767354, 0.6698113207547169, 0.7095808383233533]","[0.63969081341932, 0.6002767158264829, 0.4976797420250992]","[0.6805783766020375, 0.7541899441340782]","[[0.5906183368869936, 0.78125], [0.6645702306079665, 0.7169811320754716], [0.7043395326657129, 0.7551867219917012]]","[533, 530, 2338]",0.7856918617139437,"[0.78125, 0.7169811320754716, 0.7551867219917012]","[0.5906183368869936, 0.6645702306079665, 0.7043395326657129]","[0.5278723770209838, 0.5432362022860351, 0.5810477040255525]","[0.32679738562091504, 0.3027888446215139, 0.348993288590604]","[0.7730543710021323, 0.7490210039159844, 0.8008971520271005]",0.5507187611108572,0.5278723770209838,0.6850422638735759,0.6533289994846853,0.6108490566037735,0.7129877071084981,0.6568810770381451,"[0.7255686274509804, 0.6568810770381451, 0.7345238903950546]","[0.636150234741784, 0.6108490566037735, 0.7129877071084981]","[0.6097172105445863, 0.6627281834338526, 0.48508577143129544]","[0.6751540041067762, 0.7692307692307693]","[[0.608, 0.8431372549019608], [0.599476439790576, 0.7142857142857143], [0.7073897497020262, 0.7616580310880829]]","[426, 424, 1871]",0.795863069169024,"[0.8431372549019608, 0.7142857142857143, 0.7616580310880829]","[0.608, 0.599476439790576, 0.7073897497020262]","[0.5515819926520025, 0.5009095773140717, 0.5846589619605456]","[0.3568464730290457, 0.26666666666666666, 0.35379061371841153]","[0.7883398692810456, 0.7315507354774371, 0.8174084618377417]",0.5457168439755399,0.5009095773140717,,"[NaN, NaN, NaN]",,
"{""run_name"": ""nhanes_pergroup_gdro"", ""seed"": 2024, ""run_dir"": ""runs/matrix_nhanes_nested/AnchorsOnly_s2024"", ""use_nhanes"": true, ""num_classes"": 2, ""stratified_batching"": true, ""train_frac"": 0.8, ""use_post_pandemic"": true, ""data_split_seed"": 100, ""batch_size"": 128, ""num_workers"": 0, ""epochs"": 100, ""early_stopping_patience"": 25, ""lr"": 0.001, ""weight_decay"": 0.0001, ""optimizer"": ""adam"", ""grad_clip"": 1.0, ""lr_scheduler"": ""cosine"", ""lr_min"": 1e-05, ""latent_dim"": 64, ""head_hidden"": 32, ""common_encoder"": false, ""groups"": [{""name"": ""survey_only"", ""encoder"": ""mlp_tabular_ln"", ""input_dim"": 10, ""hidden_dim"": 64, ""dropout"": 0.1}, {""name"": ""exam"", ""encoder"": ""mlp_tabular_ln"", ""input_dim"": 13, ""hidden_dim"": 64, ""dropout"": 0.1}, {""name"": ""vitals_labs"", ""encoder"": ""mlp_tabular_ln"", ""input_dim"": 20, ""hidden_dim"": 64, ""dropout"": 0.1}], ""anchor_eps"": 0.0001, ""sep_samples_per_class"": 4, ""sep_method"": ""classifier"", ""sep_margin"": 1.0, ""lambda_fit"": 0.1, ""lambda_sep"": 0.1, ""groupdro_enabled"": false, ""groupdro_eta"": 1.0, ""groupdro_gamma"": 0.9, ""groupdro_update_mode"": ""softmax"", ""groupdro_objective"": ""weighted"", ""groupdro_kl_lambda"": 0.0, ""groupdro_uniform_init"": false, ""log_interval"": 20, ""save_every"": 10, ""val_frac"": 0.2, ""use_regret"": false}","{""num_groups"": 3, ""num_classes"": 2, ""train_total"": 10883, ""test_total"": 3401, ""train_group_counts"": [1707, 1694, 7482], ""test_group_counts"": [533, 530, 2338], ""train_class_counts"": [9739, 1144], ""test_class_counts"": [3043, 358], ""train_group_class_counts"": [[1501, 206], [1526, 168], [6712, 770]], ""test_group_class_counts"": [[469, 64], [477, 53], [2097, 241]], ""group_proportions"": [0.15685013323532115, 0.15565560966645225, 0.6874942570982266], ""group_names"": [""survey_only"", ""exam"", ""vitals_labs""], ""group_feature_counts"": {""0"": 10, ""1"": 13, ""2"": 20}, ""max_features"": 20, ""feature_mode"": ""nested"", ""val_total"": 2721}",,2026-09-14T15:46:15.785821,26,0.3295590769135726,0.7464723356851095,0.001,0.6939135548368127,0.6956192801432831,0.6585365853658537,0.7358490566037735,0.6939203354297694,"[0.6980277185501066, 0.6939203354297694, 0.7202256928985689]","[0.6585365853658537, 0.7358490566037735, 0.6924721984602225]","[0.5713766675456613, 0.49654593137417563, 0.5563419004493072]","[0.6887939533355242, 0.7374301675977654]","[[0.6460554371002132, 0.75], [0.7463312368972747, 0.6415094339622641], [0.6852646638054364, 0.7551867219917012]]","[533, 530, 2338]",0.7833199007888789,"[0.75, 0.6415094339622641, 0.7551867219917012]","[0.6460554371002132, 0.7463312368972747, 0.6852646638054364]","[0.557179637001059, 0.5813019140483929, 0.5679960444272091]","[0.3453237410071942, 0.3269230769230769, 0.33610341643582636]","[0.7665245202558635, 0.7511569953720185, 0.7994427922125463]",0.568825865158887,0.557179637001059,0.6957001102535832,0.6875912676267811,0.6674528301886793,0.7028327097808659,0.6247195213163799,"[0.7490980392156863, 0.6247195213163799, 0.7357404879976779]","[0.6924882629107981, 0.6674528301886793, 0.7028327097808659]","[0.5381898924510686, 0.5681767661655467, 0.5437494610613948]","[0.6887063655030801, 0.7552447552447552]","[[0.6746666666666666, 0.8235294117647058], [0.6780104712041884, 0.5714285714285714], [0.6942789034564958, 0.7772020725388601]]","[426, 424, 1871]",0.7943072328082594,"[0.8235294117647058, 0.5714285714285714, 0.7772020725388601]","[0.6746666666666666, 0.6780104712041884, 0.6942789034564958]","[0.5925230915264137, 0.5200038538430041, 0.5789065485327167]","[0.39069767441860465, 0.25396825396825395, 0.35046728971962615]","[0.7901437908496732, 0.718835701819995, 0.8165963674989347]",0.5638111646340448,0.5200038538430041,,"[NaN, NaN, NaN]",,
