metrics_version,mnist_size,usps_size,mnist28_size,mnist32_size,num_epochs,batch_size,seed,groups,train_dataset_summary,test_dataset_summary,epoch,train_loss,train_acc,test_acc,worst_group_acc,balanced_acc,per_group_acc,per_group_loss,per_class_acc,per_group_by_class_acc,train_group_weights
1.0,,,,,20,64,1337,"[""mnist28"", ""usps16""]","{""total"": 4200, ""class_counts"": [572, 572, 572, 572, 572, 268, 268, 268, 268, 268], ""group_counts"": [200, 4000], ""group_class_counts"": [[12, 12, 12, 12, 12, 28, 28, 28, 28, 28], [560, 560, 560, 560, 560, 240, 240, 240, 240, 240]]}","{""total"": 75098, ""class_counts"": [7884, 8574, 7347, 7393, 7104, 6761, 7442, 7817, 7265, 7511], ""group_counts"": [69800, 5298], ""group_class_counts"": [[6891, 7865, 6978, 7129, 6812, 6285, 6848, 7265, 6797, 6930], [993, 709, 369, 264, 292, 476, 594, 552, 468, 581]]}",1,1.1587627413159325,0.6430952382087708,0.3927002050653812,0.3694842406876791,0.5340248685507101,"[0.3694842406876791, 0.698565496413741]","[1.6340843536591632, 0.9685886742652803]","[0.6248097412480974, 0.06589689759738745, 0.901456376752416, 0.16799675368591913, 0.03434684684684685, 0.027806537494453484, 0.8273313625369524, 0.8545477804784444, 0.05629731589814178, 0.3271202236719478]","[[0.5871426498331157, 0.0, 0.9191745485812554, 0.1399915836723243, 0.0017615971814445098, 0.00843277645186953, 0.8154205607476636, 0.8576737783895388, 0.00029424746211563924, 0.35353535353535354], [0.8862034239677744, 0.7968970380818053, 0.5663956639566395, 0.9242424242424242, 0.7945205479452054, 0.28361344537815125, 0.9646464646464646, 0.8134057971014492, 0.8696581196581197, 0.012048192771084338]]",
1.0,,,,,20,64,1337,"[""mnist28"", ""usps16""]","{""total"": 4200, ""class_counts"": [572, 572, 572, 572, 572, 268, 268, 268, 268, 268], ""group_counts"": [200, 4000], ""group_class_counts"": [[12, 12, 12, 12, 12, 28, 28, 28, 28, 28], [560, 560, 560, 560, 560, 240, 240, 240, 240, 240]]}","{""total"": 75098, ""class_counts"": [7884, 8574, 7347, 7393, 7104, 6761, 7442, 7817, 7265, 7511], ""group_counts"": [69800, 5298], ""group_class_counts"": [[6891, 7865, 6978, 7129, 6812, 6285, 6848, 7265, 6797, 6930], [993, 709, 369, 264, 292, 476, 594, 552, 468, 581]]}",2,0.33635295669237775,0.9130952379817054,0.7074089855921596,0.7032378223495702,0.73280048912873,"[0.7032378223495702, 0.7623631559078897]","[0.9173898364751291, 0.7147958035762377]","[0.8381532217148655, 0.7968276183811523, 0.9051313461276712, 0.8545921817935885, 0.11402027027027027, 0.21771927229699747, 0.9281107229239451, 0.8806447486247921, 0.7826565726083964, 0.6600985221674877]","[[0.8232477144101001, 0.7796567069294342, 0.9002579535683577, 0.8785243372141955, 0.08338226658837346, 0.20143198090692124, 0.9258177570093458, 0.8763936682725396, 0.8183021921435928, 0.6685425685425685], [0.9415911379657603, 0.9873060648801129, 0.997289972899729, 0.20833333333333334, 0.8287671232876712, 0.4327731092436975, 0.9545454545454546, 0.9365942028985508, 0.26495726495726496, 0.5593803786574871]]",
1.0,,,,,20,64,1337,"[""mnist28"", ""usps16""]","{""total"": 4200, ""class_counts"": [572, 572, 572, 572, 572, 268, 268, 268, 268, 268], ""group_counts"": [200, 4000], ""group_class_counts"": [[12, 12, 12, 12, 12, 28, 28, 28, 28, 28], [560, 560, 560, 560, 560, 240, 240, 240, 240, 240]]}","{""total"": 75098, ""class_counts"": [7884, 8574, 7347, 7393, 7104, 6761, 7442, 7817, 7265, 7511], ""group_counts"": [69800, 5298], ""group_class_counts"": [[6891, 7865, 6978, 7129, 6812, 6285, 6848, 7265, 6797, 6930], [993, 709, 369, 264, 292, 476, 594, 552, 468, 581]]}",3,0.19163378193264916,0.9540476189340864,0.7940690830647953,0.5173650434126086,0.6662183383252155,"[0.8150716332378224, 0.5173650434126086]","[0.5659962763703921, 1.5401023024659974]","[0.8452562151192288, 0.8578259855376721, 0.7913434054716211, 0.739889084268903, 0.6304898648648649, 0.5938470640437805, 0.8634775597957538, 0.864653959319432, 0.8832759807295251, 0.8299826920516575]","[[0.919605282252213, 0.8469167196439924, 0.7803095442820293, 0.7503156122878384, 0.6233118027011156, 0.6241845664280031, 0.9021612149532711, 0.9055746730901583, 0.9270266293953214, 0.8474747474747475], [0.3293051359516616, 0.9788434414668548, 1.0, 0.4583333333333333, 0.797945205479452, 0.19327731092436976, 0.4175084175084175, 0.32608695652173914, 0.24786324786324787, 0.621342512908778]]",
1.0,,,,,20,64,1337,"[""mnist28"", ""usps16""]","{""total"": 4200, ""class_counts"": [572, 572, 572, 572, 572, 268, 268, 268, 268, 268], ""group_counts"": [200, 4000], ""group_class_counts"": [[12, 12, 12, 12, 12, 28, 28, 28, 28, 28], [560, 560, 560, 560, 560, 240, 240, 240, 240, 240]]}","{""total"": 75098, ""class_counts"": [7884, 8574, 7347, 7393, 7104, 6761, 7442, 7817, 7265, 7511], ""group_counts"": [69800, 5298], ""group_class_counts"": [[6891, 7865, 6978, 7129, 6812, 6285, 6848, 7265, 6797, 6930], [993, 709, 369, 264, 292, 476, 594, 552, 468, 581]]}",4,0.1360151708126068,0.970714285600753,0.8391302032011505,0.8338395415472779,0.8713365318155415,"[0.8338395415472779, 0.9088335220838052]","[0.5220358103624793, 0.3124361895591262]","[0.9009386098427195, 0.9287380452530908, 0.8618483734857765, 0.6443933450561342, 0.6623029279279279, 0.811566336340778, 0.9322762698199408, 0.8391966227452987, 0.8406056434962147, 0.9396884569298363]","[[0.898273109853432, 0.92269548633185, 0.8599885353969619, 0.6341702903633049, 0.6510569583088667, 0.8135242641209228, 0.9287383177570093, 0.8338609772883689, 0.8433132264234221, 0.943001443001443], [0.919436052366566, 0.995768688293371, 0.8970189701897019, 0.9204545454545454, 0.9246575342465754, 0.7857142857142857, 0.9730639730639731, 0.9094202898550725, 0.8012820512820513, 0.9001721170395869]]",
1.0,,,,,20,64,1337,"[""mnist28"", ""usps16""]","{""total"": 4200, ""class_counts"": [572, 572, 572, 572, 572, 268, 268, 268, 268, 268], ""group_counts"": [200, 4000], ""group_class_counts"": [[12, 12, 12, 12, 12, 28, 28, 28, 28, 28], [560, 560, 560, 560, 560, 240, 240, 240, 240, 240]]}","{""total"": 75098, ""class_counts"": [7884, 8574, 7347, 7393, 7104, 6761, 7442, 7817, 7265, 7511], ""group_counts"": [69800, 5298], ""group_class_counts"": [[6891, 7865, 6978, 7129, 6812, 6285, 6848, 7265, 6797, 6930], [993, 709, 369, 264, 292, 476, 594, 552, 468, 581]]}",5,0.0960755983988444,0.9819047617912292,0.8602492742816054,0.8551432664756446,0.8913315426375958,"[0.8551432664756446, 0.927519818799547]","[0.46700256073877233, 0.26562117664943036]","[0.8867326230339929, 0.9182411943083741, 0.8961480876548251, 0.7120248884079534, 0.8108108108108109, 0.8075728442538086, 0.9854877721042731, 0.8910067800946655, 0.8304198210598761, 0.843962188789775]","[[0.8712813815121172, 0.9148124602670057, 0.8932358842075093, 0.7038855379436106, 0.8118027011156782, 0.8130469371519491, 0.9883177570093458, 0.8853406744666208, 0.8227159040753274, 0.837950937950938], [0.9939577039274925, 0.9562764456981664, 0.9512195121951219, 0.9318181818181818, 0.7876712328767124, 0.7352941176470589, 0.9528619528619529, 0.9655797101449275, 0.9423076923076923, 0.9156626506024096]]",
1.0,,,,,20,64,1337,"[""mnist28"", ""usps16""]","{""total"": 4200, ""class_counts"": [572, 572, 572, 572, 572, 268, 268, 268, 268, 268], ""group_counts"": [200, 4000], ""group_class_counts"": [[12, 12, 12, 12, 12, 28, 28, 28, 28, 28], [560, 560, 560, 560, 560, 240, 240, 240, 240, 240]]}","{""total"": 75098, ""class_counts"": [7884, 8574, 7347, 7393, 7104, 6761, 7442, 7817, 7265, 7511], ""group_counts"": [69800, 5298], ""group_class_counts"": [[6891, 7865, 6978, 7129, 6812, 6285, 6848, 7265, 6797, 6930], [993, 709, 369, 264, 292, 476, 594, 552, 468, 581]]}",6,0.0809198902902149,0.9864285715421041,0.872113771338784,0.86810888252149,0.8964930973573852,"[0.86810888252149, 0.9248773121932805]","[0.4248609608340336, 0.2540078286828918]","[0.9257990867579908, 0.9466993235362724, 0.8344902681366544, 0.7093196266738807, 0.7630912162162162, 0.8846324508208845, 0.9568664337543671, 0.8986823589612384, 0.8869924294562973, 0.8934895486619625]","[[0.9245392540995502, 0.9425301970756517, 0.8316136428776154, 0.699537101977837, 0.757046388725778, 0.881145584725537, 0.9598422897196262, 0.9079146593255334, 0.8803884066499926, 0.8906204906204906], [0.9345417925478349, 0.9929478138222849, 0.8888888888888888, 0.9734848484848485, 0.9041095890410958, 0.930672268907563, 0.9225589225589226, 0.7771739130434783, 0.9829059829059829, 0.927710843373494]]",
1.0,,,,,20,64,1337,"[""mnist28"", ""usps16""]","{""total"": 4200, ""class_counts"": [572, 572, 572, 572, 572, 268, 268, 268, 268, 268], ""group_counts"": [200, 4000], ""group_class_counts"": [[12, 12, 12, 12, 12, 28, 28, 28, 28, 28], [560, 560, 560, 560, 560, 240, 240, 240, 240, 240]]}","{""total"": 75098, ""class_counts"": [7884, 8574, 7347, 7393, 7104, 6761, 7442, 7817, 7265, 7511], ""group_counts"": [69800, 5298], ""group_class_counts"": [[6891, 7865, 6978, 7129, 6812, 6285, 6848, 7265, 6797, 6930], [993, 709, 369, 264, 292, 476, 594, 552, 468, 581]]}",7,0.06721069831933293,0.9909523809523809,0.8788116860635437,0.8749856733524355,0.9021021231994341,"[0.8749856733524355, 0.9292185730464326]","[0.39530654967143936, 0.2235107884708736]","[0.928462709284627, 0.9427338465127129, 0.8836259697835851, 0.7461111862572704, 0.829954954954955, 0.8782724449045999, 0.9785004031174416, 0.9522834847128054, 0.8615278733654508, 0.7678072160830781]","[[0.9227978522710782, 0.9378258105530832, 0.8786185153339066, 0.739093842053584, 0.8241338813857898, 0.8739856801909308, 0.9799941588785047, 0.9509979353062629, 0.8659702810063263, 0.7685425685425685], [0.9677744209466264, 0.997179125528914, 0.978319783197832, 0.9356060606060606, 0.9657534246575342, 0.9348739495798319, 0.9612794612794613, 0.9692028985507246, 0.7970085470085471, 0.7590361445783133]]",
1.0,,,,,20,64,1337,"[""mnist28"", ""usps16""]","{""total"": 4200, ""class_counts"": [572, 572, 572, 572, 572, 268, 268, 268, 268, 268], ""group_counts"": [200, 4000], ""group_class_counts"": [[12, 12, 12, 12, 12, 28, 28, 28, 28, 28], [560, 560, 560, 560, 560, 240, 240, 240, 240, 240]]}","{""total"": 75098, ""class_counts"": [7884, 8574, 7347, 7393, 7104, 6761, 7442, 7817, 7265, 7511], ""group_counts"": [69800, 5298], ""group_class_counts"": [[6891, 7865, 6978, 7129, 6812, 6285, 6848, 7265, 6797, 6930], [993, 709, 369, 264, 292, 476, 594, 552, 468, 581]]}",8,0.053487205824681694,0.9930952380952381,0.8867346667021758,0.8819627507163323,0.9157831873626963,"[0.8819627507163323, 0.9496036240090601]","[0.3779020894229609, 0.1682402114416931]","[0.9359462201927955, 0.9479822719850711, 0.865659452837893, 0.7543622345461923, 0.8175675675675675, 0.86348173347138, 0.9775597957538296, 0.9273378533964437, 0.8818995182381281, 0.8748502196778059]","[[0.92889275867073, 0.943674507310871, 0.8618515333906563, 0.7456866320662084, 0.8122431004110393, 0.8657120127287192, 0.9785338785046729, 0.925671025464556, 0.8815653964984552, 0.8681096681096682], [0.9848942598187311, 0.995768688293371, 0.9376693766937669, 0.9886363636363636, 0.9417808219178082, 0.8340336134453782, 0.9663299663299664, 0.9492753623188406, 0.8867521367521367, 0.955249569707401]]",
1.0,,,,,20,64,1337,"[""mnist28"", ""usps16""]","{""total"": 4200, ""class_counts"": [572, 572, 572, 572, 572, 268, 268, 268, 268, 268], ""group_counts"": [200, 4000], ""group_class_counts"": [[12, 12, 12, 12, 12, 28, 28, 28, 28, 28], [560, 560, 560, 560, 560, 240, 240, 240, 240, 240]]}","{""total"": 75098, ""class_counts"": [7884, 8574, 7347, 7393, 7104, 6761, 7442, 7817, 7265, 7511], ""group_counts"": [69800, 5298], ""group_class_counts"": [[6891, 7865, 6978, 7129, 6812, 6285, 6848, 7265, 6797, 6930], [993, 709, 369, 264, 292, 476, 594, 552, 468, 581]]}",9,0.04482196338119961,0.9959523809523809,0.8907161309222615,0.8854727793696275,0.9226344644300006,"[0.8854727793696275, 0.9597961494903737]","[0.36865229182143694, 0.12759921942083602]","[0.9402587519025876, 0.9496151154653604, 0.8559956444807404, 0.7810090626268091, 0.8065878378378378, 0.8702854607306612, 0.9758129535071217, 0.932326979659716, 0.8911218169304886, 0.8833710557848489]","[[0.9345523146132637, 0.9455816910362365, 0.8496703926626541, 0.7737410576518445, 0.80079271873165, 0.8671439936356404, 0.9757593457943925, 0.9300757054370269, 0.8859791084301898, 0.8828282828282829], [0.9798590130916415, 0.9943582510578279, 0.975609756097561, 0.9772727272727273, 0.9417808219178082, 0.9117647058823529, 0.9764309764309764, 0.9619565217391305, 0.9658119658119658, 0.8898450946643718]]",
1.0,,,,,20,64,1337,"[""mnist28"", ""usps16""]","{""total"": 4200, ""class_counts"": [572, 572, 572, 572, 572, 268, 268, 268, 268, 268], ""group_counts"": [200, 4000], ""group_class_counts"": [[12, 12, 12, 12, 12, 28, 28, 28, 28, 28], [560, 560, 560, 560, 560, 240, 240, 240, 240, 240]]}","{""total"": 75098, ""class_counts"": [7884, 8574, 7347, 7393, 7104, 6761, 7442, 7817, 7265, 7511], ""group_counts"": [69800, 5298], ""group_class_counts"": [[6891, 7865, 6978, 7129, 6812, 6285, 6848, 7265, 6797, 6930], [993, 709, 369, 264, 292, 476, 594, 552, 468, 581]]}",10,0.03955181632013548,0.9971428571428571,0.8904498122453328,0.8864899713467048,0.9145549139481731,"[0.8864899713467048, 0.9426198565496414]","[0.3640019145061073, 0.16820778297642566]","[0.9386098427194317, 0.9514812222999767, 0.8709677419354839, 0.7641011767888544, 0.8177083333333334, 0.8646649903860376, 0.9747379736629939, 0.9217090955609569, 0.8846524432209222, 0.8952203434962056]","[[0.9331011464228705, 0.94723458359822, 0.8690169102894812, 0.7556459531491093, 0.813270698766882, 0.8577565632458234, 0.9779497663551402, 0.9189263592567103, 0.8902456966308666, 0.8933621933621934], [0.9768378650553877, 0.998589562764457, 0.907859078590786, 0.9924242424242424, 0.9212328767123288, 0.9558823529411765, 0.9377104377104377, 0.9583333333333334, 0.8034188034188035, 0.9173838209982789]]",
1.0,,,,,20,64,1337,"[""mnist28"", ""usps16""]","{""total"": 4200, ""class_counts"": [572, 572, 572, 572, 572, 268, 268, 268, 268, 268], ""group_counts"": [200, 4000], ""group_class_counts"": [[12, 12, 12, 12, 12, 28, 28, 28, 28, 28], [560, 560, 560, 560, 560, 240, 240, 240, 240, 240]]}","{""total"": 75098, ""class_counts"": [7884, 8574, 7347, 7393, 7104, 6761, 7442, 7817, 7265, 7511], ""group_counts"": [69800, 5298], ""group_class_counts"": [[6891, 7865, 6978, 7129, 6812, 6285, 6848, 7265, 6797, 6930], [993, 709, 369, 264, 292, 476, 594, 552, 468, 581]]}",11,0.03511295130565053,0.9976190476190476,0.8908359743268796,0.8870487106017192,0.9138905312162994,"[0.8870487106017192, 0.9407323518308796]","[0.3624850451080479, 0.1905098655674992]","[0.9378488077118214, 0.9508980639141591, 0.8685177623519804, 0.7645069660489653, 0.8224943693693694, 0.8692501109303358, 0.9771566783122816, 0.922604579762057, 0.8843771507226428, 0.8908267873785115]","[[0.9319402118705558, 0.9465988556897648, 0.8685869876755518, 0.7574694908121756, 0.8157662947739284, 0.866030230708035, 0.9792640186915887, 0.9198898830006882, 0.884213623657496, 0.893073593073593], [0.9788519637462235, 0.998589562764457, 0.8672086720867209, 0.9545454545454546, 0.9794520547945206, 0.9117647058823529, 0.9528619528619529, 0.9583333333333334, 0.8867521367521367, 0.8640275387263339]]",
1.0,,,,,20,64,1337,"[""mnist28"", ""usps16""]","{""total"": 4200, ""class_counts"": [572, 572, 572, 572, 572, 268, 268, 268, 268, 268], ""group_counts"": [200, 4000], ""group_class_counts"": [[12, 12, 12, 12, 12, 28, 28, 28, 28, 28], [560, 560, 560, 560, 560, 240, 240, 240, 240, 240]]}","{""total"": 75098, ""class_counts"": [7884, 8574, 7347, 7393, 7104, 6761, 7442, 7817, 7265, 7511], ""group_counts"": [69800, 5298], ""group_class_counts"": [[6891, 7865, 6978, 7129, 6812, 6285, 6848, 7265, 6797, 6930], [993, 709, 369, 264, 292, 476, 594, 552, 468, 581]]}",12,0.03389912000369458,0.9966666666666667,0.893778795706943,0.8887535816618911,0.9243692408120705,"[0.8887535816618911, 0.9599848999622499]","[0.3580426832079762, 0.12669022613734246]","[0.9359462201927955, 0.9464660601819455, 0.8740982714032939, 0.7768159069389964, 0.8186936936936937, 0.8704333678449934, 0.9791722655200215, 0.921581169246514, 0.892360633172746, 0.903608041539076]","[[0.9304890436801625, 0.9421487603305785, 0.8687302952135282, 0.7692523495581428, 0.8116559013505579, 0.8649164677804296, 0.9797021028037384, 0.918100481761872, 0.8927468000588495, 0.9025974025974026], [0.973816717019134, 0.9943582510578279, 0.975609756097561, 0.9810606060606061, 0.9828767123287672, 0.9432773109243697, 0.9730639730639731, 0.967391304347826, 0.8867521367521367, 0.9156626506024096]]",
1.0,,,,,20,64,1337,"[""mnist28"", ""usps16""]","{""total"": 4200, ""class_counts"": [572, 572, 572, 572, 572, 268, 268, 268, 268, 268], ""group_counts"": [200, 4000], ""group_class_counts"": [[12, 12, 12, 12, 12, 28, 28, 28, 28, 28], [560, 560, 560, 560, 560, 240, 240, 240, 240, 240]]}","{""total"": 75098, ""class_counts"": [7884, 8574, 7347, 7393, 7104, 6761, 7442, 7817, 7265, 7511], ""group_counts"": [69800, 5298], ""group_class_counts"": [[6891, 7865, 6978, 7129, 6812, 6285, 6848, 7265, 6797, 6930], [993, 709, 369, 264, 292, 476, 594, 552, 468, 581]]}",13,0.030538570455142428,0.996904761904762,0.8939519028469467,0.8896561604584527,0.9201017684134468,"[0.8896561604584527, 0.9505473763684409]","[0.35571581554432385, 0.15474367884644427]","[0.9337899543378996, 0.9466993235362724, 0.8754593711719069, 0.7814148518869201, 0.8255912162162162, 0.8698417393876645, 0.9790378930395055, 0.9149290008954842, 0.8920853406744667, 0.9028092131540407]","[[0.9299085764040053, 0.9427844882390337, 0.8700200630553168, 0.7741618740356291, 0.8184086905460951, 0.8650755767700875, 0.9799941588785047, 0.9143840330350997, 0.8921583051346182, 0.9025974025974026], [0.9607250755287009, 0.9901269393511989, 0.978319783197832, 0.9772727272727273, 0.9931506849315068, 0.9327731092436975, 0.968013468013468, 0.9221014492753623, 0.8910256410256411, 0.9053356282271945]]",
1.0,,,,,20,64,1337,"[""mnist28"", ""usps16""]","{""total"": 4200, ""class_counts"": [572, 572, 572, 572, 572, 268, 268, 268, 268, 268], ""group_counts"": [200, 4000], ""group_class_counts"": [[12, 12, 12, 12, 12, 28, 28, 28, 28, 28], [560, 560, 560, 560, 560, 240, 240, 240, 240, 240]]}","{""total"": 75098, ""class_counts"": [7884, 8574, 7347, 7393, 7104, 6761, 7442, 7817, 7265, 7511], ""group_counts"": [69800, 5298], ""group_class_counts"": [[6891, 7865, 6978, 7129, 6812, 6285, 6848, 7265, 6797, 6930], [993, 709, 369, 264, 292, 476, 594, 552, 468, 581]]}",14,0.025830143615603447,0.9990476190476191,0.8946842792085009,0.8896131805157593,0.9255540421265094,"[0.8896131805157593, 0.9614949037372593]","[0.3554859640501988, 0.1238573076209]","[0.9363267376966007, 0.9489153254023793, 0.8717844017966517, 0.7774922223725146, 0.8254504504504504, 0.8692501109303358, 0.9783660306369255, 0.9177433798132276, 0.8958017894012388, 0.9072027692717348]","[[0.9310695109563198, 0.9446916719643992, 0.8661507595299512, 0.77023425445364, 0.8184086905460951, 0.8642800318217979, 0.9797021028037384, 0.9139710942876806, 0.8925996763277917, 0.9077922077922078], [0.972809667673716, 0.995768688293371, 0.978319783197832, 0.9734848484848485, 0.9897260273972602, 0.9348739495798319, 0.9629629629629629, 0.967391304347826, 0.9423076923076923, 0.9001721170395869]]",
1.0,,,,,20,64,1337,"[""mnist28"", ""usps16""]","{""total"": 4200, ""class_counts"": [572, 572, 572, 572, 572, 268, 268, 268, 268, 268], ""group_counts"": [200, 4000], ""group_class_counts"": [[12, 12, 12, 12, 12, 28, 28, 28, 28, 28], [560, 560, 560, 560, 560, 240, 240, 240, 240, 240]]}","{""total"": 75098, ""class_counts"": [7884, 8574, 7347, 7393, 7104, 6761, 7442, 7817, 7265, 7511], ""group_counts"": [69800, 5298], ""group_class_counts"": [[6891, 7865, 6978, 7129, 6812, 6285, 6848, 7265, 6797, 6930], [993, 709, 369, 264, 292, 476, 594, 552, 468, 581]]}",15,0.030698558436263176,0.9976190476190476,0.895989240725452,0.8906017191977077,0.9287851933096881,"[0.8906017191977077, 0.9669686674216685]","[0.3515435276393918, 0.11011980538229942]","[0.9383561643835616, 0.9485654303708887, 0.8709677419354839, 0.7827674827539565, 0.8255912162162162, 0.871616624759651, 0.9789035205589895, 0.9159524114110272, 0.8973158981417756, 0.9117294634536014]","[[0.9312146277753591, 0.9441830896376351, 0.8654342218400688, 0.775564595314911, 0.8189958896065767, 0.8671439936356404, 0.9798481308411215, 0.9127322780454232, 0.8937766661762542, 0.9102453102453102], [0.9879154078549849, 0.997179125528914, 0.975609756097561, 0.9772727272727273, 0.9794520547945206, 0.930672268907563, 0.968013468013468, 0.9583333333333334, 0.9487179487179487, 0.9294320137693631]]",
1.0,,,,,20,64,1337,"[""mnist28"", ""usps16""]","{""total"": 4200, ""class_counts"": [572, 572, 572, 572, 572, 268, 268, 268, 268, 268], ""group_counts"": [200, 4000], ""group_class_counts"": [[12, 12, 12, 12, 12, 28, 28, 28, 28, 28], [560, 560, 560, 560, 560, 240, 240, 240, 240, 240]]}","{""total"": 75098, ""class_counts"": [7884, 8574, 7347, 7393, 7104, 6761, 7442, 7817, 7265, 7511], ""group_counts"": [69800, 5298], ""group_class_counts"": [[6891, 7865, 6978, 7129, 6812, 6285, 6848, 7265, 6797, 6930], [993, 709, 369, 264, 292, 476, 594, 552, 468, 581]]}",16,0.02769994901049705,0.9983333333333333,0.8961090841300701,0.8907449856733525,0.9287624513115724,"[0.8907449856733525, 0.9667799169497924]","[0.35076369776936206, 0.10832212723867872]","[0.9389903602232369, 0.9492652204338698, 0.8716482918197904, 0.7806032733666982, 0.831081081081081, 0.8699896465019967, 0.9787691480784735, 0.9186388640143277, 0.8964900206469374, 0.9073359073359073]","[[0.9315048614134378, 0.9453273998728544, 0.8665806821438807, 0.77332024126806, 0.8241338813857898, 0.8645982498011138, 0.9797021028037384, 0.9143840330350997, 0.8927468000588495, 0.9079365079365079], [0.9909365558912386, 0.9929478138222849, 0.967479674796748, 0.9772727272727273, 0.9931506849315068, 0.9411764705882353, 0.968013468013468, 0.9746376811594203, 0.9508547008547008, 0.9001721170395869]]",
1.0,,,,,20,64,1337,"[""mnist28"", ""usps16""]","{""total"": 4200, ""class_counts"": [572, 572, 572, 572, 572, 268, 268, 268, 268, 268], ""group_counts"": [200, 4000], ""group_class_counts"": [[12, 12, 12, 12, 12, 28, 28, 28, 28, 28], [560, 560, 560, 560, 560, 240, 240, 240, 240, 240]]}","{""total"": 75098, ""class_counts"": [7884, 8574, 7347, 7393, 7104, 6761, 7442, 7817, 7265, 7511], ""group_counts"": [69800, 5298], ""group_class_counts"": [[6891, 7865, 6978, 7129, 6812, 6285, 6848, 7265, 6797, 6930], [993, 709, 369, 264, 292, 476, 594, 552, 468, 581]]}",17,0.02542125981478464,0.9983333333333333,0.8969213560947029,0.8914469914040115,0.930245957008159,"[0.8914469914040115, 0.9690449226123066]","[0.3498606373392624, 0.10076794562013686]","[0.9375951293759512, 0.9511313272684861, 0.8723288417040969, 0.7823616934938455, 0.8320664414414415, 0.8732436030173051, 0.9786347755979575, 0.9190226429576563, 0.8947006194081212, 0.9099986686193583]","[[0.9320853286895951, 0.94723458359822, 0.8671539122957868, 0.7748632346752701, 0.8254550792718731, 0.8663484486873508, 0.9797021028037384, 0.9157604955264969, 0.8912755627482712, 0.9072150072150073], [0.9758308157099698, 0.9943582510578279, 0.9701897018970189, 0.9848484848484849, 0.9863013698630136, 0.9642857142857143, 0.9663299663299664, 0.9619565217391305, 0.9444444444444444, 0.9432013769363167]]",
1.0,,,,,20,64,1337,"[""mnist28"", ""usps16""]","{""total"": 4200, ""class_counts"": [572, 572, 572, 572, 572, 268, 268, 268, 268, 268], ""group_counts"": [200, 4000], ""group_class_counts"": [[12, 12, 12, 12, 12, 28, 28, 28, 28, 28], [560, 560, 560, 560, 560, 240, 240, 240, 240, 240]]}","{""total"": 75098, ""class_counts"": [7884, 8574, 7347, 7393, 7104, 6761, 7442, 7817, 7265, 7511], ""group_counts"": [69800, 5298], ""group_class_counts"": [[6891, 7865, 6978, 7129, 6812, 6285, 6848, 7265, 6797, 6930], [993, 709, 369, 264, 292, 476, 594, 552, 468, 581]]}",18,0.024889583743753888,0.9985714287984939,0.8969613038962423,0.8916905444126074,0.9290464802093237,"[0.8916905444126074, 0.96640241600604]","[0.3494683722129422, 0.09841367545280238]","[0.936834094368341, 0.9507814322369955, 0.8720566217503744, 0.7852022183146219, 0.8312218468468469, 0.8710249963023221, 0.9793066380005375, 0.9210694639887425, 0.8960770818995183, 0.907735321528425]","[[0.9317950950515165, 0.9468531468531468, 0.8671539122957868, 0.7778089493617618, 0.8245742806811509, 0.8650755767700875, 0.9798481308411215, 0.9172746042670338, 0.8928939237899073, 0.906060606060606], [0.9718026183282981, 0.9943582510578279, 0.964769647696477, 0.9848484848484849, 0.9863013698630136, 0.9495798319327731, 0.9730639730639731, 0.9710144927536232, 0.9423076923076923, 0.927710843373494]]",
1.0,,,,,20,64,1337,"[""mnist28"", ""usps16""]","{""total"": 4200, ""class_counts"": [572, 572, 572, 572, 572, 268, 268, 268, 268, 268], ""group_counts"": [200, 4000], ""group_class_counts"": [[12, 12, 12, 12, 12, 28, 28, 28, 28, 28], [560, 560, 560, 560, 560, 240, 240, 240, 240, 240]]}","{""total"": 75098, ""class_counts"": [7884, 8574, 7347, 7393, 7104, 6761, 7442, 7817, 7265, 7511], ""group_counts"": [69800, 5298], ""group_class_counts"": [[6891, 7865, 6978, 7129, 6812, 6285, 6848, 7265, 6797, 6930], [993, 709, 369, 264, 292, 476, 594, 552, 468, 581]]}",19,0.02058071483636186,0.9995238095238095,0.8969479879623958,0.891647564469914,0.9292137407098532,"[0.891647564469914, 0.9667799169497924]","[0.3494986170651487, 0.09835572798281123]","[0.9370877727042111, 0.9507814322369955, 0.8712399618892065, 0.7846611659678074, 0.8316441441441441, 0.8710249963023221, 0.9791722655200215, 0.9206856850454138, 0.8963523743977977, 0.9085341499134603]","[[0.9319402118705558, 0.946980292434838, 0.8662940670679278, 0.777247860850049, 0.825014679976512, 0.8647573587907716, 0.9798481308411215, 0.9168616655196146, 0.8930410475209651, 0.9069264069264069], [0.972809667673716, 0.9929478138222849, 0.964769647696477, 0.9848484848484849, 0.9863013698630136, 0.9537815126050421, 0.9713804713804713, 0.9710144927536232, 0.9444444444444444, 0.927710843373494]]",
1.0,,,,,20,64,1337,"[""mnist28"", ""usps16""]","{""total"": 4200, ""class_counts"": [572, 572, 572, 572, 572, 268, 268, 268, 268, 268], ""group_counts"": [200, 4000], ""group_class_counts"": [[12, 12, 12, 12, 12, 28, 28, 28, 28, 28], [560, 560, 560, 560, 560, 240, 240, 240, 240, 240]]}","{""total"": 75098, ""class_counts"": [7884, 8574, 7347, 7393, 7104, 6761, 7442, 7817, 7265, 7511], ""group_counts"": [69800, 5298], ""group_class_counts"": [[6891, 7865, 6978, 7129, 6812, 6285, 6848, 7265, 6797, 6930], [993, 709, 369, 264, 292, 476, 594, 552, 468, 581]]}",20,0.022986773323445092,0.9985714285714286,0.8970012516977816,0.8916905444126074,0.929329605917138,"[0.8916905444126074, 0.9669686674216685]","[0.3493994018871927, 0.09745977575024373]","[0.936960933536276, 0.9507814322369955, 0.8713760718660678, 0.7845259028811038, 0.8316441441441441, 0.871616624759651, 0.9793066380005375, 0.9206856850454138, 0.8966276668960771, 0.9082678737851152]","[[0.9319402118705558, 0.946980292434838, 0.8664373746059043, 0.7771075887221209, 0.825014679976512, 0.8649164677804296, 0.9798481308411215, 0.9169993117687543, 0.893188171252023, 0.9069264069264069], [0.9718026183282981, 0.9929478138222849, 0.964769647696477, 0.9848484848484849, 0.9863013698630136, 0.9600840336134454, 0.9730639730639731, 0.9692028985507246, 0.9465811965811965, 0.9242685025817556]]",
