config,dataset_info,groupdro_config,start_time,epoch,train_loss,train_acc,learning_rate,test_overall_acc,test_balanced_acc,test_worst_group_acc,test_best_group_acc,test_worst_group_bal_acc,test_per_group_bal_acc,test_per_group_acc,test_per_group_loss,test_per_class_acc,test_per_group_per_class_acc,test_per_group_counts,test_overall_auroc,test_per_group_sensitivity,test_per_group_specificity,test_per_group_f1,test_per_group_auroc,groupdro_weights,groupdro_pi
"{""run_name"": ""nhanes_expanded_pergroup_gdro"", ""seed"": 33, ""run_dir"": ""runs/ablation_nhanes_expanded/pergroup_gdro_anchor_s33"", ""feature_mode"": ""expanded"", ""use_nhanes"": true, ""num_classes"": 2, ""stratified_batching"": true, ""train_frac"": 0.8, ""use_post_pandemic"": true, ""data_split_seed"": 100, ""batch_size"": 128, ""num_workers"": 0, ""epochs"": 100, ""early_stopping_patience"": 25, ""lr"": 0.001, ""weight_decay"": 0.0001, ""optimizer"": ""adam"", ""grad_clip"": 1.0, ""lr_scheduler"": ""cosine"", ""lr_min"": 1e-05, ""latent_dim"": 64, ""head_hidden"": 32, ""common_encoder"": false, ""groups"": [{""name"": ""survey_only"", ""encoder"": ""mlp_tabular_ln"", ""input_dim"": 15, ""hidden_dim"": 64, ""dropout"": 0.1}, {""name"": ""exam"", ""encoder"": ""mlp_tabular_ln"", ""input_dim"": 18, ""hidden_dim"": 64, ""dropout"": 0.1}, {""name"": ""vitals_labs"", ""encoder"": ""mlp_tabular_ln"", ""input_dim"": 25, ""hidden_dim"": 64, ""dropout"": 0.1}], ""anchor_eps"": 0.0001, ""sep_samples_per_class"": 4, ""sep_method"": ""classifier"", ""sep_margin"": 1.0, ""lambda_fit"": 0.1, ""lambda_sep"": 0.1, ""groupdro_enabled"": true, ""groupdro_eta"": 1.0, ""groupdro_gamma"": 0.9, ""groupdro_update_mode"": ""softmax"", ""groupdro_objective"": ""weighted"", ""groupdro_kl_lambda"": 0.0, ""groupdro_uniform_init"": false, ""log_interval"": 20, ""save_every"": 10}","{""num_groups"": 3, ""num_classes"": 2, ""train_total"": 13604, ""test_total"": 3401, ""train_group_counts"": [2133, 2118, 9353], ""test_group_counts"": [533, 530, 2338], ""train_class_counts"": [12174, 1430], ""test_class_counts"": [3043, 358], ""train_group_class_counts"": [[1876, 257], [1908, 210], [8390, 963]], ""test_group_class_counts"": [[469, 64], [477, 53], [2097, 241]], ""group_proportions"": [0.15679211996471626, 0.15568950308732726, 0.6875183769479565], ""group_names"": [""survey_only"", ""exam"", ""vitals_labs""], ""group_feature_counts"": {""0"": 15, ""1"": 18, ""2"": 25}, ""max_features"": 25, ""feature_mode"": ""expanded""}","{""num_groups"": 3, ""eta"": 1.0, ""update_mode"": ""softmax"", ""robust_objective"": ""weighted"", ""gamma"": 0.9, ""kl_lambda"": 0.0, ""initial_pi"": [0.15679211914539337, 0.15568950772285461, 0.6875183582305908]}",2026-09-07T09:29:46.358964,1,1.3958235233712162,0.8343239227163136,0.001,0.827403704792708,0.787022363742095,0.6979362101313321,0.863130881094953,0.6427538253620564,"[0.7339085820895522, 0.7379454926624738, 0.6427538253620564]","[0.6979362101313321, 0.8, 0.863130881094953]","[0.5540331607548202, 0.4386149555725871, 0.5491265250741161]","[0.867893526125534, 0.48324022346368717]","[[0.6865671641791045, 0.78125], [0.8155136268343816, 0.660377358490566], [0.9203624225083452, 0.3651452282157676]]","[533, 530, 2338]",0.7904087042888064,"[0.78125, 0.660377358490566, 0.3651452282157676]","[0.6865671641791045, 0.8155136268343816, 0.9203624225083452]","[0.38314176245210724, 0.3977272727272727, 0.3548387096774194]","[0.7911613805970149, 0.8242158142478541, 0.7993557284957566]","[0.0, 0.0, 1.0]","[0.15679211914539337, 0.15568950772285461, 0.6875183582305908]"
"{""run_name"": ""nhanes_expanded_pergroup_gdro"", ""seed"": 33, ""run_dir"": ""runs/ablation_nhanes_expanded/pergroup_gdro_anchor_s33"", ""feature_mode"": ""expanded"", ""use_nhanes"": true, ""num_classes"": 2, ""stratified_batching"": true, ""train_frac"": 0.8, ""use_post_pandemic"": true, ""data_split_seed"": 100, ""batch_size"": 128, ""num_workers"": 0, ""epochs"": 100, ""early_stopping_patience"": 25, ""lr"": 0.001, ""weight_decay"": 0.0001, ""optimizer"": ""adam"", ""grad_clip"": 1.0, ""lr_scheduler"": ""cosine"", ""lr_min"": 1e-05, ""latent_dim"": 64, ""head_hidden"": 32, ""common_encoder"": false, ""groups"": [{""name"": ""survey_only"", ""encoder"": ""mlp_tabular_ln"", ""input_dim"": 15, ""hidden_dim"": 64, ""dropout"": 0.1}, {""name"": ""exam"", ""encoder"": ""mlp_tabular_ln"", ""input_dim"": 18, ""hidden_dim"": 64, ""dropout"": 0.1}, {""name"": ""vitals_labs"", ""encoder"": ""mlp_tabular_ln"", ""input_dim"": 25, ""hidden_dim"": 64, ""dropout"": 0.1}], ""anchor_eps"": 0.0001, ""sep_samples_per_class"": 4, ""sep_method"": ""classifier"", ""sep_margin"": 1.0, ""lambda_fit"": 0.1, ""lambda_sep"": 0.1, ""groupdro_enabled"": true, ""groupdro_eta"": 1.0, ""groupdro_gamma"": 0.9, ""groupdro_update_mode"": ""softmax"", ""groupdro_objective"": ""weighted"", ""groupdro_kl_lambda"": 0.0, ""groupdro_uniform_init"": false, ""log_interval"": 20, ""save_every"": 10}","{""num_groups"": 3, ""num_classes"": 2, ""train_total"": 13604, ""test_total"": 3401, ""train_group_counts"": [2133, 2118, 9353], ""test_group_counts"": [533, 530, 2338], ""train_class_counts"": [12174, 1430], ""test_class_counts"": [3043, 358], ""train_group_class_counts"": [[1876, 257], [1908, 210], [8390, 963]], ""test_group_class_counts"": [[469, 64], [477, 53], [2097, 241]], ""group_proportions"": [0.15679211996471626, 0.15568950308732726, 0.6875183769479565], ""group_names"": [""survey_only"", ""exam"", ""vitals_labs""], ""group_feature_counts"": {""0"": 15, ""1"": 18, ""2"": 25}, ""max_features"": 25, ""feature_mode"": ""expanded""}","{""num_groups"": 3, ""eta"": 1.0, ""update_mode"": ""softmax"", ""robust_objective"": ""weighted"", ""gamma"": 0.9, ""kl_lambda"": 0.0, ""initial_pi"": [0.15679211914539337, 0.15568950772285461, 0.6875183582305908]}",2026-09-07T09:29:46.358964,2,0.6702089892542558,0.7332095096759598,0.001,0.7730079388415172,0.7692133854298251,0.7339622641509433,0.797373358348968,0.7229477611940298,"[0.7229477611940298, 0.7767295597484276, 0.7320703158236327]","[0.797373358348968, 0.7339622641509433, 0.7763045337895638]","[0.3826104748983628, 0.47349898524512096, 0.4205982098092984]","[0.7827801511666119, 0.6899441340782123]","[[0.8208955223880597, 0.625], [0.7232704402515723, 0.8301886792452831], [0.787792083929423, 0.6763485477178424]]","[533, 530, 2338]",0.8248907190603217,"[0.625, 0.8301886792452831, 0.6763485477178424]","[0.8208955223880597, 0.7232704402515723, 0.787792083929423]","[0.425531914893617, 0.38427947598253276, 0.3839811542991755]","[0.8027052238805971, 0.8515090384082908, 0.8329544082932149]","[0.0, 0.0, 1.0]","[0.15679211914539337, 0.15568950772285461, 0.6875183582305908]"
"{""run_name"": ""nhanes_expanded_pergroup_gdro"", ""seed"": 33, ""run_dir"": ""runs/ablation_nhanes_expanded/pergroup_gdro_anchor_s33"", ""feature_mode"": ""expanded"", ""use_nhanes"": true, ""num_classes"": 2, ""stratified_batching"": true, ""train_frac"": 0.8, ""use_post_pandemic"": true, ""data_split_seed"": 100, ""batch_size"": 128, ""num_workers"": 0, ""epochs"": 100, ""early_stopping_patience"": 25, ""lr"": 0.001, ""weight_decay"": 0.0001, ""optimizer"": ""adam"", ""grad_clip"": 1.0, ""lr_scheduler"": ""cosine"", ""lr_min"": 1e-05, ""latent_dim"": 64, ""head_hidden"": 32, ""common_encoder"": false, ""groups"": [{""name"": ""survey_only"", ""encoder"": ""mlp_tabular_ln"", ""input_dim"": 15, ""hidden_dim"": 64, ""dropout"": 0.1}, {""name"": ""exam"", ""encoder"": ""mlp_tabular_ln"", ""input_dim"": 18, ""hidden_dim"": 64, ""dropout"": 0.1}, {""name"": ""vitals_labs"", ""encoder"": ""mlp_tabular_ln"", ""input_dim"": 25, ""hidden_dim"": 64, ""dropout"": 0.1}], ""anchor_eps"": 0.0001, ""sep_samples_per_class"": 4, ""sep_method"": ""classifier"", ""sep_margin"": 1.0, ""lambda_fit"": 0.1, ""lambda_sep"": 0.1, ""groupdro_enabled"": true, ""groupdro_eta"": 1.0, ""groupdro_gamma"": 0.9, ""groupdro_update_mode"": ""softmax"", ""groupdro_objective"": ""weighted"", ""groupdro_kl_lambda"": 0.0, ""groupdro_uniform_init"": false, ""log_interval"": 20, ""save_every"": 10}","{""num_groups"": 3, ""num_classes"": 2, ""train_total"": 13604, ""test_total"": 3401, ""train_group_counts"": [2133, 2118, 9353], ""test_group_counts"": [533, 530, 2338], ""train_class_counts"": [12174, 1430], ""test_class_counts"": [3043, 358], ""train_group_class_counts"": [[1876, 257], [1908, 210], [8390, 963]], ""test_group_class_counts"": [[469, 64], [477, 53], [2097, 241]], ""group_proportions"": [0.15679211996471626, 0.15568950308732726, 0.6875183769479565], ""group_names"": [""survey_only"", ""exam"", ""vitals_labs""], ""group_feature_counts"": {""0"": 15, ""1"": 18, ""2"": 25}, ""max_features"": 25, ""feature_mode"": ""expanded""}","{""num_groups"": 3, ""eta"": 1.0, ""update_mode"": ""softmax"", ""robust_objective"": ""weighted"", ""gamma"": 0.9, ""kl_lambda"": 0.0, ""initial_pi"": [0.15679211914539337, 0.15568950772285461, 0.6875183582305908]}",2026-09-07T09:29:46.358964,3,0.5532934734672529,0.7255572065733162,0.001,0.798588650396942,0.7900622466651935,0.7035647279549718,0.8603773584905661,0.7127882599580713,"[0.7438532782515992, 0.7127882599580713, 0.7469245731404477]","[0.7035647279549718, 0.8603773584905661, 0.8062446535500428]","[0.4838068565566924, 0.3033141299273889, 0.3847754963699942]","[0.8133420966151824, 0.6731843575418994]","[[0.6908315565031983, 0.796875], [0.8972746331236897, 0.5283018867924528], [0.8216499761564139, 0.6721991701244814]]","[533, 530, 2338]",0.8270634866724069,"[0.796875, 0.5283018867924528, 0.6721991701244814]","[0.6908315565031983, 0.8972746331236897, 0.8216499761564139]","[0.39230769230769236, 0.43076923076923074, 0.416988416988417]","[0.8051705756929639, 0.843202404968158, 0.8371948070450377]","[0.0, 0.0, 1.0]","[0.15679211914539337, 0.15568950772285461, 0.6875183582305908]"
"{""run_name"": ""nhanes_expanded_pergroup_gdro"", ""seed"": 33, ""run_dir"": ""runs/ablation_nhanes_expanded/pergroup_gdro_anchor_s33"", ""feature_mode"": ""expanded"", ""use_nhanes"": true, ""num_classes"": 2, ""stratified_batching"": true, ""train_frac"": 0.8, ""use_post_pandemic"": true, ""data_split_seed"": 100, ""batch_size"": 128, ""num_workers"": 0, ""epochs"": 100, ""early_stopping_patience"": 25, ""lr"": 0.001, ""weight_decay"": 0.0001, ""optimizer"": ""adam"", ""grad_clip"": 1.0, ""lr_scheduler"": ""cosine"", ""lr_min"": 1e-05, ""latent_dim"": 64, ""head_hidden"": 32, ""common_encoder"": false, ""groups"": [{""name"": ""survey_only"", ""encoder"": ""mlp_tabular_ln"", ""input_dim"": 15, ""hidden_dim"": 64, ""dropout"": 0.1}, {""name"": ""exam"", ""encoder"": ""mlp_tabular_ln"", ""input_dim"": 18, ""hidden_dim"": 64, ""dropout"": 0.1}, {""name"": ""vitals_labs"", ""encoder"": ""mlp_tabular_ln"", ""input_dim"": 25, ""hidden_dim"": 64, ""dropout"": 0.1}], ""anchor_eps"": 0.0001, ""sep_samples_per_class"": 4, ""sep_method"": ""classifier"", ""sep_margin"": 1.0, ""lambda_fit"": 0.1, ""lambda_sep"": 0.1, ""groupdro_enabled"": true, ""groupdro_eta"": 1.0, ""groupdro_gamma"": 0.9, ""groupdro_update_mode"": ""softmax"", ""groupdro_objective"": ""weighted"", ""groupdro_kl_lambda"": 0.0, ""groupdro_uniform_init"": false, ""log_interval"": 20, ""save_every"": 10}","{""num_groups"": 3, ""num_classes"": 2, ""train_total"": 13604, ""test_total"": 3401, ""train_group_counts"": [2133, 2118, 9353], ""test_group_counts"": [533, 530, 2338], ""train_class_counts"": [12174, 1430], ""test_class_counts"": [3043, 358], ""train_group_class_counts"": [[1876, 257], [1908, 210], [8390, 963]], ""test_group_class_counts"": [[469, 64], [477, 53], [2097, 241]], ""group_proportions"": [0.15679211996471626, 0.15568950308732726, 0.6875183769479565], ""group_names"": [""survey_only"", ""exam"", ""vitals_labs""], ""group_feature_counts"": {""0"": 15, ""1"": 18, ""2"": 25}, ""max_features"": 25, ""feature_mode"": ""expanded""}","{""num_groups"": 3, ""eta"": 1.0, ""update_mode"": ""softmax"", ""robust_objective"": ""weighted"", ""gamma"": 0.9, ""kl_lambda"": 0.0, ""initial_pi"": [0.15679211914539337, 0.15568950772285461, 0.6875183582305908]}",2026-09-07T09:29:46.358964,4,0.4925010717198541,0.7321693907698055,0.001,0.7109673625404292,0.723829167645906,0.6585365853658537,0.8132075471698114,0.7573316553780642,"[0.7587453358208955, 0.770440251572327, 0.7573316553780642]","[0.6585365853658537, 0.8132075471698114, 0.699743370402053]","[0.5352186032223182, 0.3482414517744954, 0.5330374243727369]","[0.6976667762076898, 0.8240223463687151]","[[0.6268656716417911, 0.890625], [0.8238993710691824, 0.7169811320754716], [0.6847877920839294, 0.8298755186721992]]","[533, 530, 2338]",0.8290701068667534,"[0.890625, 0.7169811320754716, 0.8298755186721992]","[0.6268656716417911, 0.8238993710691824, 0.6847877920839294]","[0.38513513513513514, 0.43428571428571433, 0.3629764065335753]","[0.8080023987206822, 0.8538032514536609, 0.8389004644057804]","[0.0, 0.0, 1.0]","[0.15679211914539337, 0.15568950772285461, 0.6875183582305908]"
"{""run_name"": ""nhanes_expanded_pergroup_gdro"", ""seed"": 33, ""run_dir"": ""runs/ablation_nhanes_expanded/pergroup_gdro_anchor_s33"", ""feature_mode"": ""expanded"", ""use_nhanes"": true, ""num_classes"": 2, ""stratified_batching"": true, ""train_frac"": 0.8, ""use_post_pandemic"": true, ""data_split_seed"": 100, ""batch_size"": 128, ""num_workers"": 0, ""epochs"": 100, ""early_stopping_patience"": 25, ""lr"": 0.001, ""weight_decay"": 0.0001, ""optimizer"": ""adam"", ""grad_clip"": 1.0, ""lr_scheduler"": ""cosine"", ""lr_min"": 1e-05, ""latent_dim"": 64, ""head_hidden"": 32, ""common_encoder"": false, ""groups"": [{""name"": ""survey_only"", ""encoder"": ""mlp_tabular_ln"", ""input_dim"": 15, ""hidden_dim"": 64, ""dropout"": 0.1}, {""name"": ""exam"", ""encoder"": ""mlp_tabular_ln"", ""input_dim"": 18, ""hidden_dim"": 64, ""dropout"": 0.1}, {""name"": ""vitals_labs"", ""encoder"": ""mlp_tabular_ln"", ""input_dim"": 25, ""hidden_dim"": 64, ""dropout"": 0.1}], ""anchor_eps"": 0.0001, ""sep_samples_per_class"": 4, ""sep_method"": ""classifier"", ""sep_margin"": 1.0, ""lambda_fit"": 0.1, ""lambda_sep"": 0.1, ""groupdro_enabled"": true, ""groupdro_eta"": 1.0, ""groupdro_gamma"": 0.9, ""groupdro_update_mode"": ""softmax"", ""groupdro_objective"": ""weighted"", ""groupdro_kl_lambda"": 0.0, ""groupdro_uniform_init"": false, ""log_interval"": 20, ""save_every"": 10}","{""num_groups"": 3, ""num_classes"": 2, ""train_total"": 13604, ""test_total"": 3401, ""train_group_counts"": [2133, 2118, 9353], ""test_group_counts"": [533, 530, 2338], ""train_class_counts"": [12174, 1430], ""test_class_counts"": [3043, 358], ""train_group_class_counts"": [[1876, 257], [1908, 210], [8390, 963]], ""test_group_class_counts"": [[469, 64], [477, 53], [2097, 241]], ""group_proportions"": [0.15679211996471626, 0.15568950308732726, 0.6875183769479565], ""group_names"": [""survey_only"", ""exam"", ""vitals_labs""], ""group_feature_counts"": {""0"": 15, ""1"": 18, ""2"": 25}, ""max_features"": 25, ""feature_mode"": ""expanded""}","{""num_groups"": 3, ""eta"": 1.0, ""update_mode"": ""softmax"", ""robust_objective"": ""weighted"", ""gamma"": 0.9, ""kl_lambda"": 0.0, ""initial_pi"": [0.15679211914539337, 0.15568950772285461, 0.6875183582305908]}",2026-09-07T09:29:46.358964,5,0.4745918512167229,0.7346953937592868,0.001,0.7791825933548956,0.7688595248476866,0.7509433962264151,0.7882805816937554,0.7261293976545842,"[0.7261293976545842, 0.7945492662473794, 0.7405827728606564]","[0.7673545966228893, 0.7509433962264151, 0.7882805816937554]","[0.4057854195907328, 0.49600787487337894, 0.38565046690210025]","[0.7880381202760434, 0.7039106145251397]","[[0.7803837953091685, 0.671875], [0.740041928721174, 0.8490566037735849], [0.8006676204101096, 0.6804979253112033]]","[533, 530, 2338]",0.8314255448441978,"[0.671875, 0.8490566037735849, 0.6804979253112033]","[0.7803837953091685, 0.740041928721174, 0.8006676204101096]","[0.4095238095238095, 0.40540540540540543, 0.39854191980558934]","[0.8127665245202558, 0.8480281634429018, 0.8386867625554785]","[0.0, 0.0, 1.0]","[0.15679211914539337, 0.15568950772285461, 0.6875183582305908]"
"{""run_name"": ""nhanes_expanded_pergroup_gdro"", ""seed"": 33, ""run_dir"": ""runs/ablation_nhanes_expanded/pergroup_gdro_anchor_s33"", ""feature_mode"": ""expanded"", ""use_nhanes"": true, ""num_classes"": 2, ""stratified_batching"": true, ""train_frac"": 0.8, ""use_post_pandemic"": true, ""data_split_seed"": 100, ""batch_size"": 128, ""num_workers"": 0, ""epochs"": 100, ""early_stopping_patience"": 25, ""lr"": 0.001, ""weight_decay"": 0.0001, ""optimizer"": ""adam"", ""grad_clip"": 1.0, ""lr_scheduler"": ""cosine"", ""lr_min"": 1e-05, ""latent_dim"": 64, ""head_hidden"": 32, ""common_encoder"": false, ""groups"": [{""name"": ""survey_only"", ""encoder"": ""mlp_tabular_ln"", ""input_dim"": 15, ""hidden_dim"": 64, ""dropout"": 0.1}, {""name"": ""exam"", ""encoder"": ""mlp_tabular_ln"", ""input_dim"": 18, ""hidden_dim"": 64, ""dropout"": 0.1}, {""name"": ""vitals_labs"", ""encoder"": ""mlp_tabular_ln"", ""input_dim"": 25, ""hidden_dim"": 64, ""dropout"": 0.1}], ""anchor_eps"": 0.0001, ""sep_samples_per_class"": 4, ""sep_method"": ""classifier"", ""sep_margin"": 1.0, ""lambda_fit"": 0.1, ""lambda_sep"": 0.1, ""groupdro_enabled"": true, ""groupdro_eta"": 1.0, ""groupdro_gamma"": 0.9, ""groupdro_update_mode"": ""softmax"", ""groupdro_objective"": ""weighted"", ""groupdro_kl_lambda"": 0.0, ""groupdro_uniform_init"": false, ""log_interval"": 20, ""save_every"": 10}","{""num_groups"": 3, ""num_classes"": 2, ""train_total"": 13604, ""test_total"": 3401, ""train_group_counts"": [2133, 2118, 9353], ""test_group_counts"": [533, 530, 2338], ""train_class_counts"": [12174, 1430], ""test_class_counts"": [3043, 358], ""train_group_class_counts"": [[1876, 257], [1908, 210], [8390, 963]], ""test_group_class_counts"": [[469, 64], [477, 53], [2097, 241]], ""group_proportions"": [0.15679211996471626, 0.15568950308732726, 0.6875183769479565], ""group_names"": [""survey_only"", ""exam"", ""vitals_labs""], ""group_feature_counts"": {""0"": 15, ""1"": 18, ""2"": 25}, ""max_features"": 25, ""feature_mode"": ""expanded""}","{""num_groups"": 3, ""eta"": 1.0, ""update_mode"": ""softmax"", ""robust_objective"": ""weighted"", ""gamma"": 0.9, ""kl_lambda"": 0.0, ""initial_pi"": [0.15679211914539337, 0.15568950772285461, 0.6875183582305908]}",2026-09-07T09:29:46.358964,6,0.44177588988953503,0.739078751839642,0.001,0.7162599235518965,0.7083152285719999,0.6981132075471698,0.723267750213858,0.7612643630398692,"[0.7640924840085288, 0.790356394129979, 0.7612643630398692]","[0.7035647279549718, 0.6981132075471698, 0.723267750213858]","[0.5182455990473979, 0.5704852156920956, 0.5060075393489939]","[0.7029247453171212, 0.8296089385474861]","[[0.6844349680170576, 0.84375], [0.6750524109014675, 0.9056603773584906], [0.7134000953743443, 0.8091286307053942]]","[533, 530, 2338]",0.8314090218965773,"[0.84375, 0.9056603773584906, 0.8091286307053942]","[0.6844349680170576, 0.6750524109014675, 0.7134000953743443]","[0.406015037593985, 0.375, 0.37608486017357756]","[0.8001399253731344, 0.8522210355603023, 0.8374540194745703]","[0.0, 0.0, 1.0]","[0.15679211914539337, 0.15568950772285461, 0.6875183582305908]"
"{""run_name"": ""nhanes_expanded_pergroup_gdro"", ""seed"": 33, ""run_dir"": ""runs/ablation_nhanes_expanded/pergroup_gdro_anchor_s33"", ""feature_mode"": ""expanded"", ""use_nhanes"": true, ""num_classes"": 2, ""stratified_batching"": true, ""train_frac"": 0.8, ""use_post_pandemic"": true, ""data_split_seed"": 100, ""batch_size"": 128, ""num_workers"": 0, ""epochs"": 100, ""early_stopping_patience"": 25, ""lr"": 0.001, ""weight_decay"": 0.0001, ""optimizer"": ""adam"", ""grad_clip"": 1.0, ""lr_scheduler"": ""cosine"", ""lr_min"": 1e-05, ""latent_dim"": 64, ""head_hidden"": 32, ""common_encoder"": false, ""groups"": [{""name"": ""survey_only"", ""encoder"": ""mlp_tabular_ln"", ""input_dim"": 15, ""hidden_dim"": 64, ""dropout"": 0.1}, {""name"": ""exam"", ""encoder"": ""mlp_tabular_ln"", ""input_dim"": 18, ""hidden_dim"": 64, ""dropout"": 0.1}, {""name"": ""vitals_labs"", ""encoder"": ""mlp_tabular_ln"", ""input_dim"": 25, ""hidden_dim"": 64, ""dropout"": 0.1}], ""anchor_eps"": 0.0001, ""sep_samples_per_class"": 4, ""sep_method"": ""classifier"", ""sep_margin"": 1.0, ""lambda_fit"": 0.1, ""lambda_sep"": 0.1, ""groupdro_enabled"": true, ""groupdro_eta"": 1.0, ""groupdro_gamma"": 0.9, ""groupdro_update_mode"": ""softmax"", ""groupdro_objective"": ""weighted"", ""groupdro_kl_lambda"": 0.0, ""groupdro_uniform_init"": false, ""log_interval"": 20, ""save_every"": 10}","{""num_groups"": 3, ""num_classes"": 2, ""train_total"": 13604, ""test_total"": 3401, ""train_group_counts"": [2133, 2118, 9353], ""test_group_counts"": [533, 530, 2338], ""train_class_counts"": [12174, 1430], ""test_class_counts"": [3043, 358], ""train_group_class_counts"": [[1876, 257], [1908, 210], [8390, 963]], ""test_group_class_counts"": [[469, 64], [477, 53], [2097, 241]], ""group_proportions"": [0.15679211996471626, 0.15568950308732726, 0.6875183769479565], ""group_names"": [""survey_only"", ""exam"", ""vitals_labs""], ""group_feature_counts"": {""0"": 15, ""1"": 18, ""2"": 25}, ""max_features"": 25, ""feature_mode"": ""expanded""}","{""num_groups"": 3, ""eta"": 1.0, ""update_mode"": ""softmax"", ""robust_objective"": ""weighted"", ""gamma"": 0.9, ""kl_lambda"": 0.0, ""initial_pi"": [0.15679211914539337, 0.15568950772285461, 0.6875183582305908]}",2026-09-07T09:29:46.358964,7,0.42634194719800267,0.7415304606063582,0.001,0.7136136430461629,0.7202239478099172,0.6716697936210131,0.7811320754716982,0.7527152185501066,"[0.7527152185501066, 0.7945492662473794, 0.763698189668307]","[0.6716697936210131, 0.7811320754716982, 0.7078699743370402]","[0.5851428386500616, 0.4103001341880475, 0.527214672143983]","[0.6993098915543872, 0.835195530726257]","[[0.6460554371002132, 0.859375], [0.7777777777777778, 0.8113207547169812], [0.6933714830710539, 0.8340248962655602]]","[533, 530, 2338]",0.83089589257881,"[0.859375, 0.8113207547169812, 0.8340248962655602]","[0.6460554371002132, 0.7777777777777778, 0.6933714830710539]","[0.3859649122807018, 0.42574257425742584, 0.3705069124423963]","[0.7935434434968016, 0.8581147897630632, 0.8380377421212284]","[0.0, 0.0, 1.0]","[0.15679211914539337, 0.15568950772285461, 0.6875183582305908]"
"{""run_name"": ""nhanes_expanded_pergroup_gdro"", ""seed"": 33, ""run_dir"": ""runs/ablation_nhanes_expanded/pergroup_gdro_anchor_s33"", ""feature_mode"": ""expanded"", ""use_nhanes"": true, ""num_classes"": 2, ""stratified_batching"": true, ""train_frac"": 0.8, ""use_post_pandemic"": true, ""data_split_seed"": 100, ""batch_size"": 128, ""num_workers"": 0, ""epochs"": 100, ""early_stopping_patience"": 25, ""lr"": 0.001, ""weight_decay"": 0.0001, ""optimizer"": ""adam"", ""grad_clip"": 1.0, ""lr_scheduler"": ""cosine"", ""lr_min"": 1e-05, ""latent_dim"": 64, ""head_hidden"": 32, ""common_encoder"": false, ""groups"": [{""name"": ""survey_only"", ""encoder"": ""mlp_tabular_ln"", ""input_dim"": 15, ""hidden_dim"": 64, ""dropout"": 0.1}, {""name"": ""exam"", ""encoder"": ""mlp_tabular_ln"", ""input_dim"": 18, ""hidden_dim"": 64, ""dropout"": 0.1}, {""name"": ""vitals_labs"", ""encoder"": ""mlp_tabular_ln"", ""input_dim"": 25, ""hidden_dim"": 64, ""dropout"": 0.1}], ""anchor_eps"": 0.0001, ""sep_samples_per_class"": 4, ""sep_method"": ""classifier"", ""sep_margin"": 1.0, ""lambda_fit"": 0.1, ""lambda_sep"": 0.1, ""groupdro_enabled"": true, ""groupdro_eta"": 1.0, ""groupdro_gamma"": 0.9, ""groupdro_update_mode"": ""softmax"", ""groupdro_objective"": ""weighted"", ""groupdro_kl_lambda"": 0.0, ""groupdro_uniform_init"": false, ""log_interval"": 20, ""save_every"": 10}","{""num_groups"": 3, ""num_classes"": 2, ""train_total"": 13604, ""test_total"": 3401, ""train_group_counts"": [2133, 2118, 9353], ""test_group_counts"": [533, 530, 2338], ""train_class_counts"": [12174, 1430], ""test_class_counts"": [3043, 358], ""train_group_class_counts"": [[1876, 257], [1908, 210], [8390, 963]], ""test_group_class_counts"": [[469, 64], [477, 53], [2097, 241]], ""group_proportions"": [0.15679211996471626, 0.15568950308732726, 0.6875183769479565], ""group_names"": [""survey_only"", ""exam"", ""vitals_labs""], ""group_feature_counts"": {""0"": 15, ""1"": 18, ""2"": 25}, ""max_features"": 25, ""feature_mode"": ""expanded""}","{""num_groups"": 3, ""eta"": 1.0, ""update_mode"": ""softmax"", ""robust_objective"": ""weighted"", ""gamma"": 0.9, ""kl_lambda"": 0.0, ""initial_pi"": [0.15679211914539337, 0.15568950772285461, 0.6875183582305908]}",2026-09-07T09:29:46.358964,8,0.4071564092479347,0.7508172362378589,0.001,0.7253748897383122,0.7458215200049526,0.6960600375234521,0.8339622641509434,0.7524422361919914,"[0.7530816897654584, 0.7568134171907757, 0.7524422361919914]","[0.6960600375234521, 0.8339622641509434, 0.7074422583404619]","[0.5299661123592627, 0.32133583233511637, 0.5119188268747821]","[0.7177127834373973, 0.7905027932960894]","[[0.6780383795309168, 0.828125], [0.8532494758909853, 0.660377358490566], [0.6957558416785885, 0.8091286307053942]]","[533, 530, 2338]",0.8244335841761566,"[0.828125, 0.660377358490566, 0.8091286307053942]","[0.6780383795309168, 0.8532494758909853, 0.6957558416785885]","[0.3955223880597016, 0.4430379746835443, 0.36312849162011174]","[0.7893456823027718, 0.847790831058898, 0.8379328699169135]","[0.0, 0.0, 1.0]","[0.15679211914539337, 0.15568950772285461, 0.6875183582305908]"
"{""run_name"": ""nhanes_expanded_pergroup_gdro"", ""seed"": 33, ""run_dir"": ""runs/ablation_nhanes_expanded/pergroup_gdro_anchor_s33"", ""feature_mode"": ""expanded"", ""use_nhanes"": true, ""num_classes"": 2, ""stratified_batching"": true, ""train_frac"": 0.8, ""use_post_pandemic"": true, ""data_split_seed"": 100, ""batch_size"": 128, ""num_workers"": 0, ""epochs"": 100, ""early_stopping_patience"": 25, ""lr"": 0.001, ""weight_decay"": 0.0001, ""optimizer"": ""adam"", ""grad_clip"": 1.0, ""lr_scheduler"": ""cosine"", ""lr_min"": 1e-05, ""latent_dim"": 64, ""head_hidden"": 32, ""common_encoder"": false, ""groups"": [{""name"": ""survey_only"", ""encoder"": ""mlp_tabular_ln"", ""input_dim"": 15, ""hidden_dim"": 64, ""dropout"": 0.1}, {""name"": ""exam"", ""encoder"": ""mlp_tabular_ln"", ""input_dim"": 18, ""hidden_dim"": 64, ""dropout"": 0.1}, {""name"": ""vitals_labs"", ""encoder"": ""mlp_tabular_ln"", ""input_dim"": 25, ""hidden_dim"": 64, ""dropout"": 0.1}], ""anchor_eps"": 0.0001, ""sep_samples_per_class"": 4, ""sep_method"": ""classifier"", ""sep_margin"": 1.0, ""lambda_fit"": 0.1, ""lambda_sep"": 0.1, ""groupdro_enabled"": true, ""groupdro_eta"": 1.0, ""groupdro_gamma"": 0.9, ""groupdro_update_mode"": ""softmax"", ""groupdro_objective"": ""weighted"", ""groupdro_kl_lambda"": 0.0, ""groupdro_uniform_init"": false, ""log_interval"": 20, ""save_every"": 10}","{""num_groups"": 3, ""num_classes"": 2, ""train_total"": 13604, ""test_total"": 3401, ""train_group_counts"": [2133, 2118, 9353], ""test_group_counts"": [533, 530, 2338], ""train_class_counts"": [12174, 1430], ""test_class_counts"": [3043, 358], ""train_group_class_counts"": [[1876, 257], [1908, 210], [8390, 963]], ""test_group_class_counts"": [[469, 64], [477, 53], [2097, 241]], ""group_proportions"": [0.15679211996471626, 0.15568950308732726, 0.6875183769479565], ""group_names"": [""survey_only"", ""exam"", ""vitals_labs""], ""group_feature_counts"": {""0"": 15, ""1"": 18, ""2"": 25}, ""max_features"": 25, ""feature_mode"": ""expanded""}","{""num_groups"": 3, ""eta"": 1.0, ""update_mode"": ""softmax"", ""robust_objective"": ""weighted"", ""gamma"": 0.9, ""kl_lambda"": 0.0, ""initial_pi"": [0.15679211914539337, 0.15568950772285461, 0.6875183582305908]}",2026-09-07T09:29:46.358964,9,0.4036844185233825,0.7481426448382736,0.001,0.7209644222287562,0.6970880720265522,0.6454033771106942,0.742087254063302,0.7445362473347548,"[0.7445362473347548, 0.7683438155136268, 0.753393011553751]","[0.6454033771106942, 0.7037735849056603, 0.742087254063302]","[0.5666358075419172, 0.49275032919524064, 0.4644333711778307]","[0.7117975681892869, 0.7988826815642458]","[[0.6140724946695096, 0.875], [0.6876310272536688, 0.8490566037735849], [0.7391511683357177, 0.7676348547717843]]","[533, 530, 2338]",0.829495113797212,"[0.875, 0.8490566037735849, 0.7676348547717843]","[0.6140724946695096, 0.6876310272536688, 0.7391511683357177]","[0.37209302325581395, 0.3643724696356275, 0.3802672147995889]","[0.7877465351812367, 0.8551085795656818, 0.8350459162170024]","[0.0, 0.0, 1.0]","[0.15679211914539337, 0.15568950772285461, 0.6875183582305908]"
"{""run_name"": ""nhanes_expanded_pergroup_gdro"", ""seed"": 33, ""run_dir"": ""runs/ablation_nhanes_expanded/pergroup_gdro_anchor_s33"", ""feature_mode"": ""expanded"", ""use_nhanes"": true, ""num_classes"": 2, ""stratified_batching"": true, ""train_frac"": 0.8, ""use_post_pandemic"": true, ""data_split_seed"": 100, ""batch_size"": 128, ""num_workers"": 0, ""epochs"": 100, ""early_stopping_patience"": 25, ""lr"": 0.001, ""weight_decay"": 0.0001, ""optimizer"": ""adam"", ""grad_clip"": 1.0, ""lr_scheduler"": ""cosine"", ""lr_min"": 1e-05, ""latent_dim"": 64, ""head_hidden"": 32, ""common_encoder"": false, ""groups"": [{""name"": ""survey_only"", ""encoder"": ""mlp_tabular_ln"", ""input_dim"": 15, ""hidden_dim"": 64, ""dropout"": 0.1}, {""name"": ""exam"", ""encoder"": ""mlp_tabular_ln"", ""input_dim"": 18, ""hidden_dim"": 64, ""dropout"": 0.1}, {""name"": ""vitals_labs"", ""encoder"": ""mlp_tabular_ln"", ""input_dim"": 25, ""hidden_dim"": 64, ""dropout"": 0.1}], ""anchor_eps"": 0.0001, ""sep_samples_per_class"": 4, ""sep_method"": ""classifier"", ""sep_margin"": 1.0, ""lambda_fit"": 0.1, ""lambda_sep"": 0.1, ""groupdro_enabled"": true, ""groupdro_eta"": 1.0, ""groupdro_gamma"": 0.9, ""groupdro_update_mode"": ""softmax"", ""groupdro_objective"": ""weighted"", ""groupdro_kl_lambda"": 0.0, ""groupdro_uniform_init"": false, ""log_interval"": 20, ""save_every"": 10}","{""num_groups"": 3, ""num_classes"": 2, ""train_total"": 13604, ""test_total"": 3401, ""train_group_counts"": [2133, 2118, 9353], ""test_group_counts"": [533, 530, 2338], ""train_class_counts"": [12174, 1430], ""test_class_counts"": [3043, 358], ""train_group_class_counts"": [[1876, 257], [1908, 210], [8390, 963]], ""test_group_class_counts"": [[469, 64], [477, 53], [2097, 241]], ""group_proportions"": [0.15679211996471626, 0.15568950308732726, 0.6875183769479565], ""group_names"": [""survey_only"", ""exam"", ""vitals_labs""], ""group_feature_counts"": {""0"": 15, ""1"": 18, ""2"": 25}, ""max_features"": 25, ""feature_mode"": ""expanded""}","{""num_groups"": 3, ""eta"": 1.0, ""update_mode"": ""softmax"", ""robust_objective"": ""weighted"", ""gamma"": 0.9, ""kl_lambda"": 0.0, ""initial_pi"": [0.15679211914539337, 0.15568950772285461, 0.6875183582305908]}",2026-09-07T09:29:46.358964,10,0.38514279974472293,0.7532689450400014,0.001,0.7436048221111438,0.7633021643256122,0.7262617621899059,0.8075471698113208,0.6792543976545842,"[0.6792543976545842, 0.7924528301886793, 0.7500796435136542]","[0.7560975609756098, 0.8075471698113208, 0.7262617621899059]","[0.43034238438711697, 0.3887020441330091, 0.48297481716174706]","[0.7436740059152153, 0.7430167597765364]","[[0.7803837953091685, 0.578125], [0.8113207547169812, 0.7735849056603774], [0.7200762994754412, 0.7800829875518672]]","[533, 530, 2338]",0.8223181879099756,"[0.578125, 0.7735849056603774, 0.7800829875518672]","[0.7803837953091685, 0.8113207547169812, 0.7200762994754412]","[0.36274509803921573, 0.4456521739130435, 0.3700787401574803]","[0.7820995469083156, 0.8459712827815354, 0.834838150529209]","[0.0, 0.0, 1.0]","[0.15679211914539337, 0.15568950772285461, 0.6875183582305908]"
"{""run_name"": ""nhanes_expanded_pergroup_gdro"", ""seed"": 33, ""run_dir"": ""runs/ablation_nhanes_expanded/pergroup_gdro_anchor_s33"", ""feature_mode"": ""expanded"", ""use_nhanes"": true, ""num_classes"": 2, ""stratified_batching"": true, ""train_frac"": 0.8, ""use_post_pandemic"": true, ""data_split_seed"": 100, ""batch_size"": 128, ""num_workers"": 0, ""epochs"": 100, ""early_stopping_patience"": 25, ""lr"": 0.001, ""weight_decay"": 0.0001, ""optimizer"": ""adam"", ""grad_clip"": 1.0, ""lr_scheduler"": ""cosine"", ""lr_min"": 1e-05, ""latent_dim"": 64, ""head_hidden"": 32, ""common_encoder"": false, ""groups"": [{""name"": ""survey_only"", ""encoder"": ""mlp_tabular_ln"", ""input_dim"": 15, ""hidden_dim"": 64, ""dropout"": 0.1}, {""name"": ""exam"", ""encoder"": ""mlp_tabular_ln"", ""input_dim"": 18, ""hidden_dim"": 64, ""dropout"": 0.1}, {""name"": ""vitals_labs"", ""encoder"": ""mlp_tabular_ln"", ""input_dim"": 25, ""hidden_dim"": 64, ""dropout"": 0.1}], ""anchor_eps"": 0.0001, ""sep_samples_per_class"": 4, ""sep_method"": ""classifier"", ""sep_margin"": 1.0, ""lambda_fit"": 0.1, ""lambda_sep"": 0.1, ""groupdro_enabled"": true, ""groupdro_eta"": 1.0, ""groupdro_gamma"": 0.9, ""groupdro_update_mode"": ""softmax"", ""groupdro_objective"": ""weighted"", ""groupdro_kl_lambda"": 0.0, ""groupdro_uniform_init"": false, ""log_interval"": 20, ""save_every"": 10}","{""num_groups"": 3, ""num_classes"": 2, ""train_total"": 13604, ""test_total"": 3401, ""train_group_counts"": [2133, 2118, 9353], ""test_group_counts"": [533, 530, 2338], ""train_class_counts"": [12174, 1430], ""test_class_counts"": [3043, 358], ""train_group_class_counts"": [[1876, 257], [1908, 210], [8390, 963]], ""test_group_class_counts"": [[469, 64], [477, 53], [2097, 241]], ""group_proportions"": [0.15679211996471626, 0.15568950308732726, 0.6875183769479565], ""group_names"": [""survey_only"", ""exam"", ""vitals_labs""], ""group_feature_counts"": {""0"": 15, ""1"": 18, ""2"": 25}, ""max_features"": 25, ""feature_mode"": ""expanded""}","{""num_groups"": 3, ""eta"": 1.0, ""update_mode"": ""softmax"", ""robust_objective"": ""weighted"", ""gamma"": 0.9, ""kl_lambda"": 0.0, ""initial_pi"": [0.15679211914539337, 0.15568950772285461, 0.6875183582305908]}",2026-09-07T09:29:46.358964,11,0.38127829656779855,0.752823179774263,0.001,0.7703616583357836,0.7346298951734193,0.6604127579737336,0.80196749358426,0.7298501910454966,"[0.7463186300639659, 0.7725366876310273, 0.7298501910454966]","[0.6604127579737336, 0.7415094339622641, 0.80196749358426]","[0.5635473284229119, 0.4509133739790106, 0.36948770281904153]","[0.7781794281958594, 0.7039106145251397]","[[0.6332622601279317, 0.859375], [0.7337526205450734, 0.8113207547169812], [0.8206962327134001, 0.6390041493775933]]","[533, 530, 2338]",0.8270327356310021,"[0.859375, 0.8113207547169812, 0.6390041493775933]","[0.6332622601279317, 0.7337526205450734, 0.8206962327134001]","[0.3780068728522337, 0.38565022421524664, 0.39948119325551235]","[0.7997234808102345, 0.8483446066215735, 0.8347688952999444]","[0.0, 0.0, 1.0]","[0.15679211914539337, 0.15568950772285461, 0.6875183582305908]"
"{""run_name"": ""nhanes_expanded_pergroup_gdro"", ""seed"": 33, ""run_dir"": ""runs/ablation_nhanes_expanded/pergroup_gdro_anchor_s33"", ""feature_mode"": ""expanded"", ""use_nhanes"": true, ""num_classes"": 2, ""stratified_batching"": true, ""train_frac"": 0.8, ""use_post_pandemic"": true, ""data_split_seed"": 100, ""batch_size"": 128, ""num_workers"": 0, ""epochs"": 100, ""early_stopping_patience"": 25, ""lr"": 0.001, ""weight_decay"": 0.0001, ""optimizer"": ""adam"", ""grad_clip"": 1.0, ""lr_scheduler"": ""cosine"", ""lr_min"": 1e-05, ""latent_dim"": 64, ""head_hidden"": 32, ""common_encoder"": false, ""groups"": [{""name"": ""survey_only"", ""encoder"": ""mlp_tabular_ln"", ""input_dim"": 15, ""hidden_dim"": 64, ""dropout"": 0.1}, {""name"": ""exam"", ""encoder"": ""mlp_tabular_ln"", ""input_dim"": 18, ""hidden_dim"": 64, ""dropout"": 0.1}, {""name"": ""vitals_labs"", ""encoder"": ""mlp_tabular_ln"", ""input_dim"": 25, ""hidden_dim"": 64, ""dropout"": 0.1}], ""anchor_eps"": 0.0001, ""sep_samples_per_class"": 4, ""sep_method"": ""classifier"", ""sep_margin"": 1.0, ""lambda_fit"": 0.1, ""lambda_sep"": 0.1, ""groupdro_enabled"": true, ""groupdro_eta"": 1.0, ""groupdro_gamma"": 0.9, ""groupdro_update_mode"": ""softmax"", ""groupdro_objective"": ""weighted"", ""groupdro_kl_lambda"": 0.0, ""groupdro_uniform_init"": false, ""log_interval"": 20, ""save_every"": 10}","{""num_groups"": 3, ""num_classes"": 2, ""train_total"": 13604, ""test_total"": 3401, ""train_group_counts"": [2133, 2118, 9353], ""test_group_counts"": [533, 530, 2338], ""train_class_counts"": [12174, 1430], ""test_class_counts"": [3043, 358], ""train_group_class_counts"": [[1876, 257], [1908, 210], [8390, 963]], ""test_group_class_counts"": [[469, 64], [477, 53], [2097, 241]], ""group_proportions"": [0.15679211996471626, 0.15568950308732726, 0.6875183769479565], ""group_names"": [""survey_only"", ""exam"", ""vitals_labs""], ""group_feature_counts"": {""0"": 15, ""1"": 18, ""2"": 25}, ""max_features"": 25, ""feature_mode"": ""expanded""}","{""num_groups"": 3, ""eta"": 1.0, ""update_mode"": ""softmax"", ""robust_objective"": ""weighted"", ""gamma"": 0.9, ""kl_lambda"": 0.0, ""initial_pi"": [0.15679211914539337, 0.15568950772285461, 0.6875183582305908]}",2026-09-07T09:29:46.358964,12,0.3618271529408833,0.7557206537890044,0.001,0.7365480740958542,0.7356828536582237,0.6923076923076923,0.7773584905660378,0.6632462686567164,"[0.6632462686567164, 0.7589098532494758, 0.758115228829171]","[0.6923076923076923, 0.7773584905660378, 0.737382378100941]","[0.4947645311092252, 0.3883584862889723, 0.4769858661517214]","[0.7351298061123891, 0.7486033519553073]","[[0.7014925373134329, 0.625], [0.7819706498951782, 0.7358490566037735], [0.731998092513114, 0.7842323651452282]]","[533, 530, 2338]",0.8221189945969961,"[0.625, 0.7358490566037735, 0.7842323651452282]","[0.7014925373134329, 0.7819706498951782, 0.731998092513114]","[0.3278688524590164, 0.3979591836734694, 0.3810483870967742]","[0.7791677771855011, 0.8446263992721806, 0.8339991728946905]","[0.0, 0.0, 1.0]","[0.15679211914539337, 0.15568950772285461, 0.6875183582305908]"
"{""run_name"": ""nhanes_expanded_pergroup_gdro"", ""seed"": 33, ""run_dir"": ""runs/ablation_nhanes_expanded/pergroup_gdro_anchor_s33"", ""feature_mode"": ""expanded"", ""use_nhanes"": true, ""num_classes"": 2, ""stratified_batching"": true, ""train_frac"": 0.8, ""use_post_pandemic"": true, ""data_split_seed"": 100, ""batch_size"": 128, ""num_workers"": 0, ""epochs"": 100, ""early_stopping_patience"": 25, ""lr"": 0.001, ""weight_decay"": 0.0001, ""optimizer"": ""adam"", ""grad_clip"": 1.0, ""lr_scheduler"": ""cosine"", ""lr_min"": 1e-05, ""latent_dim"": 64, ""head_hidden"": 32, ""common_encoder"": false, ""groups"": [{""name"": ""survey_only"", ""encoder"": ""mlp_tabular_ln"", ""input_dim"": 15, ""hidden_dim"": 64, ""dropout"": 0.1}, {""name"": ""exam"", ""encoder"": ""mlp_tabular_ln"", ""input_dim"": 18, ""hidden_dim"": 64, ""dropout"": 0.1}, {""name"": ""vitals_labs"", ""encoder"": ""mlp_tabular_ln"", ""input_dim"": 25, ""hidden_dim"": 64, ""dropout"": 0.1}], ""anchor_eps"": 0.0001, ""sep_samples_per_class"": 4, ""sep_method"": ""classifier"", ""sep_margin"": 1.0, ""lambda_fit"": 0.1, ""lambda_sep"": 0.1, ""groupdro_enabled"": true, ""groupdro_eta"": 1.0, ""groupdro_gamma"": 0.9, ""groupdro_update_mode"": ""softmax"", ""groupdro_objective"": ""weighted"", ""groupdro_kl_lambda"": 0.0, ""groupdro_uniform_init"": false, ""log_interval"": 20, ""save_every"": 10}","{""num_groups"": 3, ""num_classes"": 2, ""train_total"": 13604, ""test_total"": 3401, ""train_group_counts"": [2133, 2118, 9353], ""test_group_counts"": [533, 530, 2338], ""train_class_counts"": [12174, 1430], ""test_class_counts"": [3043, 358], ""train_group_class_counts"": [[1876, 257], [1908, 210], [8390, 963]], ""test_group_class_counts"": [[469, 64], [477, 53], [2097, 241]], ""group_proportions"": [0.15679211996471626, 0.15568950308732726, 0.6875183769479565], ""group_names"": [""survey_only"", ""exam"", ""vitals_labs""], ""group_feature_counts"": {""0"": 15, ""1"": 18, ""2"": 25}, ""max_features"": 25, ""feature_mode"": ""expanded""}","{""num_groups"": 3, ""eta"": 1.0, ""update_mode"": ""softmax"", ""robust_objective"": ""weighted"", ""gamma"": 0.9, ""kl_lambda"": 0.0, ""initial_pi"": [0.15679211914539337, 0.15568950772285461, 0.6875183582305908]}",2026-09-07T09:29:46.358964,13,0.35092748142502106,0.7553491827637444,0.001,0.7800646868568069,0.779138315410364,0.701688555347092,0.8547169811320755,0.6820695628997868,"[0.6820695628997868, 0.7264150943396226, 0.7420381220356289]","[0.701688555347092, 0.8547169811320755, 0.7810094097519247]","[0.4926325080233847, 0.31061583154952593, 0.39802707486962813]","[0.7932960893854749, 0.6675977653631285]","[[0.7078891257995735, 0.65625], [0.8867924528301887, 0.5660377358490566], [0.7911301859799714, 0.6929460580912863]]","[533, 530, 2338]",0.8227766997064423,"[0.65625, 0.5660377358490566, 0.6929460580912863]","[0.7078891257995735, 0.8867924528301887, 0.7911301859799714]","[0.34567901234567905, 0.43795620437956206, 0.3947990543735224]","[0.785047974413646, 0.8411455243067917, 0.8340466621947574]","[0.0, 0.0, 1.0]","[0.15679211914539337, 0.15568950772285461, 0.6875183582305908]"
"{""run_name"": ""nhanes_expanded_pergroup_gdro"", ""seed"": 33, ""run_dir"": ""runs/ablation_nhanes_expanded/pergroup_gdro_anchor_s33"", ""feature_mode"": ""expanded"", ""use_nhanes"": true, ""num_classes"": 2, ""stratified_batching"": true, ""train_frac"": 0.8, ""use_post_pandemic"": true, ""data_split_seed"": 100, ""batch_size"": 128, ""num_workers"": 0, ""epochs"": 100, ""early_stopping_patience"": 25, ""lr"": 0.001, ""weight_decay"": 0.0001, ""optimizer"": ""adam"", ""grad_clip"": 1.0, ""lr_scheduler"": ""cosine"", ""lr_min"": 1e-05, ""latent_dim"": 64, ""head_hidden"": 32, ""common_encoder"": false, ""groups"": [{""name"": ""survey_only"", ""encoder"": ""mlp_tabular_ln"", ""input_dim"": 15, ""hidden_dim"": 64, ""dropout"": 0.1}, {""name"": ""exam"", ""encoder"": ""mlp_tabular_ln"", ""input_dim"": 18, ""hidden_dim"": 64, ""dropout"": 0.1}, {""name"": ""vitals_labs"", ""encoder"": ""mlp_tabular_ln"", ""input_dim"": 25, ""hidden_dim"": 64, ""dropout"": 0.1}], ""anchor_eps"": 0.0001, ""sep_samples_per_class"": 4, ""sep_method"": ""classifier"", ""sep_margin"": 1.0, ""lambda_fit"": 0.1, ""lambda_sep"": 0.1, ""groupdro_enabled"": true, ""groupdro_eta"": 1.0, ""groupdro_gamma"": 0.9, ""groupdro_update_mode"": ""softmax"", ""groupdro_objective"": ""weighted"", ""groupdro_kl_lambda"": 0.0, ""groupdro_uniform_init"": false, ""log_interval"": 20, ""save_every"": 10}","{""num_groups"": 3, ""num_classes"": 2, ""train_total"": 13604, ""test_total"": 3401, ""train_group_counts"": [2133, 2118, 9353], ""test_group_counts"": [533, 530, 2338], ""train_class_counts"": [12174, 1430], ""test_class_counts"": [3043, 358], ""train_group_class_counts"": [[1876, 257], [1908, 210], [8390, 963]], ""test_group_class_counts"": [[469, 64], [477, 53], [2097, 241]], ""group_proportions"": [0.15679211996471626, 0.15568950308732726, 0.6875183769479565], ""group_names"": [""survey_only"", ""exam"", ""vitals_labs""], ""group_feature_counts"": {""0"": 15, ""1"": 18, ""2"": 25}, ""max_features"": 25, ""feature_mode"": ""expanded""}","{""num_groups"": 3, ""eta"": 1.0, ""update_mode"": ""softmax"", ""robust_objective"": ""weighted"", ""gamma"": 0.9, ""kl_lambda"": 0.0, ""initial_pi"": [0.15679211914539337, 0.15568950772285461, 0.6875183582305908]}",2026-09-07T09:29:46.358964,14,0.35407611908831177,0.7693907875362866,0.001,0.7418406351073213,0.7319335648905686,0.6885553470919324,0.7566037735849057,0.728578091684435,"[0.728578091684435, 0.7976939203354299, 0.7489804640891848]","[0.6885553470919324, 0.7566037735849057, 0.7506415739948674]","[0.5307369718588469, 0.4351011980054675, 0.465010947903572]","[0.7387446598751233, 0.7681564245810056]","[[0.67590618336887, 0.78125], [0.7463312368972747, 0.8490566037735849], [0.7510729613733905, 0.7468879668049793]]","[533, 530, 2338]",0.824881539644977,"[0.78125, 0.8490566037735849, 0.7468879668049793]","[0.67590618336887, 0.7463312368972747, 0.7510729613733905]","[0.3759398496240602, 0.410958904109589, 0.38176033934252385]","[0.7953424840085287, 0.8343815513626833, 0.8331700888643527]","[0.0, 0.0, 1.0]","[0.15679211914539337, 0.15568950772285461, 0.6875183582305908]"
"{""run_name"": ""nhanes_expanded_pergroup_gdro"", ""seed"": 33, ""run_dir"": ""runs/ablation_nhanes_expanded/pergroup_gdro_anchor_s33"", ""feature_mode"": ""expanded"", ""use_nhanes"": true, ""num_classes"": 2, ""stratified_batching"": true, ""train_frac"": 0.8, ""use_post_pandemic"": true, ""data_split_seed"": 100, ""batch_size"": 128, ""num_workers"": 0, ""epochs"": 100, ""early_stopping_patience"": 25, ""lr"": 0.001, ""weight_decay"": 0.0001, ""optimizer"": ""adam"", ""grad_clip"": 1.0, ""lr_scheduler"": ""cosine"", ""lr_min"": 1e-05, ""latent_dim"": 64, ""head_hidden"": 32, ""common_encoder"": false, ""groups"": [{""name"": ""survey_only"", ""encoder"": ""mlp_tabular_ln"", ""input_dim"": 15, ""hidden_dim"": 64, ""dropout"": 0.1}, {""name"": ""exam"", ""encoder"": ""mlp_tabular_ln"", ""input_dim"": 18, ""hidden_dim"": 64, ""dropout"": 0.1}, {""name"": ""vitals_labs"", ""encoder"": ""mlp_tabular_ln"", ""input_dim"": 25, ""hidden_dim"": 64, ""dropout"": 0.1}], ""anchor_eps"": 0.0001, ""sep_samples_per_class"": 4, ""sep_method"": ""classifier"", ""sep_margin"": 1.0, ""lambda_fit"": 0.1, ""lambda_sep"": 0.1, ""groupdro_enabled"": true, ""groupdro_eta"": 1.0, ""groupdro_gamma"": 0.9, ""groupdro_update_mode"": ""softmax"", ""groupdro_objective"": ""weighted"", ""groupdro_kl_lambda"": 0.0, ""groupdro_uniform_init"": false, ""log_interval"": 20, ""save_every"": 10}","{""num_groups"": 3, ""num_classes"": 2, ""train_total"": 13604, ""test_total"": 3401, ""train_group_counts"": [2133, 2118, 9353], ""test_group_counts"": [533, 530, 2338], ""train_class_counts"": [12174, 1430], ""test_class_counts"": [3043, 358], ""train_group_class_counts"": [[1876, 257], [1908, 210], [8390, 963]], ""test_group_class_counts"": [[469, 64], [477, 53], [2097, 241]], ""group_proportions"": [0.15679211996471626, 0.15568950308732726, 0.6875183769479565], ""group_names"": [""survey_only"", ""exam"", ""vitals_labs""], ""group_feature_counts"": {""0"": 15, ""1"": 18, ""2"": 25}, ""max_features"": 25, ""feature_mode"": ""expanded""}","{""num_groups"": 3, ""eta"": 1.0, ""update_mode"": ""softmax"", ""robust_objective"": ""weighted"", ""gamma"": 0.9, ""kl_lambda"": 0.0, ""initial_pi"": [0.15679211914539337, 0.15568950772285461, 0.6875183582305908]}",2026-09-07T09:29:46.358964,15,0.3471781220514034,0.7600297177174471,0.001,0.758894442810938,0.7460673662359568,0.6735459662288931,0.7943396226415095,0.7267957089552239,"[0.7267957089552239, 0.7767295597484277, 0.7379134784527195]","[0.6735459662288931, 0.7943396226415095, 0.7703165098374679]","[0.531835421180651, 0.3939387522323708, 0.4239047041381538]","[0.7630627670062439, 0.723463687150838]","[[0.6567164179104478, 0.796875], [0.7987421383647799, 0.7547169811320755], [0.7787315212207916, 0.6970954356846473]]","[533, 530, 2338]",0.8256356286155423,"[0.796875, 0.7547169811320755, 0.6970954356846473]","[0.6567164179104478, 0.7987421383647799, 0.7787315212207916]","[0.3695652173913044, 0.4232804232804233, 0.3848797250859106]","[0.7880630330490405, 0.8498477117202643, 0.8311913680282245]","[0.0, 0.0, 1.0]","[0.15679211914539337, 0.15568950772285461, 0.6875183582305908]"
"{""run_name"": ""nhanes_expanded_pergroup_gdro"", ""seed"": 33, ""run_dir"": ""runs/ablation_nhanes_expanded/pergroup_gdro_anchor_s33"", ""feature_mode"": ""expanded"", ""use_nhanes"": true, ""num_classes"": 2, ""stratified_batching"": true, ""train_frac"": 0.8, ""use_post_pandemic"": true, ""data_split_seed"": 100, ""batch_size"": 128, ""num_workers"": 0, ""epochs"": 100, ""early_stopping_patience"": 25, ""lr"": 0.001, ""weight_decay"": 0.0001, ""optimizer"": ""adam"", ""grad_clip"": 1.0, ""lr_scheduler"": ""cosine"", ""lr_min"": 1e-05, ""latent_dim"": 64, ""head_hidden"": 32, ""common_encoder"": false, ""groups"": [{""name"": ""survey_only"", ""encoder"": ""mlp_tabular_ln"", ""input_dim"": 15, ""hidden_dim"": 64, ""dropout"": 0.1}, {""name"": ""exam"", ""encoder"": ""mlp_tabular_ln"", ""input_dim"": 18, ""hidden_dim"": 64, ""dropout"": 0.1}, {""name"": ""vitals_labs"", ""encoder"": ""mlp_tabular_ln"", ""input_dim"": 25, ""hidden_dim"": 64, ""dropout"": 0.1}], ""anchor_eps"": 0.0001, ""sep_samples_per_class"": 4, ""sep_method"": ""classifier"", ""sep_margin"": 1.0, ""lambda_fit"": 0.1, ""lambda_sep"": 0.1, ""groupdro_enabled"": true, ""groupdro_eta"": 1.0, ""groupdro_gamma"": 0.9, ""groupdro_update_mode"": ""softmax"", ""groupdro_objective"": ""weighted"", ""groupdro_kl_lambda"": 0.0, ""groupdro_uniform_init"": false, ""log_interval"": 20, ""save_every"": 10}","{""num_groups"": 3, ""num_classes"": 2, ""train_total"": 13604, ""test_total"": 3401, ""train_group_counts"": [2133, 2118, 9353], ""test_group_counts"": [533, 530, 2338], ""train_class_counts"": [12174, 1430], ""test_class_counts"": [3043, 358], ""train_group_class_counts"": [[1876, 257], [1908, 210], [8390, 963]], ""test_group_class_counts"": [[469, 64], [477, 53], [2097, 241]], ""group_proportions"": [0.15679211996471626, 0.15568950308732726, 0.6875183769479565], ""group_names"": [""survey_only"", ""exam"", ""vitals_labs""], ""group_feature_counts"": {""0"": 15, ""1"": 18, ""2"": 25}, ""max_features"": 25, ""feature_mode"": ""expanded""}","{""num_groups"": 3, ""eta"": 1.0, ""update_mode"": ""softmax"", ""robust_objective"": ""weighted"", ""gamma"": 0.9, ""kl_lambda"": 0.0, ""initial_pi"": [0.15679211914539337, 0.15568950772285461, 0.6875183582305908]}",2026-09-07T09:29:46.358964,16,0.3418310987343804,0.7594353640238917,0.001,0.7365480740958542,0.7478312042820394,0.6979362101313321,0.8188679245283019,0.7136693763326226,"[0.7136693763326226, 0.7819706498951782, 0.7521543323103347]","[0.6979362101313321, 0.8188679245283019, 0.7266894781864842]","[0.5635444475456899, 0.372379779635714, 0.5113887231747386]","[0.7328294446270128, 0.7681564245810056]","[[0.6929637526652452, 0.734375], [0.8280922431865828, 0.7358490566037735], [0.7200762994754412, 0.7842323651452282]]","[533, 530, 2338]",0.824075128006947,"[0.734375, 0.7358490566037735, 0.7842323651452282]","[0.6929637526652452, 0.8280922431865828, 0.7200762994754412]","[0.3686274509803922, 0.4482758620689655, 0.37168141592920356]","[0.7853644722814499, 0.8415806336774654, 0.8349687461043933]","[0.0, 0.0, 1.0]","[0.15679211914539337, 0.15568950772285461, 0.6875183582305908]"
"{""run_name"": ""nhanes_expanded_pergroup_gdro"", ""seed"": 33, ""run_dir"": ""runs/ablation_nhanes_expanded/pergroup_gdro_anchor_s33"", ""feature_mode"": ""expanded"", ""use_nhanes"": true, ""num_classes"": 2, ""stratified_batching"": true, ""train_frac"": 0.8, ""use_post_pandemic"": true, ""data_split_seed"": 100, ""batch_size"": 128, ""num_workers"": 0, ""epochs"": 100, ""early_stopping_patience"": 25, ""lr"": 0.001, ""weight_decay"": 0.0001, ""optimizer"": ""adam"", ""grad_clip"": 1.0, ""lr_scheduler"": ""cosine"", ""lr_min"": 1e-05, ""latent_dim"": 64, ""head_hidden"": 32, ""common_encoder"": false, ""groups"": [{""name"": ""survey_only"", ""encoder"": ""mlp_tabular_ln"", ""input_dim"": 15, ""hidden_dim"": 64, ""dropout"": 0.1}, {""name"": ""exam"", ""encoder"": ""mlp_tabular_ln"", ""input_dim"": 18, ""hidden_dim"": 64, ""dropout"": 0.1}, {""name"": ""vitals_labs"", ""encoder"": ""mlp_tabular_ln"", ""input_dim"": 25, ""hidden_dim"": 64, ""dropout"": 0.1}], ""anchor_eps"": 0.0001, ""sep_samples_per_class"": 4, ""sep_method"": ""classifier"", ""sep_margin"": 1.0, ""lambda_fit"": 0.1, ""lambda_sep"": 0.1, ""groupdro_enabled"": true, ""groupdro_eta"": 1.0, ""groupdro_gamma"": 0.9, ""groupdro_update_mode"": ""softmax"", ""groupdro_objective"": ""weighted"", ""groupdro_kl_lambda"": 0.0, ""groupdro_uniform_init"": false, ""log_interval"": 20, ""save_every"": 10}","{""num_groups"": 3, ""num_classes"": 2, ""train_total"": 13604, ""test_total"": 3401, ""train_group_counts"": [2133, 2118, 9353], ""test_group_counts"": [533, 530, 2338], ""train_class_counts"": [12174, 1430], ""test_class_counts"": [3043, 358], ""train_group_class_counts"": [[1876, 257], [1908, 210], [8390, 963]], ""test_group_class_counts"": [[469, 64], [477, 53], [2097, 241]], ""group_proportions"": [0.15679211996471626, 0.15568950308732726, 0.6875183769479565], ""group_names"": [""survey_only"", ""exam"", ""vitals_labs""], ""group_feature_counts"": {""0"": 15, ""1"": 18, ""2"": 25}, ""max_features"": 25, ""feature_mode"": ""expanded""}","{""num_groups"": 3, ""eta"": 1.0, ""update_mode"": ""softmax"", ""robust_objective"": ""weighted"", ""gamma"": 0.9, ""kl_lambda"": 0.0, ""initial_pi"": [0.15679211914539337, 0.15568950772285461, 0.6875183582305908]}",2026-09-07T09:29:46.358964,17,0.32556454024622206,0.7704309064070147,0.001,0.7521317259629521,0.7567828776081392,0.7317073170731707,0.7905660377358491,0.7261127398720683,"[0.7261127398720683, 0.7746331236897275, 0.7493861018605912]","[0.7317073170731707, 0.7905660377358491, 0.7480752780153977]","[0.47032961770861564, 0.41066169475598147, 0.4716811808620056]","[0.7528754518567203, 0.7458100558659218]","[[0.7334754797441365, 0.71875], [0.7945492662473794, 0.7547169811320755], [0.7477348593228421, 0.7510373443983402]]","[533, 530, 2338]",0.819463848708548,"[0.71875, 0.7547169811320755, 0.7510373443983402]","[0.7334754797441365, 0.7945492662473794, 0.7477348593228421]","[0.39148936170212767, 0.418848167539267, 0.3806519453207151]","[0.7905450426439231, 0.8351726593093628, 0.8281421592197509]","[0.0, 0.0, 1.0]","[0.15679211914539337, 0.15568950772285461, 0.6875183582305908]"
"{""run_name"": ""nhanes_expanded_pergroup_gdro"", ""seed"": 33, ""run_dir"": ""runs/ablation_nhanes_expanded/pergroup_gdro_anchor_s33"", ""feature_mode"": ""expanded"", ""use_nhanes"": true, ""num_classes"": 2, ""stratified_batching"": true, ""train_frac"": 0.8, ""use_post_pandemic"": true, ""data_split_seed"": 100, ""batch_size"": 128, ""num_workers"": 0, ""epochs"": 100, ""early_stopping_patience"": 25, ""lr"": 0.001, ""weight_decay"": 0.0001, ""optimizer"": ""adam"", ""grad_clip"": 1.0, ""lr_scheduler"": ""cosine"", ""lr_min"": 1e-05, ""latent_dim"": 64, ""head_hidden"": 32, ""common_encoder"": false, ""groups"": [{""name"": ""survey_only"", ""encoder"": ""mlp_tabular_ln"", ""input_dim"": 15, ""hidden_dim"": 64, ""dropout"": 0.1}, {""name"": ""exam"", ""encoder"": ""mlp_tabular_ln"", ""input_dim"": 18, ""hidden_dim"": 64, ""dropout"": 0.1}, {""name"": ""vitals_labs"", ""encoder"": ""mlp_tabular_ln"", ""input_dim"": 25, ""hidden_dim"": 64, ""dropout"": 0.1}], ""anchor_eps"": 0.0001, ""sep_samples_per_class"": 4, ""sep_method"": ""classifier"", ""sep_margin"": 1.0, ""lambda_fit"": 0.1, ""lambda_sep"": 0.1, ""groupdro_enabled"": true, ""groupdro_eta"": 1.0, ""groupdro_gamma"": 0.9, ""groupdro_update_mode"": ""softmax"", ""groupdro_objective"": ""weighted"", ""groupdro_kl_lambda"": 0.0, ""groupdro_uniform_init"": false, ""log_interval"": 20, ""save_every"": 10}","{""num_groups"": 3, ""num_classes"": 2, ""train_total"": 13604, ""test_total"": 3401, ""train_group_counts"": [2133, 2118, 9353], ""test_group_counts"": [533, 530, 2338], ""train_class_counts"": [12174, 1430], ""test_class_counts"": [3043, 358], ""train_group_class_counts"": [[1876, 257], [1908, 210], [8390, 963]], ""test_group_class_counts"": [[469, 64], [477, 53], [2097, 241]], ""group_proportions"": [0.15679211996471626, 0.15568950308732726, 0.6875183769479565], ""group_names"": [""survey_only"", ""exam"", ""vitals_labs""], ""group_feature_counts"": {""0"": 15, ""1"": 18, ""2"": 25}, ""max_features"": 25, ""feature_mode"": ""expanded""}","{""num_groups"": 3, ""eta"": 1.0, ""update_mode"": ""softmax"", ""robust_objective"": ""weighted"", ""gamma"": 0.9, ""kl_lambda"": 0.0, ""initial_pi"": [0.15679211914539337, 0.15568950772285461, 0.6875183582305908]}",2026-09-07T09:29:46.358964,18,0.3269430065026609,0.7744427934266838,0.001,0.7559541311379007,0.7499384940288683,0.701688555347092,0.7867924528301887,0.7360407782515992,"[0.7360407782515992, 0.7725366876310273, 0.7531051076720943]","[0.701688555347092, 0.7867924528301887, 0.7613344739093242]","[0.5685441683298079, 0.41355082103869995, 0.4474181303975728]","[0.7564903056194545, 0.7513966480446927]","[[0.6908315565031983, 0.78125], [0.790356394129979, 0.7547169811320755], [0.7634716261325704, 0.7427385892116183]]","[533, 530, 2338]",0.8236836259424966,"[0.78125, 0.7547169811320755, 0.7427385892116183]","[0.6908315565031983, 0.790356394129979, 0.7634716261325704]","[0.38610038610038605, 0.41450777202072536, 0.39082969432314413]","[0.7897787846481876, 0.8307028994106246, 0.8327783021387994]","[0.0, 0.0, 1.0]","[0.15679211914539337, 0.15568950772285461, 0.6875183582305908]"
"{""run_name"": ""nhanes_expanded_pergroup_gdro"", ""seed"": 33, ""run_dir"": ""runs/ablation_nhanes_expanded/pergroup_gdro_anchor_s33"", ""feature_mode"": ""expanded"", ""use_nhanes"": true, ""num_classes"": 2, ""stratified_batching"": true, ""train_frac"": 0.8, ""use_post_pandemic"": true, ""data_split_seed"": 100, ""batch_size"": 128, ""num_workers"": 0, ""epochs"": 100, ""early_stopping_patience"": 25, ""lr"": 0.001, ""weight_decay"": 0.0001, ""optimizer"": ""adam"", ""grad_clip"": 1.0, ""lr_scheduler"": ""cosine"", ""lr_min"": 1e-05, ""latent_dim"": 64, ""head_hidden"": 32, ""common_encoder"": false, ""groups"": [{""name"": ""survey_only"", ""encoder"": ""mlp_tabular_ln"", ""input_dim"": 15, ""hidden_dim"": 64, ""dropout"": 0.1}, {""name"": ""exam"", ""encoder"": ""mlp_tabular_ln"", ""input_dim"": 18, ""hidden_dim"": 64, ""dropout"": 0.1}, {""name"": ""vitals_labs"", ""encoder"": ""mlp_tabular_ln"", ""input_dim"": 25, ""hidden_dim"": 64, ""dropout"": 0.1}], ""anchor_eps"": 0.0001, ""sep_samples_per_class"": 4, ""sep_method"": ""classifier"", ""sep_margin"": 1.0, ""lambda_fit"": 0.1, ""lambda_sep"": 0.1, ""groupdro_enabled"": true, ""groupdro_eta"": 1.0, ""groupdro_gamma"": 0.9, ""groupdro_update_mode"": ""softmax"", ""groupdro_objective"": ""weighted"", ""groupdro_kl_lambda"": 0.0, ""groupdro_uniform_init"": false, ""log_interval"": 20, ""save_every"": 10}","{""num_groups"": 3, ""num_classes"": 2, ""train_total"": 13604, ""test_total"": 3401, ""train_group_counts"": [2133, 2118, 9353], ""test_group_counts"": [533, 530, 2338], ""train_class_counts"": [12174, 1430], ""test_class_counts"": [3043, 358], ""train_group_class_counts"": [[1876, 257], [1908, 210], [8390, 963]], ""test_group_class_counts"": [[469, 64], [477, 53], [2097, 241]], ""group_proportions"": [0.15679211996471626, 0.15568950308732726, 0.6875183769479565], ""group_names"": [""survey_only"", ""exam"", ""vitals_labs""], ""group_feature_counts"": {""0"": 15, ""1"": 18, ""2"": 25}, ""max_features"": 25, ""feature_mode"": ""expanded""}","{""num_groups"": 3, ""eta"": 1.0, ""update_mode"": ""softmax"", ""robust_objective"": ""weighted"", ""gamma"": 0.9, ""kl_lambda"": 0.0, ""initial_pi"": [0.15679211914539337, 0.15568950772285461, 0.6875183582305908]}",2026-09-07T09:29:46.358964,19,0.31763730825908915,0.773774145634355,0.001,0.7468391649514848,0.7484156752868295,0.7129455909943715,0.7867924528301887,0.7087053571428572,"[0.7087053571428572, 0.7809224318658281, 0.7424467278882894]","[0.7129455909943715, 0.7867924528301887, 0.7455089820359282]","[0.49707905361724675, 0.4045934217528963, 0.4753790687704124]","[0.7479461058166283, 0.7374301675977654]","[[0.7142857142857143, 0.703125], [0.7882599580712788, 0.7735849056603774], [0.7463042441583214, 0.7385892116182573]]","[533, 530, 2338]",0.8193536957244119,"[0.703125, 0.7735849056603774, 0.7385892116182573]","[0.7142857142857143, 0.7882599580712788, 0.7463042441583214]","[0.3703703703703704, 0.42051282051282046, 0.3743427970557308]","[0.783082356076759, 0.8285273525572564, 0.8298596889055102]","[0.0, 0.0, 1.0]","[0.15679211914539337, 0.15568950772285461, 0.6875183582305908]"
"{""run_name"": ""nhanes_expanded_pergroup_gdro"", ""seed"": 33, ""run_dir"": ""runs/ablation_nhanes_expanded/pergroup_gdro_anchor_s33"", ""feature_mode"": ""expanded"", ""use_nhanes"": true, ""num_classes"": 2, ""stratified_batching"": true, ""train_frac"": 0.8, ""use_post_pandemic"": true, ""data_split_seed"": 100, ""batch_size"": 128, ""num_workers"": 0, ""epochs"": 100, ""early_stopping_patience"": 25, ""lr"": 0.001, ""weight_decay"": 0.0001, ""optimizer"": ""adam"", ""grad_clip"": 1.0, ""lr_scheduler"": ""cosine"", ""lr_min"": 1e-05, ""latent_dim"": 64, ""head_hidden"": 32, ""common_encoder"": false, ""groups"": [{""name"": ""survey_only"", ""encoder"": ""mlp_tabular_ln"", ""input_dim"": 15, ""hidden_dim"": 64, ""dropout"": 0.1}, {""name"": ""exam"", ""encoder"": ""mlp_tabular_ln"", ""input_dim"": 18, ""hidden_dim"": 64, ""dropout"": 0.1}, {""name"": ""vitals_labs"", ""encoder"": ""mlp_tabular_ln"", ""input_dim"": 25, ""hidden_dim"": 64, ""dropout"": 0.1}], ""anchor_eps"": 0.0001, ""sep_samples_per_class"": 4, ""sep_method"": ""classifier"", ""sep_margin"": 1.0, ""lambda_fit"": 0.1, ""lambda_sep"": 0.1, ""groupdro_enabled"": true, ""groupdro_eta"": 1.0, ""groupdro_gamma"": 0.9, ""groupdro_update_mode"": ""softmax"", ""groupdro_objective"": ""weighted"", ""groupdro_kl_lambda"": 0.0, ""groupdro_uniform_init"": false, ""log_interval"": 20, ""save_every"": 10}","{""num_groups"": 3, ""num_classes"": 2, ""train_total"": 13604, ""test_total"": 3401, ""train_group_counts"": [2133, 2118, 9353], ""test_group_counts"": [533, 530, 2338], ""train_class_counts"": [12174, 1430], ""test_class_counts"": [3043, 358], ""train_group_class_counts"": [[1876, 257], [1908, 210], [8390, 963]], ""test_group_class_counts"": [[469, 64], [477, 53], [2097, 241]], ""group_proportions"": [0.15679211996471626, 0.15568950308732726, 0.6875183769479565], ""group_names"": [""survey_only"", ""exam"", ""vitals_labs""], ""group_feature_counts"": {""0"": 15, ""1"": 18, ""2"": 25}, ""max_features"": 25, ""feature_mode"": ""expanded""}","{""num_groups"": 3, ""eta"": 1.0, ""update_mode"": ""softmax"", ""robust_objective"": ""weighted"", ""gamma"": 0.9, ""kl_lambda"": 0.0, ""initial_pi"": [0.15679211914539337, 0.15568950772285461, 0.6875183582305908]}",2026-09-07T09:29:46.358964,20,0.31701991767089754,0.7753343239581603,0.001,0.7553660688032932,0.7637612957232346,0.699812382739212,0.8433962264150944,0.6877498667377399,"[0.6877498667377399, 0.7117400419287212, 0.740204837180956]","[0.699812382739212, 0.8433962264150944, 0.7480752780153977]","[0.4916615616132391, 0.3197720663148947, 0.4632866807144344]","[0.7627341439369044, 0.6927374301675978]","[[0.7036247334754797, 0.671875], [0.8763102725366876, 0.5471698113207547], [0.7501192179303767, 0.7302904564315352]]","[533, 530, 2338]",0.8139543636186723,"[0.671875, 0.5471698113207547, 0.7302904564315352]","[0.7036247334754797, 0.8763102725366876, 0.7501192179303767]","[0.3495934959349593, 0.4113475177304965, 0.37407013815090334]","[0.7778518123667377, 0.829041572722598, 0.8263949487214496]","[0.0, 0.0, 1.0]","[0.15679211914539337, 0.15568950772285461, 0.6875183582305908]"
"{""run_name"": ""nhanes_expanded_pergroup_gdro"", ""seed"": 33, ""run_dir"": ""runs/ablation_nhanes_expanded/pergroup_gdro_anchor_s33"", ""feature_mode"": ""expanded"", ""use_nhanes"": true, ""num_classes"": 2, ""stratified_batching"": true, ""train_frac"": 0.8, ""use_post_pandemic"": true, ""data_split_seed"": 100, ""batch_size"": 128, ""num_workers"": 0, ""epochs"": 100, ""early_stopping_patience"": 25, ""lr"": 0.001, ""weight_decay"": 0.0001, ""optimizer"": ""adam"", ""grad_clip"": 1.0, ""lr_scheduler"": ""cosine"", ""lr_min"": 1e-05, ""latent_dim"": 64, ""head_hidden"": 32, ""common_encoder"": false, ""groups"": [{""name"": ""survey_only"", ""encoder"": ""mlp_tabular_ln"", ""input_dim"": 15, ""hidden_dim"": 64, ""dropout"": 0.1}, {""name"": ""exam"", ""encoder"": ""mlp_tabular_ln"", ""input_dim"": 18, ""hidden_dim"": 64, ""dropout"": 0.1}, {""name"": ""vitals_labs"", ""encoder"": ""mlp_tabular_ln"", ""input_dim"": 25, ""hidden_dim"": 64, ""dropout"": 0.1}], ""anchor_eps"": 0.0001, ""sep_samples_per_class"": 4, ""sep_method"": ""classifier"", ""sep_margin"": 1.0, ""lambda_fit"": 0.1, ""lambda_sep"": 0.1, ""groupdro_enabled"": true, ""groupdro_eta"": 1.0, ""groupdro_gamma"": 0.9, ""groupdro_update_mode"": ""softmax"", ""groupdro_objective"": ""weighted"", ""groupdro_kl_lambda"": 0.0, ""groupdro_uniform_init"": false, ""log_interval"": 20, ""save_every"": 10}","{""num_groups"": 3, ""num_classes"": 2, ""train_total"": 13604, ""test_total"": 3401, ""train_group_counts"": [2133, 2118, 9353], ""test_group_counts"": [533, 530, 2338], ""train_class_counts"": [12174, 1430], ""test_class_counts"": [3043, 358], ""train_group_class_counts"": [[1876, 257], [1908, 210], [8390, 963]], ""test_group_class_counts"": [[469, 64], [477, 53], [2097, 241]], ""group_proportions"": [0.15679211996471626, 0.15568950308732726, 0.6875183769479565], ""group_names"": [""survey_only"", ""exam"", ""vitals_labs""], ""group_feature_counts"": {""0"": 15, ""1"": 18, ""2"": 25}, ""max_features"": 25, ""feature_mode"": ""expanded""}","{""num_groups"": 3, ""eta"": 1.0, ""update_mode"": ""softmax"", ""robust_objective"": ""weighted"", ""gamma"": 0.9, ""kl_lambda"": 0.0, ""initial_pi"": [0.15679211914539337, 0.15568950772285461, 0.6875183582305908]}",2026-09-07T09:29:46.358964,21,0.31444818336865343,0.7751114412721518,0.001,0.763304910320494,0.7593851191534794,0.6772983114446529,0.8339622641509434,0.695195895522388,"[0.695195895522388, 0.7316561844863732, 0.7341697386307647]","[0.6772983114446529, 0.8339622641509434, 0.7668947818648417]","[0.529584919810483, 0.30818434845512216, 0.4275331493514694]","[0.7725928360170884, 0.6843575418994413]","[[0.6716417910447762, 0.71875], [0.859538784067086, 0.6037735849056604], [0.7753934191702432, 0.6929460580912863]]","[533, 530, 2338]",0.8141388698671003,"[0.71875, 0.6037735849056604, 0.6929460580912863]","[0.6716417910447762, 0.859538784067086, 0.7753934191702432]","[0.3484848484848485, 0.4210526315789474, 0.3799772468714448]","[0.7768190298507461, 0.8364779874213837, 0.8247011636857238]","[0.0, 0.0, 1.0]","[0.15679211914539337, 0.15568950772285461, 0.6875183582305908]"
"{""run_name"": ""nhanes_expanded_pergroup_gdro"", ""seed"": 33, ""run_dir"": ""runs/ablation_nhanes_expanded/pergroup_gdro_anchor_s33"", ""feature_mode"": ""expanded"", ""use_nhanes"": true, ""num_classes"": 2, ""stratified_batching"": true, ""train_frac"": 0.8, ""use_post_pandemic"": true, ""data_split_seed"": 100, ""batch_size"": 128, ""num_workers"": 0, ""epochs"": 100, ""early_stopping_patience"": 25, ""lr"": 0.001, ""weight_decay"": 0.0001, ""optimizer"": ""adam"", ""grad_clip"": 1.0, ""lr_scheduler"": ""cosine"", ""lr_min"": 1e-05, ""latent_dim"": 64, ""head_hidden"": 32, ""common_encoder"": false, ""groups"": [{""name"": ""survey_only"", ""encoder"": ""mlp_tabular_ln"", ""input_dim"": 15, ""hidden_dim"": 64, ""dropout"": 0.1}, {""name"": ""exam"", ""encoder"": ""mlp_tabular_ln"", ""input_dim"": 18, ""hidden_dim"": 64, ""dropout"": 0.1}, {""name"": ""vitals_labs"", ""encoder"": ""mlp_tabular_ln"", ""input_dim"": 25, ""hidden_dim"": 64, ""dropout"": 0.1}], ""anchor_eps"": 0.0001, ""sep_samples_per_class"": 4, ""sep_method"": ""classifier"", ""sep_margin"": 1.0, ""lambda_fit"": 0.1, ""lambda_sep"": 0.1, ""groupdro_enabled"": true, ""groupdro_eta"": 1.0, ""groupdro_gamma"": 0.9, ""groupdro_update_mode"": ""softmax"", ""groupdro_objective"": ""weighted"", ""groupdro_kl_lambda"": 0.0, ""groupdro_uniform_init"": false, ""log_interval"": 20, ""save_every"": 10}","{""num_groups"": 3, ""num_classes"": 2, ""train_total"": 13604, ""test_total"": 3401, ""train_group_counts"": [2133, 2118, 9353], ""test_group_counts"": [533, 530, 2338], ""train_class_counts"": [12174, 1430], ""test_class_counts"": [3043, 358], ""train_group_class_counts"": [[1876, 257], [1908, 210], [8390, 963]], ""test_group_class_counts"": [[469, 64], [477, 53], [2097, 241]], ""group_proportions"": [0.15679211996471626, 0.15568950308732726, 0.6875183769479565], ""group_names"": [""survey_only"", ""exam"", ""vitals_labs""], ""group_feature_counts"": {""0"": 15, ""1"": 18, ""2"": 25}, ""max_features"": 25, ""feature_mode"": ""expanded""}","{""num_groups"": 3, ""eta"": 1.0, ""update_mode"": ""softmax"", ""robust_objective"": ""weighted"", ""gamma"": 0.9, ""kl_lambda"": 0.0, ""initial_pi"": [0.15679211914539337, 0.15568950772285461, 0.6875183582305908]}",2026-09-07T09:29:46.358964,22,0.297552338198248,0.7797176819853762,0.001,0.7359600117612467,0.7484692186453872,0.724202626641651,0.7962264150943397,0.6948627398720683,"[0.6948627398720683, 0.7777777777777778, 0.7493643359313937]","[0.724202626641651, 0.7962264150943397, 0.7249786142001711]","[0.519527854898057, 0.3958064292753216, 0.5193066132722253]","[0.7338153138350312, 0.7541899441340782]","[[0.7334754797441365, 0.65625], [0.80083857442348, 0.7547169811320755], [0.7186456843109204, 0.7800829875518672]]","[533, 530, 2338]",0.8153496347510636,"[0.65625, 0.7547169811320755, 0.7800829875518672]","[0.7334754797441365, 0.80083857442348, 0.7186456843109204]","[0.36363636363636365, 0.425531914893617, 0.3689892051030422]","[0.7842817164179103, 0.8238202602745144, 0.8270419904348634]","[0.0, 0.0, 1.0]","[0.15679211914539337, 0.15568950772285461, 0.6875183582305908]"
"{""run_name"": ""nhanes_expanded_pergroup_gdro"", ""seed"": 33, ""run_dir"": ""runs/ablation_nhanes_expanded/pergroup_gdro_anchor_s33"", ""feature_mode"": ""expanded"", ""use_nhanes"": true, ""num_classes"": 2, ""stratified_batching"": true, ""train_frac"": 0.8, ""use_post_pandemic"": true, ""data_split_seed"": 100, ""batch_size"": 128, ""num_workers"": 0, ""epochs"": 100, ""early_stopping_patience"": 25, ""lr"": 0.001, ""weight_decay"": 0.0001, ""optimizer"": ""adam"", ""grad_clip"": 1.0, ""lr_scheduler"": ""cosine"", ""lr_min"": 1e-05, ""latent_dim"": 64, ""head_hidden"": 32, ""common_encoder"": false, ""groups"": [{""name"": ""survey_only"", ""encoder"": ""mlp_tabular_ln"", ""input_dim"": 15, ""hidden_dim"": 64, ""dropout"": 0.1}, {""name"": ""exam"", ""encoder"": ""mlp_tabular_ln"", ""input_dim"": 18, ""hidden_dim"": 64, ""dropout"": 0.1}, {""name"": ""vitals_labs"", ""encoder"": ""mlp_tabular_ln"", ""input_dim"": 25, ""hidden_dim"": 64, ""dropout"": 0.1}], ""anchor_eps"": 0.0001, ""sep_samples_per_class"": 4, ""sep_method"": ""classifier"", ""sep_margin"": 1.0, ""lambda_fit"": 0.1, ""lambda_sep"": 0.1, ""groupdro_enabled"": true, ""groupdro_eta"": 1.0, ""groupdro_gamma"": 0.9, ""groupdro_update_mode"": ""softmax"", ""groupdro_objective"": ""weighted"", ""groupdro_kl_lambda"": 0.0, ""groupdro_uniform_init"": false, ""log_interval"": 20, ""save_every"": 10}","{""num_groups"": 3, ""num_classes"": 2, ""train_total"": 13604, ""test_total"": 3401, ""train_group_counts"": [2133, 2118, 9353], ""test_group_counts"": [533, 530, 2338], ""train_class_counts"": [12174, 1430], ""test_class_counts"": [3043, 358], ""train_group_class_counts"": [[1876, 257], [1908, 210], [8390, 963]], ""test_group_class_counts"": [[469, 64], [477, 53], [2097, 241]], ""group_proportions"": [0.15679211996471626, 0.15568950308732726, 0.6875183769479565], ""group_names"": [""survey_only"", ""exam"", ""vitals_labs""], ""group_feature_counts"": {""0"": 15, ""1"": 18, ""2"": 25}, ""max_features"": 25, ""feature_mode"": ""expanded""}","{""num_groups"": 3, ""eta"": 1.0, ""update_mode"": ""softmax"", ""robust_objective"": ""weighted"", ""gamma"": 0.9, ""kl_lambda"": 0.0, ""initial_pi"": [0.15679211914539337, 0.15568950772285461, 0.6875183582305908]}",2026-09-07T09:29:46.358964,23,0.2947345747591659,0.7857355125945886,0.001,0.7615407233166716,0.7672522863629835,0.6941838649155723,0.8509433962264151,0.6740041928721174,"[0.6778051705756929, 0.6740041928721174, 0.7431373014600982]","[0.6941838649155723, 0.8509433962264151, 0.7566295979469632]","[0.5050240071704946, 0.32341979372964375, 0.4577238998749328]","[0.7719355898784095, 0.6731843575418994]","[[0.6993603411513859, 0.65625], [0.8951781970649895, 0.4528301886792453], [0.760133524082022, 0.7261410788381742]]","[533, 530, 2338]",0.8087560607089814,"[0.65625, 0.4528301886792453, 0.7261410788381742]","[0.6993603411513859, 0.8951781970649895, 0.760133524082022]","[0.3400809716599191, 0.37795275590551186, 0.3808487486398258]","[0.771288646055437, 0.8241367034531862, 0.824350930097729]","[0.0, 0.0, 1.0]","[0.15679211914539337, 0.15568950772285461, 0.6875183582305908]"
"{""run_name"": ""nhanes_expanded_pergroup_gdro"", ""seed"": 33, ""run_dir"": ""runs/ablation_nhanes_expanded/pergroup_gdro_anchor_s33"", ""feature_mode"": ""expanded"", ""use_nhanes"": true, ""num_classes"": 2, ""stratified_batching"": true, ""train_frac"": 0.8, ""use_post_pandemic"": true, ""data_split_seed"": 100, ""batch_size"": 128, ""num_workers"": 0, ""epochs"": 100, ""early_stopping_patience"": 25, ""lr"": 0.001, ""weight_decay"": 0.0001, ""optimizer"": ""adam"", ""grad_clip"": 1.0, ""lr_scheduler"": ""cosine"", ""lr_min"": 1e-05, ""latent_dim"": 64, ""head_hidden"": 32, ""common_encoder"": false, ""groups"": [{""name"": ""survey_only"", ""encoder"": ""mlp_tabular_ln"", ""input_dim"": 15, ""hidden_dim"": 64, ""dropout"": 0.1}, {""name"": ""exam"", ""encoder"": ""mlp_tabular_ln"", ""input_dim"": 18, ""hidden_dim"": 64, ""dropout"": 0.1}, {""name"": ""vitals_labs"", ""encoder"": ""mlp_tabular_ln"", ""input_dim"": 25, ""hidden_dim"": 64, ""dropout"": 0.1}], ""anchor_eps"": 0.0001, ""sep_samples_per_class"": 4, ""sep_method"": ""classifier"", ""sep_margin"": 1.0, ""lambda_fit"": 0.1, ""lambda_sep"": 0.1, ""groupdro_enabled"": true, ""groupdro_eta"": 1.0, ""groupdro_gamma"": 0.9, ""groupdro_update_mode"": ""softmax"", ""groupdro_objective"": ""weighted"", ""groupdro_kl_lambda"": 0.0, ""groupdro_uniform_init"": false, ""log_interval"": 20, ""save_every"": 10}","{""num_groups"": 3, ""num_classes"": 2, ""train_total"": 13604, ""test_total"": 3401, ""train_group_counts"": [2133, 2118, 9353], ""test_group_counts"": [533, 530, 2338], ""train_class_counts"": [12174, 1430], ""test_class_counts"": [3043, 358], ""train_group_class_counts"": [[1876, 257], [1908, 210], [8390, 963]], ""test_group_class_counts"": [[469, 64], [477, 53], [2097, 241]], ""group_proportions"": [0.15679211996471626, 0.15568950308732726, 0.6875183769479565], ""group_names"": [""survey_only"", ""exam"", ""vitals_labs""], ""group_feature_counts"": {""0"": 15, ""1"": 18, ""2"": 25}, ""max_features"": 25, ""feature_mode"": ""expanded""}","{""num_groups"": 3, ""eta"": 1.0, ""update_mode"": ""softmax"", ""robust_objective"": ""weighted"", ""gamma"": 0.9, ""kl_lambda"": 0.0, ""initial_pi"": [0.15679211914539337, 0.15568950772285461, 0.6875183582305908]}",2026-09-07T09:29:46.358964,24,0.2870899059358613,0.7876671619790802,0.001,0.7791825933548956,0.7714364568224267,0.6904315196998124,0.8377358490566038,0.7026585820895522,"[0.7026585820895522, 0.7253668763102725, 0.7412268464928162]","[0.6904315196998124, 0.8377358490566038, 0.786142001710864]","[0.5623896633893194, 0.3519145644517453, 0.42278453118361115]","[0.7913243509694381, 0.6759776536312849]","[[0.6865671641791045, 0.71875], [0.8658280922431866, 0.5849056603773585], [0.7978063900810682, 0.6846473029045643]]","[533, 530, 2338]",0.8161344747630335,"[0.71875, 0.5849056603773585, 0.6846473029045643]","[0.6865671641791045, 0.8658280922431866, 0.7978063900810682]","[0.35797665369649806, 0.4189189189189189, 0.3975903614457831]","[0.7780850213219617, 0.8210118270638028, 0.8281342443364064]","[0.0, 0.0, 1.0]","[0.15679211914539337, 0.15568950772285461, 0.6875183582305908]"
"{""run_name"": ""nhanes_expanded_pergroup_gdro"", ""seed"": 33, ""run_dir"": ""runs/ablation_nhanes_expanded/pergroup_gdro_anchor_s33"", ""feature_mode"": ""expanded"", ""use_nhanes"": true, ""num_classes"": 2, ""stratified_batching"": true, ""train_frac"": 0.8, ""use_post_pandemic"": true, ""data_split_seed"": 100, ""batch_size"": 128, ""num_workers"": 0, ""epochs"": 100, ""early_stopping_patience"": 25, ""lr"": 0.001, ""weight_decay"": 0.0001, ""optimizer"": ""adam"", ""grad_clip"": 1.0, ""lr_scheduler"": ""cosine"", ""lr_min"": 1e-05, ""latent_dim"": 64, ""head_hidden"": 32, ""common_encoder"": false, ""groups"": [{""name"": ""survey_only"", ""encoder"": ""mlp_tabular_ln"", ""input_dim"": 15, ""hidden_dim"": 64, ""dropout"": 0.1}, {""name"": ""exam"", ""encoder"": ""mlp_tabular_ln"", ""input_dim"": 18, ""hidden_dim"": 64, ""dropout"": 0.1}, {""name"": ""vitals_labs"", ""encoder"": ""mlp_tabular_ln"", ""input_dim"": 25, ""hidden_dim"": 64, ""dropout"": 0.1}], ""anchor_eps"": 0.0001, ""sep_samples_per_class"": 4, ""sep_method"": ""classifier"", ""sep_margin"": 1.0, ""lambda_fit"": 0.1, ""lambda_sep"": 0.1, ""groupdro_enabled"": true, ""groupdro_eta"": 1.0, ""groupdro_gamma"": 0.9, ""groupdro_update_mode"": ""softmax"", ""groupdro_objective"": ""weighted"", ""groupdro_kl_lambda"": 0.0, ""groupdro_uniform_init"": false, ""log_interval"": 20, ""save_every"": 10}","{""num_groups"": 3, ""num_classes"": 2, ""train_total"": 13604, ""test_total"": 3401, ""train_group_counts"": [2133, 2118, 9353], ""test_group_counts"": [533, 530, 2338], ""train_class_counts"": [12174, 1430], ""test_class_counts"": [3043, 358], ""train_group_class_counts"": [[1876, 257], [1908, 210], [8390, 963]], ""test_group_class_counts"": [[469, 64], [477, 53], [2097, 241]], ""group_proportions"": [0.15679211996471626, 0.15568950308732726, 0.6875183769479565], ""group_names"": [""survey_only"", ""exam"", ""vitals_labs""], ""group_feature_counts"": {""0"": 15, ""1"": 18, ""2"": 25}, ""max_features"": 25, ""feature_mode"": ""expanded""}","{""num_groups"": 3, ""eta"": 1.0, ""update_mode"": ""softmax"", ""robust_objective"": ""weighted"", ""gamma"": 0.9, ""kl_lambda"": 0.0, ""initial_pi"": [0.15679211914539337, 0.15568950772285461, 0.6875183582305908]}",2026-09-07T09:29:46.358964,25,0.28713715464529893,0.7817236255217803,0.001,0.7527197882975596,0.7624569080435993,0.7110694183864915,0.8320754716981132,0.6806536513859275,"[0.6806536513859275, 0.7138364779874213, 0.7472401791138101]","[0.7110694183864915, 0.8320754716981132, 0.7442258340461934]","[0.49775656227004433, 0.3429237813442675, 0.5009731524068244]","[0.7584620440354913, 0.7039106145251397]","[[0.720682302771855, 0.640625], [0.8616352201257862, 0.5660377358490566], [0.7434430138292799, 0.7510373443983402]]","[533, 530, 2338]",0.8091057964336135,"[0.640625, 0.5660377358490566, 0.7510373443983402]","[0.720682302771855, 0.8616352201257862, 0.7434430138292799]","[0.3474576271186441, 0.40268456375838924, 0.3770833333333333]","[0.7725879530916844, 0.8289229065305961, 0.8249227804193702]","[0.0, 0.0, 1.0]","[0.15679211914539337, 0.15568950772285461, 0.6875183582305908]"
"{""run_name"": ""nhanes_expanded_pergroup_gdro"", ""seed"": 33, ""run_dir"": ""runs/ablation_nhanes_expanded/pergroup_gdro_anchor_s33"", ""feature_mode"": ""expanded"", ""use_nhanes"": true, ""num_classes"": 2, ""stratified_batching"": true, ""train_frac"": 0.8, ""use_post_pandemic"": true, ""data_split_seed"": 100, ""batch_size"": 128, ""num_workers"": 0, ""epochs"": 100, ""early_stopping_patience"": 25, ""lr"": 0.001, ""weight_decay"": 0.0001, ""optimizer"": ""adam"", ""grad_clip"": 1.0, ""lr_scheduler"": ""cosine"", ""lr_min"": 1e-05, ""latent_dim"": 64, ""head_hidden"": 32, ""common_encoder"": false, ""groups"": [{""name"": ""survey_only"", ""encoder"": ""mlp_tabular_ln"", ""input_dim"": 15, ""hidden_dim"": 64, ""dropout"": 0.1}, {""name"": ""exam"", ""encoder"": ""mlp_tabular_ln"", ""input_dim"": 18, ""hidden_dim"": 64, ""dropout"": 0.1}, {""name"": ""vitals_labs"", ""encoder"": ""mlp_tabular_ln"", ""input_dim"": 25, ""hidden_dim"": 64, ""dropout"": 0.1}], ""anchor_eps"": 0.0001, ""sep_samples_per_class"": 4, ""sep_method"": ""classifier"", ""sep_margin"": 1.0, ""lambda_fit"": 0.1, ""lambda_sep"": 0.1, ""groupdro_enabled"": true, ""groupdro_eta"": 1.0, ""groupdro_gamma"": 0.9, ""groupdro_update_mode"": ""softmax"", ""groupdro_objective"": ""weighted"", ""groupdro_kl_lambda"": 0.0, ""groupdro_uniform_init"": false, ""log_interval"": 20, ""save_every"": 10}","{""num_groups"": 3, ""num_classes"": 2, ""train_total"": 13604, ""test_total"": 3401, ""train_group_counts"": [2133, 2118, 9353], ""test_group_counts"": [533, 530, 2338], ""train_class_counts"": [12174, 1430], ""test_class_counts"": [3043, 358], ""train_group_class_counts"": [[1876, 257], [1908, 210], [8390, 963]], ""test_group_class_counts"": [[469, 64], [477, 53], [2097, 241]], ""group_proportions"": [0.15679211996471626, 0.15568950308732726, 0.6875183769479565], ""group_names"": [""survey_only"", ""exam"", ""vitals_labs""], ""group_feature_counts"": {""0"": 15, ""1"": 18, ""2"": 25}, ""max_features"": 25, ""feature_mode"": ""expanded""}","{""num_groups"": 3, ""eta"": 1.0, ""update_mode"": ""softmax"", ""robust_objective"": ""weighted"", ""gamma"": 0.9, ""kl_lambda"": 0.0, ""initial_pi"": [0.15679211914539337, 0.15568950772285461, 0.6875183582305908]}",2026-09-07T09:29:46.358964,26,0.2832232238699919,0.7886329866447562,0.001,0.7303734195824757,0.7366009519220814,0.6810506566604128,0.8037735849056604,0.6703424840085288,"[0.6703424840085288, 0.7819706498951782, 0.7420193241876856]","[0.6810506566604128, 0.8037735849056604, 0.7249786142001711]","[0.5135215676505798, 0.3901739193904248, 0.5096343619291056]","[0.7288859677949392, 0.7430167597765364]","[[0.6844349680170576, 0.65625], [0.8092243186582809, 0.7547169811320755], [0.7205531711969481, 0.7634854771784232]]","[533, 530, 2338]",0.8115746001905647,"[0.65625, 0.7547169811320755, 0.7634854771784232]","[0.6844349680170576, 0.8092243186582809, 0.7205531711969481]","[0.3307086614173228, 0.43478260869565216, 0.363996043521266]","[0.7766691098081023, 0.8299909022586133, 0.8217390185940397]","[0.0, 0.0, 1.0]","[0.15679211914539337, 0.15568950772285461, 0.6875183582305908]"
"{""run_name"": ""nhanes_expanded_pergroup_gdro"", ""seed"": 33, ""run_dir"": ""runs/ablation_nhanes_expanded/pergroup_gdro_anchor_s33"", ""feature_mode"": ""expanded"", ""use_nhanes"": true, ""num_classes"": 2, ""stratified_batching"": true, ""train_frac"": 0.8, ""use_post_pandemic"": true, ""data_split_seed"": 100, ""batch_size"": 128, ""num_workers"": 0, ""epochs"": 100, ""early_stopping_patience"": 25, ""lr"": 0.001, ""weight_decay"": 0.0001, ""optimizer"": ""adam"", ""grad_clip"": 1.0, ""lr_scheduler"": ""cosine"", ""lr_min"": 1e-05, ""latent_dim"": 64, ""head_hidden"": 32, ""common_encoder"": false, ""groups"": [{""name"": ""survey_only"", ""encoder"": ""mlp_tabular_ln"", ""input_dim"": 15, ""hidden_dim"": 64, ""dropout"": 0.1}, {""name"": ""exam"", ""encoder"": ""mlp_tabular_ln"", ""input_dim"": 18, ""hidden_dim"": 64, ""dropout"": 0.1}, {""name"": ""vitals_labs"", ""encoder"": ""mlp_tabular_ln"", ""input_dim"": 25, ""hidden_dim"": 64, ""dropout"": 0.1}], ""anchor_eps"": 0.0001, ""sep_samples_per_class"": 4, ""sep_method"": ""classifier"", ""sep_margin"": 1.0, ""lambda_fit"": 0.1, ""lambda_sep"": 0.1, ""groupdro_enabled"": true, ""groupdro_eta"": 1.0, ""groupdro_gamma"": 0.9, ""groupdro_update_mode"": ""softmax"", ""groupdro_objective"": ""weighted"", ""groupdro_kl_lambda"": 0.0, ""groupdro_uniform_init"": false, ""log_interval"": 20, ""save_every"": 10}","{""num_groups"": 3, ""num_classes"": 2, ""train_total"": 13604, ""test_total"": 3401, ""train_group_counts"": [2133, 2118, 9353], ""test_group_counts"": [533, 530, 2338], ""train_class_counts"": [12174, 1430], ""test_class_counts"": [3043, 358], ""train_group_class_counts"": [[1876, 257], [1908, 210], [8390, 963]], ""test_group_class_counts"": [[469, 64], [477, 53], [2097, 241]], ""group_proportions"": [0.15679211996471626, 0.15568950308732726, 0.6875183769479565], ""group_names"": [""survey_only"", ""exam"", ""vitals_labs""], ""group_feature_counts"": {""0"": 15, ""1"": 18, ""2"": 25}, ""max_features"": 25, ""feature_mode"": ""expanded""}","{""num_groups"": 3, ""eta"": 1.0, ""update_mode"": ""softmax"", ""robust_objective"": ""weighted"", ""gamma"": 0.9, ""kl_lambda"": 0.0, ""initial_pi"": [0.15679211914539337, 0.15568950772285461, 0.6875183582305908]}",2026-09-07T09:29:46.358964,27,0.2868435430662903,0.7838781574682885,0.001,0.7821229050279329,0.7767070280329081,0.7148217636022514,0.8283018867924529,0.6760394456289979,"[0.6760394456289979, 0.7620545073375262, 0.7215049359191257]","[0.7148217636022514, 0.8283018867924529, 0.7869974337040205]","[0.5172238718448882, 0.36242652437896616, 0.4075735683916383]","[0.7985540584949063, 0.6424581005586593]","[[0.7270788912579957, 0.625], [0.8448637316561844, 0.6792452830188679], [0.804005722460658, 0.6390041493775933]]","[533, 530, 2338]",0.8102206364272247,"[0.625, 0.6792452830188679, 0.6390041493775933]","[0.7270788912579957, 0.8448637316561844, 0.804005722460658]","[0.3448275862068965, 0.44171779141104295, 0.38213399503722084]","[0.769706156716418, 0.8351331039120288, 0.81819710829737]","[0.0, 0.0, 1.0]","[0.15679211914539337, 0.15568950772285461, 0.6875183582305908]"
"{""run_name"": ""nhanes_expanded_pergroup_gdro"", ""seed"": 33, ""run_dir"": ""runs/ablation_nhanes_expanded/pergroup_gdro_anchor_s33"", ""feature_mode"": ""expanded"", ""use_nhanes"": true, ""num_classes"": 2, ""stratified_batching"": true, ""train_frac"": 0.8, ""use_post_pandemic"": true, ""data_split_seed"": 100, ""batch_size"": 128, ""num_workers"": 0, ""epochs"": 100, ""early_stopping_patience"": 25, ""lr"": 0.001, ""weight_decay"": 0.0001, ""optimizer"": ""adam"", ""grad_clip"": 1.0, ""lr_scheduler"": ""cosine"", ""lr_min"": 1e-05, ""latent_dim"": 64, ""head_hidden"": 32, ""common_encoder"": false, ""groups"": [{""name"": ""survey_only"", ""encoder"": ""mlp_tabular_ln"", ""input_dim"": 15, ""hidden_dim"": 64, ""dropout"": 0.1}, {""name"": ""exam"", ""encoder"": ""mlp_tabular_ln"", ""input_dim"": 18, ""hidden_dim"": 64, ""dropout"": 0.1}, {""name"": ""vitals_labs"", ""encoder"": ""mlp_tabular_ln"", ""input_dim"": 25, ""hidden_dim"": 64, ""dropout"": 0.1}], ""anchor_eps"": 0.0001, ""sep_samples_per_class"": 4, ""sep_method"": ""classifier"", ""sep_margin"": 1.0, ""lambda_fit"": 0.1, ""lambda_sep"": 0.1, ""groupdro_enabled"": true, ""groupdro_eta"": 1.0, ""groupdro_gamma"": 0.9, ""groupdro_update_mode"": ""softmax"", ""groupdro_objective"": ""weighted"", ""groupdro_kl_lambda"": 0.0, ""groupdro_uniform_init"": false, ""log_interval"": 20, ""save_every"": 10}","{""num_groups"": 3, ""num_classes"": 2, ""train_total"": 13604, ""test_total"": 3401, ""train_group_counts"": [2133, 2118, 9353], ""test_group_counts"": [533, 530, 2338], ""train_class_counts"": [12174, 1430], ""test_class_counts"": [3043, 358], ""train_group_class_counts"": [[1876, 257], [1908, 210], [8390, 963]], ""test_group_class_counts"": [[469, 64], [477, 53], [2097, 241]], ""group_proportions"": [0.15679211996471626, 0.15568950308732726, 0.6875183769479565], ""group_names"": [""survey_only"", ""exam"", ""vitals_labs""], ""group_feature_counts"": {""0"": 15, ""1"": 18, ""2"": 25}, ""max_features"": 25, ""feature_mode"": ""expanded""}","{""num_groups"": 3, ""eta"": 1.0, ""update_mode"": ""softmax"", ""robust_objective"": ""weighted"", ""gamma"": 0.9, ""kl_lambda"": 0.0, ""initial_pi"": [0.15679211914539337, 0.15568950772285461, 0.6875183582305908]}",2026-09-07T09:29:46.358964,28,0.2835960791444885,0.7860326894856491,0.001,0.7221405468979711,0.7457654036985021,0.6679174484052532,0.8679245283018868,0.649895178197065,"[0.6898654051172708, 0.649895178197065, 0.7380866165258807]","[0.6679174484052532, 0.8679245283018868, 0.7014542343883661]","[0.5924463949141907, 0.3017210517558311, 0.5707231437727612]","[0.7232993756161683, 0.7122905027932961]","[[0.6609808102345416, 0.71875], [0.9224318658280922, 0.37735849056603776], [0.6919408679065332, 0.7842323651452282]]","[533, 530, 2338]",0.7985283561319412,"[0.71875, 0.37735849056603776, 0.7842323651452282]","[0.6609808102345416, 0.9224318658280922, 0.6919408679065332]","[0.3420074349442379, 0.36363636363636365, 0.35130111524163565]","[0.7842817164179103, 0.8168585103437365, 0.8172631520627177]","[0.0, 0.0, 1.0]","[0.15679211914539337, 0.15568950772285461, 0.6875183582305908]"
"{""run_name"": ""nhanes_expanded_pergroup_gdro"", ""seed"": 33, ""run_dir"": ""runs/ablation_nhanes_expanded/pergroup_gdro_anchor_s33"", ""feature_mode"": ""expanded"", ""use_nhanes"": true, ""num_classes"": 2, ""stratified_batching"": true, ""train_frac"": 0.8, ""use_post_pandemic"": true, ""data_split_seed"": 100, ""batch_size"": 128, ""num_workers"": 0, ""epochs"": 100, ""early_stopping_patience"": 25, ""lr"": 0.001, ""weight_decay"": 0.0001, ""optimizer"": ""adam"", ""grad_clip"": 1.0, ""lr_scheduler"": ""cosine"", ""lr_min"": 1e-05, ""latent_dim"": 64, ""head_hidden"": 32, ""common_encoder"": false, ""groups"": [{""name"": ""survey_only"", ""encoder"": ""mlp_tabular_ln"", ""input_dim"": 15, ""hidden_dim"": 64, ""dropout"": 0.1}, {""name"": ""exam"", ""encoder"": ""mlp_tabular_ln"", ""input_dim"": 18, ""hidden_dim"": 64, ""dropout"": 0.1}, {""name"": ""vitals_labs"", ""encoder"": ""mlp_tabular_ln"", ""input_dim"": 25, ""hidden_dim"": 64, ""dropout"": 0.1}], ""anchor_eps"": 0.0001, ""sep_samples_per_class"": 4, ""sep_method"": ""classifier"", ""sep_margin"": 1.0, ""lambda_fit"": 0.1, ""lambda_sep"": 0.1, ""groupdro_enabled"": true, ""groupdro_eta"": 1.0, ""groupdro_gamma"": 0.9, ""groupdro_update_mode"": ""softmax"", ""groupdro_objective"": ""weighted"", ""groupdro_kl_lambda"": 0.0, ""groupdro_uniform_init"": false, ""log_interval"": 20, ""save_every"": 10}","{""num_groups"": 3, ""num_classes"": 2, ""train_total"": 13604, ""test_total"": 3401, ""train_group_counts"": [2133, 2118, 9353], ""test_group_counts"": [533, 530, 2338], ""train_class_counts"": [12174, 1430], ""test_class_counts"": [3043, 358], ""train_group_class_counts"": [[1876, 257], [1908, 210], [8390, 963]], ""test_group_class_counts"": [[469, 64], [477, 53], [2097, 241]], ""group_proportions"": [0.15679211996471626, 0.15568950308732726, 0.6875183769479565], ""group_names"": [""survey_only"", ""exam"", ""vitals_labs""], ""group_feature_counts"": {""0"": 15, ""1"": 18, ""2"": 25}, ""max_features"": 25, ""feature_mode"": ""expanded""}","{""num_groups"": 3, ""eta"": 1.0, ""update_mode"": ""softmax"", ""robust_objective"": ""weighted"", ""gamma"": 0.9, ""kl_lambda"": 0.0, ""initial_pi"": [0.15679211914539337, 0.15568950772285461, 0.6875183582305908]}",2026-09-07T09:29:46.358964,29,0.2614597827860363,0.7956166419019316,0.001,0.7653631284916201,0.7705541789594577,0.699812382739212,0.8509433962264151,0.6823899371069182,"[0.7012426705756929, 0.6823899371069182, 0.7473579130035597]","[0.699812382739212, 0.8509433962264151, 0.760906757912746]","[0.5355017508057306, 0.32615980285910895, 0.47961170674134307]","[0.7745645744331252, 0.6871508379888268]","[[0.6993603411513859, 0.703125], [0.8930817610062893, 0.4716981132075472], [0.7644253695755842, 0.7302904564315352]]","[533, 530, 2338]",0.808471039862529,"[0.703125, 0.4716981132075472, 0.7302904564315352]","[0.6993603411513859, 0.8930817610062893, 0.7644253695755842]","[0.36, 0.3875968992248062, 0.38638858397365533]","[0.7808335554371002, 0.8299513468612792, 0.8203796373796197]","[0.0, 0.0, 1.0]","[0.15679211914539337, 0.15568950772285461, 0.6875183582305908]"
"{""run_name"": ""nhanes_expanded_pergroup_gdro"", ""seed"": 33, ""run_dir"": ""runs/ablation_nhanes_expanded/pergroup_gdro_anchor_s33"", ""feature_mode"": ""expanded"", ""use_nhanes"": true, ""num_classes"": 2, ""stratified_batching"": true, ""train_frac"": 0.8, ""use_post_pandemic"": true, ""data_split_seed"": 100, ""batch_size"": 128, ""num_workers"": 0, ""epochs"": 100, ""early_stopping_patience"": 25, ""lr"": 0.001, ""weight_decay"": 0.0001, ""optimizer"": ""adam"", ""grad_clip"": 1.0, ""lr_scheduler"": ""cosine"", ""lr_min"": 1e-05, ""latent_dim"": 64, ""head_hidden"": 32, ""common_encoder"": false, ""groups"": [{""name"": ""survey_only"", ""encoder"": ""mlp_tabular_ln"", ""input_dim"": 15, ""hidden_dim"": 64, ""dropout"": 0.1}, {""name"": ""exam"", ""encoder"": ""mlp_tabular_ln"", ""input_dim"": 18, ""hidden_dim"": 64, ""dropout"": 0.1}, {""name"": ""vitals_labs"", ""encoder"": ""mlp_tabular_ln"", ""input_dim"": 25, ""hidden_dim"": 64, ""dropout"": 0.1}], ""anchor_eps"": 0.0001, ""sep_samples_per_class"": 4, ""sep_method"": ""classifier"", ""sep_margin"": 1.0, ""lambda_fit"": 0.1, ""lambda_sep"": 0.1, ""groupdro_enabled"": true, ""groupdro_eta"": 1.0, ""groupdro_gamma"": 0.9, ""groupdro_update_mode"": ""softmax"", ""groupdro_objective"": ""weighted"", ""groupdro_kl_lambda"": 0.0, ""groupdro_uniform_init"": false, ""log_interval"": 20, ""save_every"": 10}","{""num_groups"": 3, ""num_classes"": 2, ""train_total"": 13604, ""test_total"": 3401, ""train_group_counts"": [2133, 2118, 9353], ""test_group_counts"": [533, 530, 2338], ""train_class_counts"": [12174, 1430], ""test_class_counts"": [3043, 358], ""train_group_class_counts"": [[1876, 257], [1908, 210], [8390, 963]], ""test_group_class_counts"": [[469, 64], [477, 53], [2097, 241]], ""group_proportions"": [0.15679211996471626, 0.15568950308732726, 0.6875183769479565], ""group_names"": [""survey_only"", ""exam"", ""vitals_labs""], ""group_feature_counts"": {""0"": 15, ""1"": 18, ""2"": 25}, ""max_features"": 25, ""feature_mode"": ""expanded""}","{""num_groups"": 3, ""eta"": 1.0, ""update_mode"": ""softmax"", ""robust_objective"": ""weighted"", ""gamma"": 0.9, ""kl_lambda"": 0.0, ""initial_pi"": [0.15679211914539337, 0.15568950772285461, 0.6875183582305908]}",2026-09-07T09:29:46.358964,30,0.26845222582257344,0.7940564636312658,0.001,0.7574242869744193,0.7608684291652456,0.699812382739212,0.8283018867924529,0.7012426705756929,"[0.7012426705756929, 0.7536687631027253, 0.7511263868359661]","[0.699812382739212, 0.8283018867924529, 0.7544910179640718]","[0.5482114348515208, 0.3802756806943292, 0.48102867301722585]","[0.761091028590207, 0.7262569832402235]","[[0.6993603411513859, 0.703125], [0.8469601677148847, 0.660377358490566], [0.7553648068669528, 0.7468879668049793]]","[533, 530, 2338]",0.8118697183938961,"[0.703125, 0.660377358490566, 0.7468879668049793]","[0.6993603411513859, 0.8469601677148847, 0.7553648068669528]","[0.36, 0.43478260869565216, 0.38543897216274087]","[0.7727545309168442, 0.8267869150745619, 0.8243726960269264]","[0.0, 0.0, 1.0]","[0.15679211914539337, 0.15568950772285461, 0.6875183582305908]"
