metrics_version,mnist_size,usps_size,mnist28_size,mnist32_size,num_epochs,batch_size,seed,groups,train_dataset_summary,test_dataset_summary,epoch,train_loss,train_acc,test_acc,worst_group_acc,balanced_acc,per_group_acc,per_class_acc,per_group_by_class_acc,train_group_weights
1.0,,,,,20,64,1341,"[""mnist28"", ""usps16""]","{""total"": 4200, ""class_counts"": [572, 572, 572, 572, 572, 268, 268, 268, 268, 268], ""group_counts"": [200, 4000], ""group_class_counts"": [[12, 12, 12, 12, 12, 28, 28, 28, 28, 28], [560, 560, 560, 560, 560, 240, 240, 240, 240, 240]]}","{""total"": 75098, ""class_counts"": [7884, 8574, 7347, 7393, 7104, 6761, 7442, 7817, 7265, 7511], ""group_counts"": [69800, 5298], ""group_class_counts"": [[6891, 7865, 6978, 7129, 6812, 6285, 6848, 7265, 6797, 6930], [993, 709, 369, 264, 292, 476, 594, 552, 468, 581]]}",1,1.1213060281390235,0.6457142856007531,0.40539029002103916,0.39422636103151865,0.4733494961065483,"[0.39422636103151865, 0.552472631181578]","[0.16692034500253677, 0.18637742010730116, 0.3427249217367633, 0.4203976734749087, 0.11402027027027027, 0.1680224818813785, 0.9088954582101586, 0.961238326723807, 0.5237439779766001, 0.2496338703235255]","[[0.06414163401538238, 0.16503496503496504, 0.3608483806248209, 0.43302005891429374, 0.08631826189078097, 0.10978520286396182, 0.9418808411214953, 0.9869236063317275, 0.5598057966750036, 0.21197691197691199], [0.8801611278952669, 0.4231311706629055, 0.0, 0.07954545454545454, 0.7602739726027398, 0.9369747899159664, 0.5286195286195287, 0.6231884057971014, 0.0, 0.6987951807228916]]",
1.0,,,,,20,64,1341,"[""mnist28"", ""usps16""]","{""total"": 4200, ""class_counts"": [572, 572, 572, 572, 572, 268, 268, 268, 268, 268], ""group_counts"": [200, 4000], ""group_class_counts"": [[12, 12, 12, 12, 12, 28, 28, 28, 28, 28], [560, 560, 560, 560, 560, 240, 240, 240, 240, 240]]}","{""total"": 75098, ""class_counts"": [7884, 8574, 7347, 7393, 7104, 6761, 7442, 7817, 7265, 7511], ""group_counts"": [69800, 5298], ""group_class_counts"": [[6891, 7865, 6978, 7129, 6812, 6285, 6848, 7265, 6797, 6930], [993, 709, 369, 264, 292, 476, 594, 552, 468, 581]]}",2,0.34634530845142547,0.9109523810659136,0.6976484060827186,0.4405436013590034,0.5788534625706192,"[0.7171633237822349, 0.4405436013590034]","[0.6624809741248098, 0.6657336132493585, 0.3453110112971281, 0.5825781144325713, 0.796875, 0.5781689099245674, 0.9064767535608708, 0.7552769604707689, 0.9179628355127323, 0.7626148315803488]","[[0.7499637207952402, 0.7109980928162747, 0.32158211521926056, 0.5688034787487726, 0.7911039342337052, 0.5691328560063643, 0.9106308411214953, 0.7677907777013077, 0.9573341179932323, 0.8242424242424242], [0.0553877139979859, 0.16361071932299012, 0.7940379403794038, 0.9545454545454546, 0.9315068493150684, 0.6974789915966386, 0.8585858585858586, 0.5905797101449275, 0.34615384615384615, 0.027538726333907058]]",
1.0,,,,,20,64,1341,"[""mnist28"", ""usps16""]","{""total"": 4200, ""class_counts"": [572, 572, 572, 572, 572, 268, 268, 268, 268, 268], ""group_counts"": [200, 4000], ""group_class_counts"": [[12, 12, 12, 12, 12, 28, 28, 28, 28, 28], [560, 560, 560, 560, 560, 240, 240, 240, 240, 240]]}","{""total"": 75098, ""class_counts"": [7884, 8574, 7347, 7393, 7104, 6761, 7442, 7817, 7265, 7511], ""group_counts"": [69800, 5298], ""group_class_counts"": [[6891, 7865, 6978, 7129, 6812, 6285, 6848, 7265, 6797, 6930], [993, 709, 369, 264, 292, 476, 594, 552, 468, 581]]}",3,0.2304309795016334,0.9440476191611517,0.7927241737463049,0.7580218950547376,0.7766900306219247,"[0.7953581661891117, 0.7580218950547376]","[0.8136732623033993, 0.8859342197340798, 0.7134884987069552, 0.6274854592181793, 0.7880067567567568, 0.8659961544150273, 0.9508196721311475, 0.6355379301522324, 0.7167240192704749, 0.9234456131007855]","[[0.7997387897257292, 0.8757787666878576, 0.7262826024648896, 0.6178987235236358, 0.7843511450381679, 0.8744630071599045, 0.9792640186915887, 0.6188575361321405, 0.7476828012358393, 0.940981240981241], [0.9103726082578046, 0.998589562764457, 0.4715447154471545, 0.8863636363636364, 0.8732876712328768, 0.7542016806722689, 0.622895622895623, 0.855072463768116, 0.2670940170940171, 0.7142857142857143]]",
1.0,,,,,20,64,1341,"[""mnist28"", ""usps16""]","{""total"": 4200, ""class_counts"": [572, 572, 572, 572, 572, 268, 268, 268, 268, 268], ""group_counts"": [200, 4000], ""group_class_counts"": [[12, 12, 12, 12, 12, 28, 28, 28, 28, 28], [560, 560, 560, 560, 560, 240, 240, 240, 240, 240]]}","{""total"": 75098, ""class_counts"": [7884, 8574, 7347, 7393, 7104, 6761, 7442, 7817, 7265, 7511], ""group_counts"": [69800, 5298], ""group_class_counts"": [[6891, 7865, 6978, 7129, 6812, 6285, 6848, 7265, 6797, 6930], [993, 709, 369, 264, 292, 476, 594, 552, 468, 581]]}",4,0.14378486315409342,0.9678571426300775,0.8130975525313591,0.7533031332578332,0.7854696182048477,"[0.8176361031518624, 0.7533031332578332]","[0.7245053272450532, 0.8149055283414975, 0.6831359738668844, 0.8736642770188016, 0.7701295045045045, 0.8408519449785534, 0.9436979306638, 0.7287962133810925, 0.9335168616655196, 0.8290507256024497]","[[0.7142649833115658, 0.8025429116338207, 0.6721123531097736, 0.8709496423060737, 0.7680563711098062, 0.8653937947494034, 0.9433411214953271, 0.7358568479008947, 0.9351184346035015, 0.8809523809523809], [0.7955689828801611, 0.9520451339915373, 0.8915989159891599, 0.946969696969697, 0.8184931506849316, 0.5168067226890757, 0.9478114478114478, 0.6358695652173914, 0.9102564102564102, 0.2099827882960413]]",
1.0,,,,,20,64,1341,"[""mnist28"", ""usps16""]","{""total"": 4200, ""class_counts"": [572, 572, 572, 572, 572, 268, 268, 268, 268, 268], ""group_counts"": [200, 4000], ""group_class_counts"": [[12, 12, 12, 12, 12, 28, 28, 28, 28, 28], [560, 560, 560, 560, 560, 240, 240, 240, 240, 240]]}","{""total"": 75098, ""class_counts"": [7884, 8574, 7347, 7393, 7104, 6761, 7442, 7817, 7265, 7511], ""group_counts"": [69800, 5298], ""group_class_counts"": [[6891, 7865, 6978, 7129, 6812, 6285, 6848, 7265, 6797, 6930], [993, 709, 369, 264, 292, 476, 594, 552, 468, 581]]}",5,0.12278841549441928,0.9723809523809523,0.8366401235718661,0.7974707436768592,0.8185419620963093,"[0.8396131805157593, 0.7974707436768592]","[0.8711314053779807, 0.9227898297177514, 0.7151218184292909, 0.6669822805356418, 0.7927927927927928, 0.7658630380121284, 0.9373824240795485, 0.8551874120506588, 0.8684101858224363, 0.9432831846624951]","[[0.8648962414743869, 0.9172282263191354, 0.7090856979077099, 0.6549305652966756, 0.7903699354081033, 0.7807478122513922, 0.9558995327102804, 0.8472126634549209, 0.9096660291304988, 0.958008658008658], [0.9144008056394763, 0.9844851904090268, 0.8292682926829268, 0.9924242424242424, 0.8493150684931506, 0.569327731092437, 0.7239057239057239, 0.9601449275362319, 0.2692307692307692, 0.7676419965576592]]",
1.0,,,,,20,64,1341,"[""mnist28"", ""usps16""]","{""total"": 4200, ""class_counts"": [572, 572, 572, 572, 572, 268, 268, 268, 268, 268], ""group_counts"": [200, 4000], ""group_class_counts"": [[12, 12, 12, 12, 12, 28, 28, 28, 28, 28], [560, 560, 560, 560, 560, 240, 240, 240, 240, 240]]}","{""total"": 75098, ""class_counts"": [7884, 8574, 7347, 7393, 7104, 6761, 7442, 7817, 7265, 7511], ""group_counts"": [69800, 5298], ""group_class_counts"": [[6891, 7865, 6978, 7129, 6812, 6285, 6848, 7265, 6797, 6930], [993, 709, 369, 264, 292, 476, 594, 552, 468, 581]]}",6,0.09559802946590241,0.9814285714285714,0.8827265706143972,0.8785959885386819,0.907871040701957,"[0.8785959885386819, 0.9371460928652322]","[0.9230086250634196, 0.9065780265920224, 0.7827684769293589, 0.7915595833896929, 0.8047578828828829, 0.9216092294039343, 0.9134641225477023, 0.9272099270820008, 0.9278733654507915, 0.9190520569830914]","[[0.9136554926716006, 0.8989192625556262, 0.7721410146173688, 0.7856641885257399, 0.8012331180270111, 0.9221957040572792, 0.9134053738317757, 0.9298004129387474, 0.9327644549065764, 0.9187590187590188], [0.9879154078549849, 0.9915373765867419, 0.983739837398374, 0.9507575757575758, 0.886986301369863, 0.9138655462184874, 0.9141414141414141, 0.8931159420289855, 0.8568376068376068, 0.9225473321858864]]",
1.0,,,,,20,64,1341,"[""mnist28"", ""usps16""]","{""total"": 4200, ""class_counts"": [572, 572, 572, 572, 572, 268, 268, 268, 268, 268], ""group_counts"": [200, 4000], ""group_class_counts"": [[12, 12, 12, 12, 12, 28, 28, 28, 28, 28], [560, 560, 560, 560, 560, 240, 240, 240, 240, 240]]}","{""total"": 75098, ""class_counts"": [7884, 8574, 7347, 7393, 7104, 6761, 7442, 7817, 7265, 7511], ""group_counts"": [69800, 5298], ""group_class_counts"": [[6891, 7865, 6978, 7129, 6812, 6285, 6848, 7265, 6797, 6930], [993, 709, 369, 264, 292, 476, 594, 552, 468, 581]]}",7,0.08295263347171601,0.9857142858278184,0.877160510266585,0.8749283667621777,0.8907484415917344,"[0.8749283667621777, 0.9065685164212911]","[0.8527397260273972, 0.897480755773268, 0.803865523342861, 0.7292033004193156, 0.8882319819819819, 0.9127348025440024, 0.9631819403386187, 0.924779327107586, 0.9289745354439092, 0.869524697110904]","[[0.845885938180235, 0.8886204704386522, 0.7976497563771855, 0.7218403703184177, 0.8875513799177921, 0.9220365950676214, 0.9775116822429907, 0.925671025464556, 0.9283507429748419, 0.8614718614718615], [0.9003021148036254, 0.995768688293371, 0.9214092140921409, 0.928030303030303, 0.9041095890410958, 0.7899159663865546, 0.797979797979798, 0.9130434782608695, 0.938034188034188, 0.9655765920826161]]",
1.0,,,,,20,64,1341,"[""mnist28"", ""usps16""]","{""total"": 4200, ""class_counts"": [572, 572, 572, 572, 572, 268, 268, 268, 268, 268], ""group_counts"": [200, 4000], ""group_class_counts"": [[12, 12, 12, 12, 12, 28, 28, 28, 28, 28], [560, 560, 560, 560, 560, 240, 240, 240, 240, 240]]}","{""total"": 75098, ""class_counts"": [7884, 8574, 7347, 7393, 7104, 6761, 7442, 7817, 7265, 7511], ""group_counts"": [69800, 5298], ""group_class_counts"": [[6891, 7865, 6978, 7129, 6812, 6285, 6848, 7265, 6797, 6930], [993, 709, 369, 264, 292, 476, 594, 552, 468, 581]]}",8,0.05724761085850852,0.9926190476190476,0.8967881967562386,0.8944126074498567,0.9112493388325161,"[0.8944126074498567, 0.9280860702151755]","[0.8953576864535768, 0.9250058315838582, 0.8207431604736627, 0.8205058839442716, 0.8903434684684685, 0.8824138441059015, 0.9660037624294544, 0.9423052321862607, 0.934755677907777, 0.8819065370789508]","[[0.8821651429400668, 0.9207883026064845, 0.8115505875609057, 0.8172254173095805, 0.8890193775689958, 0.8865552903739061, 0.9652453271028038, 0.9423262216104611, 0.9374724143004266, 0.8894660894660895], [0.9869083585095669, 0.9717912552891397, 0.994579945799458, 0.9090909090909091, 0.9212328767123288, 0.8277310924369747, 0.9747474747474747, 0.9420289855072463, 0.8952991452991453, 0.7917383820998278]]",
1.0,,,,,20,64,1341,"[""mnist28"", ""usps16""]","{""total"": 4200, ""class_counts"": [572, 572, 572, 572, 572, 268, 268, 268, 268, 268], ""group_counts"": [200, 4000], ""group_class_counts"": [[12, 12, 12, 12, 12, 28, 28, 28, 28, 28], [560, 560, 560, 560, 560, 240, 240, 240, 240, 240]]}","{""total"": 75098, ""class_counts"": [7884, 8574, 7347, 7393, 7104, 6761, 7442, 7817, 7265, 7511], ""group_counts"": [69800, 5298], ""group_class_counts"": [[6891, 7865, 6978, 7129, 6812, 6285, 6848, 7265, 6797, 6930], [993, 709, 369, 264, 292, 476, 594, 552, 468, 581]]}",9,0.04283088889859971,0.9959523809523809,0.8876667820714267,0.8826647564469914,0.9181160701827256,"[0.8826647564469914, 0.9535673839184597]","[0.8867326230339929, 0.9325868905994869, 0.7873962161426432, 0.7531448667658596, 0.8751407657657657, 0.901345954740423, 0.9621069604944907, 0.9095560956888832, 0.9383344803854095, 0.9218479563307149]","[[0.8750544188071397, 0.9268912905276542, 0.7787331613642877, 0.7456866320662084, 0.8716970052847915, 0.8957836117740652, 0.9623247663551402, 0.9073640743289746, 0.9424746211563926, 0.9212121212121213], [0.9677744209466264, 0.995768688293371, 0.9512195121951219, 0.9545454545454546, 0.9554794520547946, 0.9747899159663865, 0.9595959595959596, 0.9384057971014492, 0.8782051282051282, 0.9294320137693631]]",
1.0,,,,,20,64,1341,"[""mnist28"", ""usps16""]","{""total"": 4200, ""class_counts"": [572, 572, 572, 572, 572, 268, 268, 268, 268, 268], ""group_counts"": [200, 4000], ""group_class_counts"": [[12, 12, 12, 12, 12, 28, 28, 28, 28, 28], [560, 560, 560, 560, 560, 240, 240, 240, 240, 240]]}","{""total"": 75098, ""class_counts"": [7884, 8574, 7347, 7393, 7104, 6761, 7442, 7817, 7265, 7511], ""group_counts"": [69800, 5298], ""group_class_counts"": [[6891, 7865, 6978, 7129, 6812, 6285, 6848, 7265, 6797, 6930], [993, 709, 369, 264, 292, 476, 594, 552, 468, 581]]}",10,0.03415878612370718,0.9990476190476191,0.8965085621454633,0.8920916905444126,0.9233957886470647,"[0.8920916905444126, 0.9546998867497168]","[0.8944698122780315, 0.9329367856309774, 0.8048182931808902, 0.8021101041525768, 0.8778153153153153, 0.9016417689690874, 0.9613007256113948, 0.9260585902520149, 0.9399862353750861, 0.9157236053787778]","[[0.884922362501814, 0.9272727272727272, 0.798939524218974, 0.7964651423762098, 0.8743394010569583, 0.896260938743039, 0.9617406542056075, 0.9260839642119753, 0.9407091363836987, 0.912987012987013], [0.9607250755287009, 0.995768688293371, 0.9159891598915989, 0.9545454545454546, 0.958904109589041, 0.9726890756302521, 0.9562289562289562, 0.9257246376811594, 0.9294871794871795, 0.9483648881239243]]",
1.0,,,,,20,64,1341,"[""mnist28"", ""usps16""]","{""total"": 4200, ""class_counts"": [572, 572, 572, 572, 572, 268, 268, 268, 268, 268], ""group_counts"": [200, 4000], ""group_class_counts"": [[12, 12, 12, 12, 12, 28, 28, 28, 28, 28], [560, 560, 560, 560, 560, 240, 240, 240, 240, 240]]}","{""total"": 75098, ""class_counts"": [7884, 8574, 7347, 7393, 7104, 6761, 7442, 7817, 7265, 7511], ""group_counts"": [69800, 5298], ""group_class_counts"": [[6891, 7865, 6978, 7129, 6812, 6285, 6848, 7265, 6797, 6930], [993, 709, 369, 264, 292, 476, 594, 552, 468, 581]]}",11,0.03718217984551475,0.9966666666666667,0.8932195264853924,0.8903151862464184,0.9108993824776825,"[0.8903151862464184, 0.9314835787089468]","[0.8951040081177067, 0.930837415442034, 0.8063155029263646, 0.8004869471121331, 0.8627533783783784, 0.8868510575358675, 0.957941413598495, 0.9245234744787003, 0.937646249139711, 0.9194514711756091]","[[0.8826004933971847, 0.9258741258741259, 0.7963599885353969, 0.7940805162014308, 0.8639166177334117, 0.8948289578361177, 0.9617406542056075, 0.9211286992429456, 0.9408562601147565, 0.9206349206349206], [0.9818731117824774, 0.9858956276445698, 0.994579945799458, 0.9734848484848485, 0.8356164383561644, 0.7815126050420168, 0.9141414141414141, 0.9692028985507246, 0.8910256410256411, 0.9053356282271945]]",
1.0,,,,,20,64,1341,"[""mnist28"", ""usps16""]","{""total"": 4200, ""class_counts"": [572, 572, 572, 572, 572, 268, 268, 268, 268, 268], ""group_counts"": [200, 4000], ""group_class_counts"": [[12, 12, 12, 12, 12, 28, 28, 28, 28, 28], [560, 560, 560, 560, 560, 240, 240, 240, 240, 240]]}","{""total"": 75098, ""class_counts"": [7884, 8574, 7347, 7393, 7104, 6761, 7442, 7817, 7265, 7511], ""group_counts"": [69800, 5298], ""group_class_counts"": [[6891, 7865, 6978, 7129, 6812, 6285, 6848, 7265, 6797, 6930], [993, 709, 369, 264, 292, 476, 594, 552, 468, 581]]}",12,0.037349652591205776,0.9964285713150388,0.8953900237023622,0.8900716332378223,0.9277651484422407,"[0.8900716332378223, 0.9654586636466591]","[0.8920598680872653, 0.930604152087707, 0.802504423574248, 0.8000811578520222, 0.8716216216216216, 0.9019375831977519, 0.9630475678581026, 0.9235000639631572, 0.9388850653819684, 0.9215816802023699]","[[0.8779567551879263, 0.9261284170375079, 0.794067067927773, 0.7940805162014308, 0.8683206106870229, 0.8954653937947494, 0.9636390186915887, 0.9205781142463868, 0.9418861262321613, 0.9176046176046176], [0.9899295065458208, 0.9802538787023978, 0.962059620596206, 0.9621212121212122, 0.9486301369863014, 0.9873949579831933, 0.9562289562289562, 0.9619565217391305, 0.8952991452991453, 0.9690189328743546]]",
1.0,,,,,20,64,1341,"[""mnist28"", ""usps16""]","{""total"": 4200, ""class_counts"": [572, 572, 572, 572, 572, 268, 268, 268, 268, 268], ""group_counts"": [200, 4000], ""group_class_counts"": [[12, 12, 12, 12, 12, 28, 28, 28, 28, 28], [560, 560, 560, 560, 560, 240, 240, 240, 240, 240]]}","{""total"": 75098, ""class_counts"": [7884, 8574, 7347, 7393, 7104, 6761, 7442, 7817, 7265, 7511], ""group_counts"": [69800, 5298], ""group_class_counts"": [[6891, 7865, 6978, 7129, 6812, 6285, 6848, 7265, 6797, 6930], [993, 709, 369, 264, 292, 476, 594, 552, 468, 581]]}",13,0.03466704975991022,0.996666666893732,0.8968414604916243,0.891676217765043,0.9282843149980369,"[0.891676217765043, 0.9648924122310306]","[0.8853373921867073, 0.9397014229064614, 0.8040016333197223, 0.8017043148924659, 0.8796452702702703, 0.9040082827984026, 0.9661381349099705, 0.9279774849686581, 0.9355815554026152, 0.9157236053787778]","[[0.8727325497025106, 0.9347743165924984, 0.7953568357695615, 0.7959040538644971, 0.8762477980035231, 0.8973747016706444, 0.9653913551401869, 0.925671025464556, 0.9380609092246579, 0.9131313131313131], [0.972809667673716, 0.9943582510578279, 0.967479674796748, 0.9583333333333334, 0.958904109589041, 0.9915966386554622, 0.9747474747474747, 0.9583333333333334, 0.8995726495726496, 0.9466437177280551]]",
1.0,,,,,20,64,1341,"[""mnist28"", ""usps16""]","{""total"": 4200, ""class_counts"": [572, 572, 572, 572, 572, 268, 268, 268, 268, 268], ""group_counts"": [200, 4000], ""group_class_counts"": [[12, 12, 12, 12, 12, 28, 28, 28, 28, 28], [560, 560, 560, 560, 560, 240, 240, 240, 240, 240]]}","{""total"": 75098, ""class_counts"": [7884, 8574, 7347, 7393, 7104, 6761, 7442, 7817, 7265, 7511], ""group_counts"": [69800, 5298], ""group_class_counts"": [[6891, 7865, 6978, 7129, 6812, 6285, 6848, 7265, 6797, 6930], [993, 709, 369, 264, 292, 476, 594, 552, 468, 581]]}",14,0.03130249559879303,0.9980952380952381,0.8975472049854857,0.89310888252149,0.9245650112871701,"[0.89310888252149, 0.9560211400528501]","[0.8822932521562659, 0.9379519477490086, 0.8076766026949775, 0.8119843094819423, 0.8783783783783784, 0.9025292116550806, 0.9645256651437786, 0.9298963796853013, 0.935719201651755, 0.916256157635468]","[[0.875199535626179, 0.9335028607755881, 0.7983662940670679, 0.8060036470753261, 0.8750733998825602, 0.8964200477326969, 0.9648072429906542, 0.930488644184446, 0.9368839193761954, 0.9118326118326119], [0.9315206445115811, 0.9873060648801129, 0.983739837398374, 0.9734848484848485, 0.9554794520547946, 0.9831932773109243, 0.9612794612794613, 0.9221014492753623, 0.9188034188034188, 0.9690189328743546]]",
1.0,,,,,20,64,1341,"[""mnist28"", ""usps16""]","{""total"": 4200, ""class_counts"": [572, 572, 572, 572, 572, 268, 268, 268, 268, 268], ""group_counts"": [200, 4000], ""group_class_counts"": [[12, 12, 12, 12, 12, 28, 28, 28, 28, 28], [560, 560, 560, 560, 560, 240, 240, 240, 240, 240]]}","{""total"": 75098, ""class_counts"": [7884, 8574, 7347, 7393, 7104, 6761, 7442, 7817, 7265, 7511], ""group_counts"": [69800, 5298], ""group_class_counts"": [[6891, 7865, 6978, 7129, 6812, 6285, 6848, 7265, 6797, 6930], [993, 709, 369, 264, 292, 476, 594, 552, 468, 581]]}",15,0.028934349939227104,0.9978571428571429,0.8966417214839276,0.8918051575931232,0.9260837792495626,"[0.8918051575931232, 0.9603624009060022]","[0.8899036022323693, 0.9374854210403546, 0.8034571934122772, 0.8067090491005005, 0.8754222972972973, 0.904304097027067, 0.9637194302606826, 0.9265702955097863, 0.934755677907777, 0.9154573292504327]","[[0.8767958206356117, 0.9326128417037508, 0.7942103754657495, 0.8008135783419834, 0.8714034057545508, 0.8976929196499602, 0.9632009345794392, 0.9237439779766001, 0.9389436516110049, 0.9167388167388167], [0.9808660624370594, 0.9915373765867419, 0.978319783197832, 0.9659090909090909, 0.9691780821917808, 0.9915966386554622, 0.9696969696969697, 0.9637681159420289, 0.8739316239316239, 0.9001721170395869]]",
1.0,,,,,20,64,1341,"[""mnist28"", ""usps16""]","{""total"": 4200, ""class_counts"": [572, 572, 572, 572, 572, 268, 268, 268, 268, 268], ""group_counts"": [200, 4000], ""group_class_counts"": [[12, 12, 12, 12, 12, 28, 28, 28, 28, 28], [560, 560, 560, 560, 560, 240, 240, 240, 240, 240]]}","{""total"": 75098, ""class_counts"": [7884, 8574, 7347, 7393, 7104, 6761, 7442, 7817, 7265, 7511], ""group_counts"": [69800, 5298], ""group_class_counts"": [[6891, 7865, 6978, 7129, 6812, 6285, 6848, 7265, 6797, 6930], [993, 709, 369, 264, 292, 476, 594, 552, 468, 581]]}",16,0.025081439188548497,0.9988095238095238,0.897560520919332,0.892406876790831,0.9289327702187451,"[0.892406876790831, 0.9654586636466591]","[0.8895230847285642, 0.9395847912292978, 0.8059071729957806, 0.8063032598403895, 0.8769707207207207, 0.9048957254843958, 0.9641225477022306, 0.930152232314187, 0.9325533379215416, 0.9166555718279856]","[[0.8746190683500218, 0.9347743165924984, 0.796073373459444, 0.8002524898302708, 0.8736054022313564, 0.8986475735879077, 0.9650992990654206, 0.927185134205093, 0.9367367956451376, 0.9148629148629148], [0.9929506545820745, 0.9929478138222849, 0.991869918699187, 0.9696969696969697, 0.9554794520547946, 0.9873949579831933, 0.9528619528619529, 0.9692028985507246, 0.8717948717948718, 0.9380378657487092]]",
1.0,,,,,20,64,1341,"[""mnist28"", ""usps16""]","{""total"": 4200, ""class_counts"": [572, 572, 572, 572, 572, 268, 268, 268, 268, 268], ""group_counts"": [200, 4000], ""group_class_counts"": [[12, 12, 12, 12, 12, 28, 28, 28, 28, 28], [560, 560, 560, 560, 560, 240, 240, 240, 240, 240]]}","{""total"": 75098, ""class_counts"": [7884, 8574, 7347, 7393, 7104, 6761, 7442, 7817, 7265, 7511], ""group_counts"": [69800, 5298], ""group_class_counts"": [[6891, 7865, 6978, 7129, 6812, 6285, 6848, 7265, 6797, 6930], [993, 709, 369, 264, 292, 476, 594, 552, 468, 581]]}",17,0.022347436600497792,0.9995238095238095,0.8984260566193507,0.8931232091690544,0.9307065649469282,"[0.8931232091690544, 0.9682899207248018]","[0.8915525114155252, 0.9393515278749709, 0.8071321627875323, 0.8122548356553496, 0.8751407657657657, 0.9045999112557314, 0.9630475678581026, 0.929128821798644, 0.9343427391603579, 0.9187857808547464]","[[0.8770860542736904, 0.9345200254291164, 0.7979363714531384, 0.8065647355870389, 0.8716970052847915, 0.898170246618934, 0.9637850467289719, 0.926221610461115, 0.936442548183022, 0.9164502164502164], [0.9919436052366566, 0.9929478138222849, 0.981029810298103, 0.9659090909090909, 0.9554794520547946, 0.9894957983193278, 0.9545454545454546, 0.967391304347826, 0.9038461538461539, 0.9466437177280551]]",
1.0,,,,,20,64,1341,"[""mnist28"", ""usps16""]","{""total"": 4200, ""class_counts"": [572, 572, 572, 572, 572, 268, 268, 268, 268, 268], ""group_counts"": [200, 4000], ""group_class_counts"": [[12, 12, 12, 12, 12, 28, 28, 28, 28, 28], [560, 560, 560, 560, 560, 240, 240, 240, 240, 240]]}","{""total"": 75098, ""class_counts"": [7884, 8574, 7347, 7393, 7104, 6761, 7442, 7817, 7265, 7511], ""group_counts"": [69800, 5298], ""group_class_counts"": [[6891, 7865, 6978, 7129, 6812, 6285, 6848, 7265, 6797, 6930], [993, 709, 369, 264, 292, 476, 594, 552, 468, 581]]}",18,0.024169954426941417,0.9983333333333333,0.8977469439931822,0.892163323782235,0.9317366260285278,"[0.892163323782235, 0.9713099282748207]","[0.8896499238964992, 0.9391182645206438, 0.8063155029263646, 0.8054916813201677, 0.8761261261261262, 0.9048957254843958, 0.9637194302606826, 0.9273378533964437, 0.9372333103922919, 0.918918918918919]","[[0.875199535626179, 0.9342657342657342, 0.79664660361135, 0.7995511291906299, 0.8725778038755138, 0.8984884645982498, 0.9639310747663551, 0.9249827942188575, 0.9380609092246579, 0.9158730158730158], [0.9899295065458208, 0.9929478138222849, 0.989159891598916, 0.9659090909090909, 0.958904109589041, 0.9894957983193278, 0.9612794612794613, 0.9583333333333334, 0.9252136752136753, 0.955249569707401]]",
1.0,,,,,20,64,1341,"[""mnist28"", ""usps16""]","{""total"": 4200, ""class_counts"": [572, 572, 572, 572, 572, 268, 268, 268, 268, 268], ""group_counts"": [200, 4000], ""group_class_counts"": [[12, 12, 12, 12, 12, 28, 28, 28, 28, 28], [560, 560, 560, 560, 560, 240, 240, 240, 240, 240]]}","{""total"": 75098, ""class_counts"": [7884, 8574, 7347, 7393, 7104, 6761, 7442, 7817, 7265, 7511], ""group_counts"": [69800, 5298], ""group_class_counts"": [[6891, 7865, 6978, 7129, 6812, 6285, 6848, 7265, 6797, 6930], [993, 709, 369, 264, 292, 476, 594, 552, 468, 581]]}",19,0.020358293240978605,0.9997619047619047,0.8980665264054968,0.8924641833810888,0.932170181535769,"[0.8924641833810888, 0.9718761796904493]","[0.8895230847285642, 0.9393515278749709, 0.8072682727643936, 0.8071148383606114, 0.8764076576576577, 0.9045999112557314, 0.9638538027411986, 0.9277216323397723, 0.9372333103922919, 0.918918918918919]","[[0.8750544188071397, 0.9345200254291164, 0.7973631413012324, 0.8010941225978399, 0.8728714034057545, 0.898170246618934, 0.9640771028037384, 0.9252580867171369, 0.9380609092246579, 0.9160173160173161], [0.9899295065458208, 0.9929478138222849, 0.994579945799458, 0.9696969696969697, 0.958904109589041, 0.9894957983193278, 0.9612794612794613, 0.9601449275362319, 0.9252136752136753, 0.9535283993115319]]",
1.0,,,,,20,64,1341,"[""mnist28"", ""usps16""]","{""total"": 4200, ""class_counts"": [572, 572, 572, 572, 572, 268, 268, 268, 268, 268], ""group_counts"": [200, 4000], ""group_class_counts"": [[12, 12, 12, 12, 12, 28, 28, 28, 28, 28], [560, 560, 560, 560, 560, 240, 240, 240, 240, 240]]}","{""total"": 75098, ""class_counts"": [7884, 8574, 7347, 7393, 7104, 6761, 7442, 7817, 7265, 7511], ""group_counts"": [69800, 5298], ""group_class_counts"": [[6891, 7865, 6978, 7129, 6812, 6285, 6848, 7265, 6797, 6930], [993, 709, 369, 264, 292, 476, 594, 552, 468, 581]]}",20,0.022858154741781097,0.9983333333333333,0.8981064742070362,0.8925071633237822,0.9321916715071157,"[0.8925071633237822, 0.9718761796904493]","[0.8893962455606291, 0.9393515278749709, 0.8072682727643936, 0.8075206276207223, 0.8764076576576577, 0.9045999112557314, 0.9638538027411986, 0.928105411283101, 0.9370956641431522, 0.9187857808547464]","[[0.8750544188071397, 0.9345200254291164, 0.7973631413012324, 0.8013746668536962, 0.8728714034057545, 0.898170246618934, 0.9640771028037384, 0.9255333792154163, 0.9379137854936002, 0.9160173160173161], [0.9889224572004028, 0.9929478138222849, 0.994579945799458, 0.9734848484848485, 0.958904109589041, 0.9894957983193278, 0.9612794612794613, 0.9619565217391305, 0.9252136752136753, 0.9518072289156626]]",
