config,dataset_info,groupdro_config,start_time,epoch,train_loss,train_acc,learning_rate,test_overall_acc,test_balanced_acc,test_worst_group_acc,test_best_group_acc,test_per_group_acc,test_per_group_loss,test_per_class_acc,test_per_group_per_class_acc,test_per_group_counts,test_overall_macro_f1,test_per_group_f1,test_worst_group_f1,test_worst_group_loss,groupdro_weights,train_per_group_loss,groupdro_weights_mean,groupdro_pi,groupdro_kl_penalty
"{""run_name"": ""fedheart_exp_paper_hetagg_gdro"", ""seed"": 7, ""run_dir"": ""runs/fedheart_cv_lam0.1/ERM_s7_f1"", ""use_fedheart"": true, ""num_classes"": 2, ""stratified_batching"": true, ""train_frac"": 0.8, ""group_max_train_samples"": [null, null, 20, 25], ""true_hetero_input_dim"": true, ""feature_mask"": [[0, 1, 2, 3, 5, 6, 7, 8, 9, 10], [0, 1, 2, 3, 5, 6, 11, 12], [0, 1, 2, 4, 5, 7, 11, 12], [0, 1, 2, 4, 5, 6, 8, 9, 10]], ""batch_size"": 64, ""num_workers"": 0, ""epochs"": 100, ""early_stopping_patience"": 30, ""lr"": 0.001, ""weight_decay"": 0.0001, ""optimizer"": ""adam"", ""grad_clip"": 1.0, ""lr_scheduler"": ""cosine"", ""lr_min"": 1e-05, ""latent_dim"": 64, ""head_hidden"": 32, ""groups"": [{""name"": ""cleveland"", ""encoder"": ""mlp_tabular_ln"", ""input_dim"": 13, ""hidden_dim"": 64, ""dropout"": 0.1}, {""name"": ""hungarian"", ""encoder"": ""mlp_tabular_ln"", ""input_dim"": 13, ""hidden_dim"": 64, ""dropout"": 0.1}, {""name"": ""switzerland"", ""encoder"": ""mlp_tabular_ln"", ""input_dim"": 13, ""hidden_dim"": 64, ""dropout"": 0.1}, {""name"": ""va_long_beach"", ""encoder"": ""mlp_tabular_ln"", ""input_dim"": 13, ""hidden_dim"": 64, ""dropout"": 0.1}], ""anchor_eps"": 0.0001, ""sep_samples_per_class"": 4, ""sep_method"": ""classifier"", ""sep_margin"": 1.0, ""lambda_fit"": 0.001, ""lambda_sep"": 0.001, ""groupdro_enabled"": false, ""groupdro_eta"": 1.0, ""groupdro_gamma"": 0.9, ""groupdro_update_mode"": ""softmax"", ""groupdro_objective"": ""weighted"", ""groupdro_kl_lambda"": 0.0, ""groupdro_uniform_init"": true, ""log_interval"": 20, ""save_every"": 10, ""impute_missing"": true, ""common_encoder"": true, ""use_regret"": false, ""data_split_seed"": 1001}","{""num_groups"": 4, ""num_classes"": 2, ""train_total"": 522, ""test_total"": 185, ""train_group_counts"": [242, 235, 20, 25], ""test_group_counts"": [61, 59, 25, 40], ""train_class_counts"": [288, 234], ""test_class_counts"": [83, 102], ""train_group_class_counts"": [[131, 111], [150, 85], [0, 20], [7, 18]], ""test_group_class_counts"": [[33, 28], [38, 21], [2, 23], [10, 30]], ""group_proportions"": [0.46360153256704983, 0.4501915708812261, 0.038314176245210725, 0.04789272030651341]}",,2026-09-14T00:08:00.212307,1,0.702325128018856,0.5859375,0.001,0.6054054054054054,0.5581574742984162,0.325,0.7627118644067796,"[0.7049180327868853, 0.7627118644067796, 0.44, 0.325]","[0.6258390184308662, 0.5957723679178852, 0.7533803403377533, 0.7466284975409507]","[0.9156626506024096, 0.35294117647058826]","[[0.9393939393939394, 0.42857142857142855], [0.9210526315789473, 0.47619047619047616], [1.0, 0.391304347826087], [0.8, 0.16666666666666666]]","[61, 59, 25, 40]",0.5860536398467433,"[0.6732142857142858, 0.7107843137254901, 0.3923611111111111, 0.3211816467630422]",0.3211816467630422,0.7533803403377533,,"[NaN, NaN, NaN, NaN]",,,
"{""run_name"": ""fedheart_exp_paper_hetagg_gdro"", ""seed"": 7, ""run_dir"": ""runs/fedheart_cv_lam0.1/ERM_s7_f1"", ""use_fedheart"": true, ""num_classes"": 2, ""stratified_batching"": true, ""train_frac"": 0.8, ""group_max_train_samples"": [null, null, 20, 25], ""true_hetero_input_dim"": true, ""feature_mask"": [[0, 1, 2, 3, 5, 6, 7, 8, 9, 10], [0, 1, 2, 3, 5, 6, 11, 12], [0, 1, 2, 4, 5, 7, 11, 12], [0, 1, 2, 4, 5, 6, 8, 9, 10]], ""batch_size"": 64, ""num_workers"": 0, ""epochs"": 100, ""early_stopping_patience"": 30, ""lr"": 0.001, ""weight_decay"": 0.0001, ""optimizer"": ""adam"", ""grad_clip"": 1.0, ""lr_scheduler"": ""cosine"", ""lr_min"": 1e-05, ""latent_dim"": 64, ""head_hidden"": 32, ""groups"": [{""name"": ""cleveland"", ""encoder"": ""mlp_tabular_ln"", ""input_dim"": 13, ""hidden_dim"": 64, ""dropout"": 0.1}, {""name"": ""hungarian"", ""encoder"": ""mlp_tabular_ln"", ""input_dim"": 13, ""hidden_dim"": 64, ""dropout"": 0.1}, {""name"": ""switzerland"", ""encoder"": ""mlp_tabular_ln"", ""input_dim"": 13, ""hidden_dim"": 64, ""dropout"": 0.1}, {""name"": ""va_long_beach"", ""encoder"": ""mlp_tabular_ln"", ""input_dim"": 13, ""hidden_dim"": 64, ""dropout"": 0.1}], ""anchor_eps"": 0.0001, ""sep_samples_per_class"": 4, ""sep_method"": ""classifier"", ""sep_margin"": 1.0, ""lambda_fit"": 0.001, ""lambda_sep"": 0.001, ""groupdro_enabled"": false, ""groupdro_eta"": 1.0, ""groupdro_gamma"": 0.9, ""groupdro_update_mode"": ""softmax"", ""groupdro_objective"": ""weighted"", ""groupdro_kl_lambda"": 0.0, ""groupdro_uniform_init"": true, ""log_interval"": 20, ""save_every"": 10, ""impute_missing"": true, ""common_encoder"": true, ""use_regret"": false, ""data_split_seed"": 1001}","{""num_groups"": 4, ""num_classes"": 2, ""train_total"": 522, ""test_total"": 185, ""train_group_counts"": [242, 235, 20, 25], ""test_group_counts"": [61, 59, 25, 40], ""train_class_counts"": [288, 234], ""test_class_counts"": [83, 102], ""train_group_class_counts"": [[131, 111], [150, 85], [0, 20], [7, 18]], ""test_group_class_counts"": [[33, 28], [38, 21], [2, 23], [10, 30]], ""group_proportions"": [0.46360153256704983, 0.4501915708812261, 0.038314176245210725, 0.04789272030651341]}",,2026-09-14T00:08:00.212307,2,0.6251266673207283,0.705078125,0.001,0.7135135135135136,0.6851111419838845,0.5,0.8135593220338984,"[0.7868852459016393, 0.8135593220338984, 0.64, 0.5]","[0.5587176829576492, 0.525282294568369, 0.7280513870716095, 0.7409321777522564]","[0.8674698795180723, 0.5882352941176471]","[[0.9090909090909091, 0.6428571428571429], [0.868421052631579, 0.7142857142857143], [1.0, 0.6086956521739131], [0.7, 0.43333333333333335]]","[61, 59, 25, 40]",0.712303042751093,"[0.7783058428850993, 0.7944250871080138, 0.5322245322245323, 0.4884910485933504]",0.4884910485933504,0.7409321777522564,,"[NaN, NaN, NaN, NaN]",,,
"{""run_name"": ""fedheart_exp_paper_hetagg_gdro"", ""seed"": 7, ""run_dir"": ""runs/fedheart_cv_lam0.1/ERM_s7_f1"", ""use_fedheart"": true, ""num_classes"": 2, ""stratified_batching"": true, ""train_frac"": 0.8, ""group_max_train_samples"": [null, null, 20, 25], ""true_hetero_input_dim"": true, ""feature_mask"": [[0, 1, 2, 3, 5, 6, 7, 8, 9, 10], [0, 1, 2, 3, 5, 6, 11, 12], [0, 1, 2, 4, 5, 7, 11, 12], [0, 1, 2, 4, 5, 6, 8, 9, 10]], ""batch_size"": 64, ""num_workers"": 0, ""epochs"": 100, ""early_stopping_patience"": 30, ""lr"": 0.001, ""weight_decay"": 0.0001, ""optimizer"": ""adam"", ""grad_clip"": 1.0, ""lr_scheduler"": ""cosine"", ""lr_min"": 1e-05, ""latent_dim"": 64, ""head_hidden"": 32, ""groups"": [{""name"": ""cleveland"", ""encoder"": ""mlp_tabular_ln"", ""input_dim"": 13, ""hidden_dim"": 64, ""dropout"": 0.1}, {""name"": ""hungarian"", ""encoder"": ""mlp_tabular_ln"", ""input_dim"": 13, ""hidden_dim"": 64, ""dropout"": 0.1}, {""name"": ""switzerland"", ""encoder"": ""mlp_tabular_ln"", ""input_dim"": 13, ""hidden_dim"": 64, ""dropout"": 0.1}, {""name"": ""va_long_beach"", ""encoder"": ""mlp_tabular_ln"", ""input_dim"": 13, ""hidden_dim"": 64, ""dropout"": 0.1}], ""anchor_eps"": 0.0001, ""sep_samples_per_class"": 4, ""sep_method"": ""classifier"", ""sep_margin"": 1.0, ""lambda_fit"": 0.001, ""lambda_sep"": 0.001, ""groupdro_enabled"": false, ""groupdro_eta"": 1.0, ""groupdro_gamma"": 0.9, ""groupdro_update_mode"": ""softmax"", ""groupdro_objective"": ""weighted"", ""groupdro_kl_lambda"": 0.0, ""groupdro_uniform_init"": true, ""log_interval"": 20, ""save_every"": 10, ""impute_missing"": true, ""common_encoder"": true, ""use_regret"": false, ""data_split_seed"": 1001}","{""num_groups"": 4, ""num_classes"": 2, ""train_total"": 522, ""test_total"": 185, ""train_group_counts"": [242, 235, 20, 25], ""test_group_counts"": [61, 59, 25, 40], ""train_class_counts"": [288, 234], ""test_class_counts"": [83, 102], ""train_group_class_counts"": [[131, 111], [150, 85], [0, 20], [7, 18]], ""test_group_class_counts"": [[33, 28], [38, 21], [2, 23], [10, 30]], ""group_proportions"": [0.46360153256704983, 0.4501915708812261, 0.038314176245210725, 0.04789272030651341]}",,2026-09-14T00:08:00.212307,3,0.5660175941884518,0.75,0.001,0.7135135135135136,0.6872627813281467,0.525,0.8135593220338984,"[0.7704918032786885, 0.8135593220338984, 0.64, 0.525]","[0.5109929246980636, 0.4763505485350803, 0.7787127208709717, 0.81138013061136]","[0.8433734939759037, 0.6078431372549019]","[[0.8787878787878788, 0.6428571428571429], [0.8421052631578947, 0.7619047619047619], [1.0, 0.6086956521739131], [0.7, 0.4666666666666667]]","[61, 59, 25, 40]",0.7129767863938408,"[0.7627777777777778, 0.7987596899224807, 0.5322245322245323, 0.5099935525467441]",0.5099935525467441,0.81138013061136,,"[NaN, NaN, NaN, NaN]",,,
"{""run_name"": ""fedheart_exp_paper_hetagg_gdro"", ""seed"": 7, ""run_dir"": ""runs/fedheart_cv_lam0.1/ERM_s7_f1"", ""use_fedheart"": true, ""num_classes"": 2, ""stratified_batching"": true, ""train_frac"": 0.8, ""group_max_train_samples"": [null, null, 20, 25], ""true_hetero_input_dim"": true, ""feature_mask"": [[0, 1, 2, 3, 5, 6, 7, 8, 9, 10], [0, 1, 2, 3, 5, 6, 11, 12], [0, 1, 2, 4, 5, 7, 11, 12], [0, 1, 2, 4, 5, 6, 8, 9, 10]], ""batch_size"": 64, ""num_workers"": 0, ""epochs"": 100, ""early_stopping_patience"": 30, ""lr"": 0.001, ""weight_decay"": 0.0001, ""optimizer"": ""adam"", ""grad_clip"": 1.0, ""lr_scheduler"": ""cosine"", ""lr_min"": 1e-05, ""latent_dim"": 64, ""head_hidden"": 32, ""groups"": [{""name"": ""cleveland"", ""encoder"": ""mlp_tabular_ln"", ""input_dim"": 13, ""hidden_dim"": 64, ""dropout"": 0.1}, {""name"": ""hungarian"", ""encoder"": ""mlp_tabular_ln"", ""input_dim"": 13, ""hidden_dim"": 64, ""dropout"": 0.1}, {""name"": ""switzerland"", ""encoder"": ""mlp_tabular_ln"", ""input_dim"": 13, ""hidden_dim"": 64, ""dropout"": 0.1}, {""name"": ""va_long_beach"", ""encoder"": ""mlp_tabular_ln"", ""input_dim"": 13, ""hidden_dim"": 64, ""dropout"": 0.1}], ""anchor_eps"": 0.0001, ""sep_samples_per_class"": 4, ""sep_method"": ""classifier"", ""sep_margin"": 1.0, ""lambda_fit"": 0.001, ""lambda_sep"": 0.001, ""groupdro_enabled"": false, ""groupdro_eta"": 1.0, ""groupdro_gamma"": 0.9, ""groupdro_update_mode"": ""softmax"", ""groupdro_objective"": ""weighted"", ""groupdro_kl_lambda"": 0.0, ""groupdro_uniform_init"": true, ""log_interval"": 20, ""save_every"": 10, ""impute_missing"": true, ""common_encoder"": true, ""use_regret"": false, ""data_split_seed"": 1001}","{""num_groups"": 4, ""num_classes"": 2, ""train_total"": 522, ""test_total"": 185, ""train_group_counts"": [242, 235, 20, 25], ""test_group_counts"": [61, 59, 25, 40], ""train_class_counts"": [288, 234], ""test_class_counts"": [83, 102], ""train_group_class_counts"": [[131, 111], [150, 85], [0, 20], [7, 18]], ""test_group_class_counts"": [[33, 28], [38, 21], [2, 23], [10, 30]], ""group_proportions"": [0.46360153256704983, 0.4501915708812261, 0.038314176245210725, 0.04789272030651341]}",,2026-09-14T00:08:00.212307,4,0.5327959805727005,0.763671875,0.001,0.7567567567567568,0.7329595026396222,0.64,0.8135593220338984,"[0.8032786885245902, 0.8135593220338984, 0.64, 0.675]","[0.488107436993083, 0.4915557823191255, 0.6306292027235031, 0.7261574406176805]","[0.7951807228915663, 0.7254901960784313]","[[0.8181818181818182, 0.7857142857142857], [0.7894736842105263, 0.8571428571428571], [1.0, 0.6086956521739131], [0.7, 0.6666666666666666]]","[61, 59, 25, 40]",0.7563010450513745,"[0.801948051948052, 0.8055139346718609, 0.5322245322245323, 0.636617749825297]",0.5322245322245323,0.7261574406176805,,"[NaN, NaN, NaN, NaN]",,,
"{""run_name"": ""fedheart_exp_paper_hetagg_gdro"", ""seed"": 7, ""run_dir"": ""runs/fedheart_cv_lam0.1/ERM_s7_f1"", ""use_fedheart"": true, ""num_classes"": 2, ""stratified_batching"": true, ""train_frac"": 0.8, ""group_max_train_samples"": [null, null, 20, 25], ""true_hetero_input_dim"": true, ""feature_mask"": [[0, 1, 2, 3, 5, 6, 7, 8, 9, 10], [0, 1, 2, 3, 5, 6, 11, 12], [0, 1, 2, 4, 5, 7, 11, 12], [0, 1, 2, 4, 5, 6, 8, 9, 10]], ""batch_size"": 64, ""num_workers"": 0, ""epochs"": 100, ""early_stopping_patience"": 30, ""lr"": 0.001, ""weight_decay"": 0.0001, ""optimizer"": ""adam"", ""grad_clip"": 1.0, ""lr_scheduler"": ""cosine"", ""lr_min"": 1e-05, ""latent_dim"": 64, ""head_hidden"": 32, ""groups"": [{""name"": ""cleveland"", ""encoder"": ""mlp_tabular_ln"", ""input_dim"": 13, ""hidden_dim"": 64, ""dropout"": 0.1}, {""name"": ""hungarian"", ""encoder"": ""mlp_tabular_ln"", ""input_dim"": 13, ""hidden_dim"": 64, ""dropout"": 0.1}, {""name"": ""switzerland"", ""encoder"": ""mlp_tabular_ln"", ""input_dim"": 13, ""hidden_dim"": 64, ""dropout"": 0.1}, {""name"": ""va_long_beach"", ""encoder"": ""mlp_tabular_ln"", ""input_dim"": 13, ""hidden_dim"": 64, ""dropout"": 0.1}], ""anchor_eps"": 0.0001, ""sep_samples_per_class"": 4, ""sep_method"": ""classifier"", ""sep_margin"": 1.0, ""lambda_fit"": 0.001, ""lambda_sep"": 0.001, ""groupdro_enabled"": false, ""groupdro_eta"": 1.0, ""groupdro_gamma"": 0.9, ""groupdro_update_mode"": ""softmax"", ""groupdro_objective"": ""weighted"", ""groupdro_kl_lambda"": 0.0, ""groupdro_uniform_init"": true, ""log_interval"": 20, ""save_every"": 10, ""impute_missing"": true, ""common_encoder"": true, ""use_regret"": false, ""data_split_seed"": 1001}","{""num_groups"": 4, ""num_classes"": 2, ""train_total"": 522, ""test_total"": 185, ""train_group_counts"": [242, 235, 20, 25], ""test_group_counts"": [61, 59, 25, 40], ""train_class_counts"": [288, 234], ""test_class_counts"": [83, 102], ""train_group_class_counts"": [[131, 111], [150, 85], [0, 20], [7, 18]], ""test_group_class_counts"": [[33, 28], [38, 21], [2, 23], [10, 30]], ""group_proportions"": [0.46360153256704983, 0.4501915708812261, 0.038314176245210725, 0.04789272030651341]}",,2026-09-14T00:08:00.212307,5,0.5069181770086288,0.767578125,0.001,0.745945945945946,0.7263611419838845,0.625,0.8135593220338984,"[0.7868852459016393, 0.8135593220338984, 0.68, 0.625]","[0.48577138354055216, 0.49782481113985433, 0.6133137500286102, 0.7544950945302844]","[0.7831325301204819, 0.7156862745098039]","[[0.7878787878787878, 0.7857142857142857], [0.7894736842105263, 0.8571428571428571], [1.0, 0.6521739130434783], [0.7, 0.6]]","[61, 59, 25, 40]",0.7454699803869911,"[0.7859649122807018, 0.8055139346718609, 0.5614035087719298, 0.5943204868154157]",0.5614035087719298,0.7544950945302844,,"[NaN, NaN, NaN, NaN]",,,
"{""run_name"": ""fedheart_exp_paper_hetagg_gdro"", ""seed"": 7, ""run_dir"": ""runs/fedheart_cv_lam0.1/ERM_s7_f1"", ""use_fedheart"": true, ""num_classes"": 2, ""stratified_batching"": true, ""train_frac"": 0.8, ""group_max_train_samples"": [null, null, 20, 25], ""true_hetero_input_dim"": true, ""feature_mask"": [[0, 1, 2, 3, 5, 6, 7, 8, 9, 10], [0, 1, 2, 3, 5, 6, 11, 12], [0, 1, 2, 4, 5, 7, 11, 12], [0, 1, 2, 4, 5, 6, 8, 9, 10]], ""batch_size"": 64, ""num_workers"": 0, ""epochs"": 100, ""early_stopping_patience"": 30, ""lr"": 0.001, ""weight_decay"": 0.0001, ""optimizer"": ""adam"", ""grad_clip"": 1.0, ""lr_scheduler"": ""cosine"", ""lr_min"": 1e-05, ""latent_dim"": 64, ""head_hidden"": 32, ""groups"": [{""name"": ""cleveland"", ""encoder"": ""mlp_tabular_ln"", ""input_dim"": 13, ""hidden_dim"": 64, ""dropout"": 0.1}, {""name"": ""hungarian"", ""encoder"": ""mlp_tabular_ln"", ""input_dim"": 13, ""hidden_dim"": 64, ""dropout"": 0.1}, {""name"": ""switzerland"", ""encoder"": ""mlp_tabular_ln"", ""input_dim"": 13, ""hidden_dim"": 64, ""dropout"": 0.1}, {""name"": ""va_long_beach"", ""encoder"": ""mlp_tabular_ln"", ""input_dim"": 13, ""hidden_dim"": 64, ""dropout"": 0.1}], ""anchor_eps"": 0.0001, ""sep_samples_per_class"": 4, ""sep_method"": ""classifier"", ""sep_margin"": 1.0, ""lambda_fit"": 0.001, ""lambda_sep"": 0.001, ""groupdro_enabled"": false, ""groupdro_eta"": 1.0, ""groupdro_gamma"": 0.9, ""groupdro_update_mode"": ""softmax"", ""groupdro_objective"": ""weighted"", ""groupdro_kl_lambda"": 0.0, ""groupdro_uniform_init"": true, ""log_interval"": 20, ""save_every"": 10, ""impute_missing"": true, ""common_encoder"": true, ""use_regret"": false, ""data_split_seed"": 1001}","{""num_groups"": 4, ""num_classes"": 2, ""train_total"": 522, ""test_total"": 185, ""train_group_counts"": [242, 235, 20, 25], ""test_group_counts"": [61, 59, 25, 40], ""train_class_counts"": [288, 234], ""test_class_counts"": [83, 102], ""train_group_class_counts"": [[131, 111], [150, 85], [0, 20], [7, 18]], ""test_group_class_counts"": [[33, 28], [38, 21], [2, 23], [10, 30]], ""group_proportions"": [0.46360153256704983, 0.4501915708812261, 0.038314176245210725, 0.04789272030651341]}",,2026-09-14T00:08:00.212307,6,0.4841524176299572,0.80078125,0.001,0.7405405405405405,0.706295151430953,0.575,0.8305084745762712,"[0.819672131147541, 0.8305084745762712, 0.6, 0.575]","[0.4846089262454236, 0.49036301877665317, 0.6750507429242134, 0.8410307236015797]","[0.8192771084337349, 0.6764705882352942]","[[0.8484848484848485, 0.7857142857142857], [0.8157894736842105, 0.8571428571428571], [1.0, 0.5652173913043478], [0.7, 0.5333333333333333]]","[61, 59, 25, 40]",0.7405329593267882,"[0.817910447761194, 0.8218599033816425, 0.503968253968254, 0.5523370638578012]",0.503968253968254,0.8410307236015797,,"[NaN, NaN, NaN, NaN]",,,
"{""run_name"": ""fedheart_exp_paper_hetagg_gdro"", ""seed"": 7, ""run_dir"": ""runs/fedheart_cv_lam0.1/ERM_s7_f1"", ""use_fedheart"": true, ""num_classes"": 2, ""stratified_batching"": true, ""train_frac"": 0.8, ""group_max_train_samples"": [null, null, 20, 25], ""true_hetero_input_dim"": true, ""feature_mask"": [[0, 1, 2, 3, 5, 6, 7, 8, 9, 10], [0, 1, 2, 3, 5, 6, 11, 12], [0, 1, 2, 4, 5, 7, 11, 12], [0, 1, 2, 4, 5, 6, 8, 9, 10]], ""batch_size"": 64, ""num_workers"": 0, ""epochs"": 100, ""early_stopping_patience"": 30, ""lr"": 0.001, ""weight_decay"": 0.0001, ""optimizer"": ""adam"", ""grad_clip"": 1.0, ""lr_scheduler"": ""cosine"", ""lr_min"": 1e-05, ""latent_dim"": 64, ""head_hidden"": 32, ""groups"": [{""name"": ""cleveland"", ""encoder"": ""mlp_tabular_ln"", ""input_dim"": 13, ""hidden_dim"": 64, ""dropout"": 0.1}, {""name"": ""hungarian"", ""encoder"": ""mlp_tabular_ln"", ""input_dim"": 13, ""hidden_dim"": 64, ""dropout"": 0.1}, {""name"": ""switzerland"", ""encoder"": ""mlp_tabular_ln"", ""input_dim"": 13, ""hidden_dim"": 64, ""dropout"": 0.1}, {""name"": ""va_long_beach"", ""encoder"": ""mlp_tabular_ln"", ""input_dim"": 13, ""hidden_dim"": 64, ""dropout"": 0.1}], ""anchor_eps"": 0.0001, ""sep_samples_per_class"": 4, ""sep_method"": ""classifier"", ""sep_margin"": 1.0, ""lambda_fit"": 0.001, ""lambda_sep"": 0.001, ""groupdro_enabled"": false, ""groupdro_eta"": 1.0, ""groupdro_gamma"": 0.9, ""groupdro_update_mode"": ""softmax"", ""groupdro_objective"": ""weighted"", ""groupdro_kl_lambda"": 0.0, ""groupdro_uniform_init"": true, ""log_interval"": 20, ""save_every"": 10, ""impute_missing"": true, ""common_encoder"": true, ""use_regret"": false, ""data_split_seed"": 1001}","{""num_groups"": 4, ""num_classes"": 2, ""train_total"": 522, ""test_total"": 185, ""train_group_counts"": [242, 235, 20, 25], ""test_group_counts"": [61, 59, 25, 40], ""train_class_counts"": [288, 234], ""test_class_counts"": [83, 102], ""train_group_class_counts"": [[131, 111], [150, 85], [0, 20], [7, 18]], ""test_group_class_counts"": [[33, 28], [38, 21], [2, 23], [10, 30]], ""group_proportions"": [0.46360153256704983, 0.4501915708812261, 0.038314176245210725, 0.04789272030651341]}",,2026-09-14T00:08:00.212307,7,0.4893121123313904,0.78515625,0.001,0.7513513513513513,0.7342095026396221,0.6,0.8135593220338984,"[0.8032786885245902, 0.8135593220338984, 0.72, 0.6]","[0.486492320528773, 0.5045595589583203, 0.5943639919161796, 0.7760211248882115]","[0.7831325301204819, 0.7254901960784313]","[[0.7878787878787878, 0.8214285714285714], [0.7894736842105263, 0.8571428571428571], [1.0, 0.6956521739130435], [0.7, 0.5666666666666667]]","[61, 59, 25, 40]",0.750761480787254,"[0.802801724137931, 0.8055139346718609, 0.592074592074592, 0.5733333333333334]",0.5733333333333334,0.7760211248882115,,"[NaN, NaN, NaN, NaN]",,,
"{""run_name"": ""fedheart_exp_paper_hetagg_gdro"", ""seed"": 7, ""run_dir"": ""runs/fedheart_cv_lam0.1/ERM_s7_f1"", ""use_fedheart"": true, ""num_classes"": 2, ""stratified_batching"": true, ""train_frac"": 0.8, ""group_max_train_samples"": [null, null, 20, 25], ""true_hetero_input_dim"": true, ""feature_mask"": [[0, 1, 2, 3, 5, 6, 7, 8, 9, 10], [0, 1, 2, 3, 5, 6, 11, 12], [0, 1, 2, 4, 5, 7, 11, 12], [0, 1, 2, 4, 5, 6, 8, 9, 10]], ""batch_size"": 64, ""num_workers"": 0, ""epochs"": 100, ""early_stopping_patience"": 30, ""lr"": 0.001, ""weight_decay"": 0.0001, ""optimizer"": ""adam"", ""grad_clip"": 1.0, ""lr_scheduler"": ""cosine"", ""lr_min"": 1e-05, ""latent_dim"": 64, ""head_hidden"": 32, ""groups"": [{""name"": ""cleveland"", ""encoder"": ""mlp_tabular_ln"", ""input_dim"": 13, ""hidden_dim"": 64, ""dropout"": 0.1}, {""name"": ""hungarian"", ""encoder"": ""mlp_tabular_ln"", ""input_dim"": 13, ""hidden_dim"": 64, ""dropout"": 0.1}, {""name"": ""switzerland"", ""encoder"": ""mlp_tabular_ln"", ""input_dim"": 13, ""hidden_dim"": 64, ""dropout"": 0.1}, {""name"": ""va_long_beach"", ""encoder"": ""mlp_tabular_ln"", ""input_dim"": 13, ""hidden_dim"": 64, ""dropout"": 0.1}], ""anchor_eps"": 0.0001, ""sep_samples_per_class"": 4, ""sep_method"": ""classifier"", ""sep_margin"": 1.0, ""lambda_fit"": 0.001, ""lambda_sep"": 0.001, ""groupdro_enabled"": false, ""groupdro_eta"": 1.0, ""groupdro_gamma"": 0.9, ""groupdro_update_mode"": ""softmax"", ""groupdro_objective"": ""weighted"", ""groupdro_kl_lambda"": 0.0, ""groupdro_uniform_init"": true, ""log_interval"": 20, ""save_every"": 10, ""impute_missing"": true, ""common_encoder"": true, ""use_regret"": false, ""data_split_seed"": 1001}","{""num_groups"": 4, ""num_classes"": 2, ""train_total"": 522, ""test_total"": 185, ""train_group_counts"": [242, 235, 20, 25], ""test_group_counts"": [61, 59, 25, 40], ""train_class_counts"": [288, 234], ""test_class_counts"": [83, 102], ""train_group_class_counts"": [[131, 111], [150, 85], [0, 20], [7, 18]], ""test_group_class_counts"": [[33, 28], [38, 21], [2, 23], [10, 30]], ""group_proportions"": [0.46360153256704983, 0.4501915708812261, 0.038314176245210725, 0.04789272030651341]}",,2026-09-14T00:08:00.212307,8,0.48428933694958687,0.783203125,0.001,0.745945945945946,0.7258078632953598,0.55,0.819672131147541,"[0.819672131147541, 0.8135593220338984, 0.72, 0.55]","[0.47571863392825986, 0.5019276415834487, 0.6197933825850487, 0.8056378765963018]","[0.7951807228915663, 0.7058823529411765]","[[0.8181818181818182, 0.8214285714285714], [0.7894736842105263, 0.8571428571428571], [1.0, 0.6956521739130435], [0.7, 0.5]]","[61, 59, 25, 40]",0.7456784345842231,"[0.81889338731444, 0.8055139346718609, 0.592074592074592, 0.53125]",0.53125,0.8056378765963018,,"[NaN, NaN, NaN, NaN]",,,
"{""run_name"": ""fedheart_exp_paper_hetagg_gdro"", ""seed"": 7, ""run_dir"": ""runs/fedheart_cv_lam0.1/ERM_s7_f1"", ""use_fedheart"": true, ""num_classes"": 2, ""stratified_batching"": true, ""train_frac"": 0.8, ""group_max_train_samples"": [null, null, 20, 25], ""true_hetero_input_dim"": true, ""feature_mask"": [[0, 1, 2, 3, 5, 6, 7, 8, 9, 10], [0, 1, 2, 3, 5, 6, 11, 12], [0, 1, 2, 4, 5, 7, 11, 12], [0, 1, 2, 4, 5, 6, 8, 9, 10]], ""batch_size"": 64, ""num_workers"": 0, ""epochs"": 100, ""early_stopping_patience"": 30, ""lr"": 0.001, ""weight_decay"": 0.0001, ""optimizer"": ""adam"", ""grad_clip"": 1.0, ""lr_scheduler"": ""cosine"", ""lr_min"": 1e-05, ""latent_dim"": 64, ""head_hidden"": 32, ""groups"": [{""name"": ""cleveland"", ""encoder"": ""mlp_tabular_ln"", ""input_dim"": 13, ""hidden_dim"": 64, ""dropout"": 0.1}, {""name"": ""hungarian"", ""encoder"": ""mlp_tabular_ln"", ""input_dim"": 13, ""hidden_dim"": 64, ""dropout"": 0.1}, {""name"": ""switzerland"", ""encoder"": ""mlp_tabular_ln"", ""input_dim"": 13, ""hidden_dim"": 64, ""dropout"": 0.1}, {""name"": ""va_long_beach"", ""encoder"": ""mlp_tabular_ln"", ""input_dim"": 13, ""hidden_dim"": 64, ""dropout"": 0.1}], ""anchor_eps"": 0.0001, ""sep_samples_per_class"": 4, ""sep_method"": ""classifier"", ""sep_margin"": 1.0, ""lambda_fit"": 0.001, ""lambda_sep"": 0.001, ""groupdro_enabled"": false, ""groupdro_eta"": 1.0, ""groupdro_gamma"": 0.9, ""groupdro_update_mode"": ""softmax"", ""groupdro_objective"": ""weighted"", ""groupdro_kl_lambda"": 0.0, ""groupdro_uniform_init"": true, ""log_interval"": 20, ""save_every"": 10, ""impute_missing"": true, ""common_encoder"": true, ""use_regret"": false, ""data_split_seed"": 1001}","{""num_groups"": 4, ""num_classes"": 2, ""train_total"": 522, ""test_total"": 185, ""train_group_counts"": [242, 235, 20, 25], ""test_group_counts"": [61, 59, 25, 40], ""train_class_counts"": [288, 234], ""test_class_counts"": [83, 102], ""train_group_class_counts"": [[131, 111], [150, 85], [0, 20], [7, 18]], ""test_group_class_counts"": [[33, 28], [38, 21], [2, 23], [10, 30]], ""group_proportions"": [0.46360153256704983, 0.4501915708812261, 0.038314176245210725, 0.04789272030651341]}",,2026-09-14T00:08:00.212307,9,0.4511645548045635,0.8125,0.001,0.7243243243243244,0.6992095026396221,0.5,0.8135593220338984,"[0.8032786885245902, 0.8135593220338984, 0.68, 0.5]","[0.4715688817935889, 0.4969341713556294, 0.6727422496676445, 0.8794710572808981]","[0.8192771084337349, 0.6470588235294118]","[[0.8484848484848485, 0.75], [0.8157894736842105, 0.8095238095238095], [1.0, 0.6521739130434783], [0.7, 0.43333333333333335]]","[61, 59, 25, 40]",0.7242921013412817,"[0.8006535947712419, 0.802435312024353, 0.5614035087719298, 0.4884910485933504]",0.4884910485933504,0.8794710572808981,,"[NaN, NaN, NaN, NaN]",,,
"{""run_name"": ""fedheart_exp_paper_hetagg_gdro"", ""seed"": 7, ""run_dir"": ""runs/fedheart_cv_lam0.1/ERM_s7_f1"", ""use_fedheart"": true, ""num_classes"": 2, ""stratified_batching"": true, ""train_frac"": 0.8, ""group_max_train_samples"": [null, null, 20, 25], ""true_hetero_input_dim"": true, ""feature_mask"": [[0, 1, 2, 3, 5, 6, 7, 8, 9, 10], [0, 1, 2, 3, 5, 6, 11, 12], [0, 1, 2, 4, 5, 7, 11, 12], [0, 1, 2, 4, 5, 6, 8, 9, 10]], ""batch_size"": 64, ""num_workers"": 0, ""epochs"": 100, ""early_stopping_patience"": 30, ""lr"": 0.001, ""weight_decay"": 0.0001, ""optimizer"": ""adam"", ""grad_clip"": 1.0, ""lr_scheduler"": ""cosine"", ""lr_min"": 1e-05, ""latent_dim"": 64, ""head_hidden"": 32, ""groups"": [{""name"": ""cleveland"", ""encoder"": ""mlp_tabular_ln"", ""input_dim"": 13, ""hidden_dim"": 64, ""dropout"": 0.1}, {""name"": ""hungarian"", ""encoder"": ""mlp_tabular_ln"", ""input_dim"": 13, ""hidden_dim"": 64, ""dropout"": 0.1}, {""name"": ""switzerland"", ""encoder"": ""mlp_tabular_ln"", ""input_dim"": 13, ""hidden_dim"": 64, ""dropout"": 0.1}, {""name"": ""va_long_beach"", ""encoder"": ""mlp_tabular_ln"", ""input_dim"": 13, ""hidden_dim"": 64, ""dropout"": 0.1}], ""anchor_eps"": 0.0001, ""sep_samples_per_class"": 4, ""sep_method"": ""classifier"", ""sep_margin"": 1.0, ""lambda_fit"": 0.001, ""lambda_sep"": 0.001, ""groupdro_enabled"": false, ""groupdro_eta"": 1.0, ""groupdro_gamma"": 0.9, ""groupdro_update_mode"": ""softmax"", ""groupdro_objective"": ""weighted"", ""groupdro_kl_lambda"": 0.0, ""groupdro_uniform_init"": true, ""log_interval"": 20, ""save_every"": 10, ""impute_missing"": true, ""common_encoder"": true, ""use_regret"": false, ""data_split_seed"": 1001}","{""num_groups"": 4, ""num_classes"": 2, ""train_total"": 522, ""test_total"": 185, ""train_group_counts"": [242, 235, 20, 25], ""test_group_counts"": [61, 59, 25, 40], ""train_class_counts"": [288, 234], ""test_class_counts"": [83, 102], ""train_group_class_counts"": [[131, 111], [150, 85], [0, 20], [7, 18]], ""test_group_class_counts"": [[33, 28], [38, 21], [2, 23], [10, 30]], ""group_proportions"": [0.46360153256704983, 0.4501915708812261, 0.038314176245210725, 0.04789272030651341]}",,2026-09-14T00:08:00.212307,10,0.45794788002967834,0.802734375,0.001,0.7243243243243244,0.7071238538482911,0.525,0.7966101694915254,"[0.7868852459016393, 0.7966101694915254, 0.72, 0.525]","[0.47832501117811826, 0.5130025684454683, 0.6326033194363118, 0.8781110268086195]","[0.7951807228915663, 0.6666666666666666]","[[0.8181818181818182, 0.75], [0.7894736842105263, 0.8095238095238095], [1.0, 0.6956521739130435], [0.7, 0.4666666666666667]]","[61, 59, 25, 40]",0.7242921013412816,"[0.7848032564450476, 0.7862318840579711, 0.592074592074592, 0.5099935525467441]",0.5099935525467441,0.8781110268086195,,"[NaN, NaN, NaN, NaN]",,,
"{""run_name"": ""fedheart_exp_paper_hetagg_gdro"", ""seed"": 7, ""run_dir"": ""runs/fedheart_cv_lam0.1/ERM_s7_f1"", ""use_fedheart"": true, ""num_classes"": 2, ""stratified_batching"": true, ""train_frac"": 0.8, ""group_max_train_samples"": [null, null, 20, 25], ""true_hetero_input_dim"": true, ""feature_mask"": [[0, 1, 2, 3, 5, 6, 7, 8, 9, 10], [0, 1, 2, 3, 5, 6, 11, 12], [0, 1, 2, 4, 5, 7, 11, 12], [0, 1, 2, 4, 5, 6, 8, 9, 10]], ""batch_size"": 64, ""num_workers"": 0, ""epochs"": 100, ""early_stopping_patience"": 30, ""lr"": 0.001, ""weight_decay"": 0.0001, ""optimizer"": ""adam"", ""grad_clip"": 1.0, ""lr_scheduler"": ""cosine"", ""lr_min"": 1e-05, ""latent_dim"": 64, ""head_hidden"": 32, ""groups"": [{""name"": ""cleveland"", ""encoder"": ""mlp_tabular_ln"", ""input_dim"": 13, ""hidden_dim"": 64, ""dropout"": 0.1}, {""name"": ""hungarian"", ""encoder"": ""mlp_tabular_ln"", ""input_dim"": 13, ""hidden_dim"": 64, ""dropout"": 0.1}, {""name"": ""switzerland"", ""encoder"": ""mlp_tabular_ln"", ""input_dim"": 13, ""hidden_dim"": 64, ""dropout"": 0.1}, {""name"": ""va_long_beach"", ""encoder"": ""mlp_tabular_ln"", ""input_dim"": 13, ""hidden_dim"": 64, ""dropout"": 0.1}], ""anchor_eps"": 0.0001, ""sep_samples_per_class"": 4, ""sep_method"": ""classifier"", ""sep_margin"": 1.0, ""lambda_fit"": 0.001, ""lambda_sep"": 0.001, ""groupdro_enabled"": false, ""groupdro_eta"": 1.0, ""groupdro_gamma"": 0.9, ""groupdro_update_mode"": ""softmax"", ""groupdro_objective"": ""weighted"", ""groupdro_kl_lambda"": 0.0, ""groupdro_uniform_init"": true, ""log_interval"": 20, ""save_every"": 10, ""impute_missing"": true, ""common_encoder"": true, ""use_regret"": false, ""data_split_seed"": 1001}","{""num_groups"": 4, ""num_classes"": 2, ""train_total"": 522, ""test_total"": 185, ""train_group_counts"": [242, 235, 20, 25], ""test_group_counts"": [61, 59, 25, 40], ""train_class_counts"": [288, 234], ""test_class_counts"": [83, 102], ""train_group_class_counts"": [[131, 111], [150, 85], [0, 20], [7, 18]], ""test_group_class_counts"": [[33, 28], [38, 21], [2, 23], [10, 30]], ""group_proportions"": [0.46360153256704983, 0.4501915708812261, 0.038314176245210725, 0.04789272030651341]}",,2026-09-14T00:08:00.212307,11,0.4598861634731293,0.78515625,0.001,0.7297297297297297,0.7171238538482911,0.525,0.7966101694915254,"[0.7868852459016393, 0.7966101694915254, 0.76, 0.525]","[0.47709396023486483, 0.5259107362036988, 0.5916547729074955, 0.8339365602470934]","[0.7831325301204819, 0.6862745098039216]","[[0.7878787878787878, 0.7857142857142857], [0.7894736842105263, 0.8095238095238095], [1.0, 0.7391304347826086], [0.7, 0.4666666666666667]]","[61, 59, 25, 40]",0.7295321637426901,"[0.7859649122807018, 0.7862318840579711, 0.625, 0.5099935525467441]",0.5099935525467441,0.8339365602470934,,"[NaN, NaN, NaN, NaN]",,,
"{""run_name"": ""fedheart_exp_paper_hetagg_gdro"", ""seed"": 7, ""run_dir"": ""runs/fedheart_cv_lam0.1/ERM_s7_f1"", ""use_fedheart"": true, ""num_classes"": 2, ""stratified_batching"": true, ""train_frac"": 0.8, ""group_max_train_samples"": [null, null, 20, 25], ""true_hetero_input_dim"": true, ""feature_mask"": [[0, 1, 2, 3, 5, 6, 7, 8, 9, 10], [0, 1, 2, 3, 5, 6, 11, 12], [0, 1, 2, 4, 5, 7, 11, 12], [0, 1, 2, 4, 5, 6, 8, 9, 10]], ""batch_size"": 64, ""num_workers"": 0, ""epochs"": 100, ""early_stopping_patience"": 30, ""lr"": 0.001, ""weight_decay"": 0.0001, ""optimizer"": ""adam"", ""grad_clip"": 1.0, ""lr_scheduler"": ""cosine"", ""lr_min"": 1e-05, ""latent_dim"": 64, ""head_hidden"": 32, ""groups"": [{""name"": ""cleveland"", ""encoder"": ""mlp_tabular_ln"", ""input_dim"": 13, ""hidden_dim"": 64, ""dropout"": 0.1}, {""name"": ""hungarian"", ""encoder"": ""mlp_tabular_ln"", ""input_dim"": 13, ""hidden_dim"": 64, ""dropout"": 0.1}, {""name"": ""switzerland"", ""encoder"": ""mlp_tabular_ln"", ""input_dim"": 13, ""hidden_dim"": 64, ""dropout"": 0.1}, {""name"": ""va_long_beach"", ""encoder"": ""mlp_tabular_ln"", ""input_dim"": 13, ""hidden_dim"": 64, ""dropout"": 0.1}], ""anchor_eps"": 0.0001, ""sep_samples_per_class"": 4, ""sep_method"": ""classifier"", ""sep_margin"": 1.0, ""lambda_fit"": 0.001, ""lambda_sep"": 0.001, ""groupdro_enabled"": false, ""groupdro_eta"": 1.0, ""groupdro_gamma"": 0.9, ""groupdro_update_mode"": ""softmax"", ""groupdro_objective"": ""weighted"", ""groupdro_kl_lambda"": 0.0, ""groupdro_uniform_init"": true, ""log_interval"": 20, ""save_every"": 10, ""impute_missing"": true, ""common_encoder"": true, ""use_regret"": false, ""data_split_seed"": 1001}","{""num_groups"": 4, ""num_classes"": 2, ""train_total"": 522, ""test_total"": 185, ""train_group_counts"": [242, 235, 20, 25], ""test_group_counts"": [61, 59, 25, 40], ""train_class_counts"": [288, 234], ""test_class_counts"": [83, 102], ""train_group_class_counts"": [[131, 111], [150, 85], [0, 20], [7, 18]], ""test_group_class_counts"": [[33, 28], [38, 21], [2, 23], [10, 30]], ""group_proportions"": [0.46360153256704983, 0.4501915708812261, 0.038314176245210725, 0.04789272030651341]}",,2026-09-14T00:08:00.212307,12,0.4407372288405895,0.81640625,0.001,0.7405405405405405,0.7253205751597667,0.525,0.819672131147541,"[0.819672131147541, 0.7966101694915254, 0.76, 0.525]","[0.47098238373816503, 0.5209864186186154, 0.619386053532362, 0.8884889124426991]","[0.8072289156626506, 0.6862745098039216]","[[0.8484848484848485, 0.7857142857142857], [0.7894736842105263, 0.8095238095238095], [1.0, 0.7391304347826086], [0.7, 0.4666666666666667]]","[61, 59, 25, 40]",0.7404722936637831,"[0.817910447761194, 0.7862318840579711, 0.625, 0.5099935525467441]",0.5099935525467441,0.8884889124426991,,"[NaN, NaN, NaN, NaN]",,,
"{""run_name"": ""fedheart_exp_paper_hetagg_gdro"", ""seed"": 7, ""run_dir"": ""runs/fedheart_cv_lam0.1/ERM_s7_f1"", ""use_fedheart"": true, ""num_classes"": 2, ""stratified_batching"": true, ""train_frac"": 0.8, ""group_max_train_samples"": [null, null, 20, 25], ""true_hetero_input_dim"": true, ""feature_mask"": [[0, 1, 2, 3, 5, 6, 7, 8, 9, 10], [0, 1, 2, 3, 5, 6, 11, 12], [0, 1, 2, 4, 5, 7, 11, 12], [0, 1, 2, 4, 5, 6, 8, 9, 10]], ""batch_size"": 64, ""num_workers"": 0, ""epochs"": 100, ""early_stopping_patience"": 30, ""lr"": 0.001, ""weight_decay"": 0.0001, ""optimizer"": ""adam"", ""grad_clip"": 1.0, ""lr_scheduler"": ""cosine"", ""lr_min"": 1e-05, ""latent_dim"": 64, ""head_hidden"": 32, ""groups"": [{""name"": ""cleveland"", ""encoder"": ""mlp_tabular_ln"", ""input_dim"": 13, ""hidden_dim"": 64, ""dropout"": 0.1}, {""name"": ""hungarian"", ""encoder"": ""mlp_tabular_ln"", ""input_dim"": 13, ""hidden_dim"": 64, ""dropout"": 0.1}, {""name"": ""switzerland"", ""encoder"": ""mlp_tabular_ln"", ""input_dim"": 13, ""hidden_dim"": 64, ""dropout"": 0.1}, {""name"": ""va_long_beach"", ""encoder"": ""mlp_tabular_ln"", ""input_dim"": 13, ""hidden_dim"": 64, ""dropout"": 0.1}], ""anchor_eps"": 0.0001, ""sep_samples_per_class"": 4, ""sep_method"": ""classifier"", ""sep_margin"": 1.0, ""lambda_fit"": 0.001, ""lambda_sep"": 0.001, ""groupdro_enabled"": false, ""groupdro_eta"": 1.0, ""groupdro_gamma"": 0.9, ""groupdro_update_mode"": ""softmax"", ""groupdro_objective"": ""weighted"", ""groupdro_kl_lambda"": 0.0, ""groupdro_uniform_init"": true, ""log_interval"": 20, ""save_every"": 10, ""impute_missing"": true, ""common_encoder"": true, ""use_regret"": false, ""data_split_seed"": 1001}","{""num_groups"": 4, ""num_classes"": 2, ""train_total"": 522, ""test_total"": 185, ""train_group_counts"": [242, 235, 20, 25], ""test_group_counts"": [61, 59, 25, 40], ""train_class_counts"": [288, 234], ""test_class_counts"": [83, 102], ""train_group_class_counts"": [[131, 111], [150, 85], [0, 20], [7, 18]], ""test_group_class_counts"": [[33, 28], [38, 21], [2, 23], [10, 30]], ""group_proportions"": [0.46360153256704983, 0.4501915708812261, 0.038314176245210725, 0.04789272030651341]}",,2026-09-14T00:08:00.212307,13,0.43800531700253487,0.80859375,0.001,0.7351351351351352,0.7212222145040289,0.525,0.8032786885245902,"[0.8032786885245902, 0.7966101694915254, 0.76, 0.525]","[0.47182865891239195, 0.5300683372227822, 0.6029492385685444, 0.875837811967358]","[0.7951807228915663, 0.6862745098039216]","[[0.8181818181818182, 0.7857142857142857], [0.7894736842105263, 0.8095238095238095], [1.0, 0.7391304347826086], [0.7, 0.4666666666666667]]","[61, 59, 25, 40]",0.735011254348271,"[0.801948051948052, 0.7862318840579711, 0.625, 0.5099935525467441]",0.5099935525467441,0.875837811967358,,"[NaN, NaN, NaN, NaN]",,,
"{""run_name"": ""fedheart_exp_paper_hetagg_gdro"", ""seed"": 7, ""run_dir"": ""runs/fedheart_cv_lam0.1/ERM_s7_f1"", ""use_fedheart"": true, ""num_classes"": 2, ""stratified_batching"": true, ""train_frac"": 0.8, ""group_max_train_samples"": [null, null, 20, 25], ""true_hetero_input_dim"": true, ""feature_mask"": [[0, 1, 2, 3, 5, 6, 7, 8, 9, 10], [0, 1, 2, 3, 5, 6, 11, 12], [0, 1, 2, 4, 5, 7, 11, 12], [0, 1, 2, 4, 5, 6, 8, 9, 10]], ""batch_size"": 64, ""num_workers"": 0, ""epochs"": 100, ""early_stopping_patience"": 30, ""lr"": 0.001, ""weight_decay"": 0.0001, ""optimizer"": ""adam"", ""grad_clip"": 1.0, ""lr_scheduler"": ""cosine"", ""lr_min"": 1e-05, ""latent_dim"": 64, ""head_hidden"": 32, ""groups"": [{""name"": ""cleveland"", ""encoder"": ""mlp_tabular_ln"", ""input_dim"": 13, ""hidden_dim"": 64, ""dropout"": 0.1}, {""name"": ""hungarian"", ""encoder"": ""mlp_tabular_ln"", ""input_dim"": 13, ""hidden_dim"": 64, ""dropout"": 0.1}, {""name"": ""switzerland"", ""encoder"": ""mlp_tabular_ln"", ""input_dim"": 13, ""hidden_dim"": 64, ""dropout"": 0.1}, {""name"": ""va_long_beach"", ""encoder"": ""mlp_tabular_ln"", ""input_dim"": 13, ""hidden_dim"": 64, ""dropout"": 0.1}], ""anchor_eps"": 0.0001, ""sep_samples_per_class"": 4, ""sep_method"": ""classifier"", ""sep_margin"": 1.0, ""lambda_fit"": 0.001, ""lambda_sep"": 0.001, ""groupdro_enabled"": false, ""groupdro_eta"": 1.0, ""groupdro_gamma"": 0.9, ""groupdro_update_mode"": ""softmax"", ""groupdro_objective"": ""weighted"", ""groupdro_kl_lambda"": 0.0, ""groupdro_uniform_init"": true, ""log_interval"": 20, ""save_every"": 10, ""impute_missing"": true, ""common_encoder"": true, ""use_regret"": false, ""data_split_seed"": 1001}","{""num_groups"": 4, ""num_classes"": 2, ""train_total"": 522, ""test_total"": 185, ""train_group_counts"": [242, 235, 20, 25], ""test_group_counts"": [61, 59, 25, 40], ""train_class_counts"": [288, 234], ""test_class_counts"": [83, 102], ""train_group_class_counts"": [[131, 111], [150, 85], [0, 20], [7, 18]], ""test_group_class_counts"": [[33, 28], [38, 21], [2, 23], [10, 30]], ""group_proportions"": [0.46360153256704983, 0.4501915708812261, 0.038314176245210725, 0.04789272030651341]}",,2026-09-14T00:08:00.212307,14,0.43480686470866203,0.79296875,0.001,0.7243243243243244,0.7128865657126979,0.525,0.7868852459016393,"[0.7868852459016393, 0.7796610169491526, 0.76, 0.525]","[0.4726166768671303, 0.5300399869269992, 0.6121088503301144, 0.8674619536381215]","[0.7710843373493976, 0.6862745098039216]","[[0.7878787878787878, 0.7857142857142857], [0.7631578947368421, 0.8095238095238095], [1.0, 0.7391304347826086], [0.7, 0.4666666666666667]]","[61, 59, 25, 40]",0.7240340460381994,"[0.7859649122807018, 0.7701528318849266, 0.625, 0.5099935525467441]",0.5099935525467441,0.8674619536381215,,"[NaN, NaN, NaN, NaN]",,,
"{""run_name"": ""fedheart_exp_paper_hetagg_gdro"", ""seed"": 7, ""run_dir"": ""runs/fedheart_cv_lam0.1/ERM_s7_f1"", ""use_fedheart"": true, ""num_classes"": 2, ""stratified_batching"": true, ""train_frac"": 0.8, ""group_max_train_samples"": [null, null, 20, 25], ""true_hetero_input_dim"": true, ""feature_mask"": [[0, 1, 2, 3, 5, 6, 7, 8, 9, 10], [0, 1, 2, 3, 5, 6, 11, 12], [0, 1, 2, 4, 5, 7, 11, 12], [0, 1, 2, 4, 5, 6, 8, 9, 10]], ""batch_size"": 64, ""num_workers"": 0, ""epochs"": 100, ""early_stopping_patience"": 30, ""lr"": 0.001, ""weight_decay"": 0.0001, ""optimizer"": ""adam"", ""grad_clip"": 1.0, ""lr_scheduler"": ""cosine"", ""lr_min"": 1e-05, ""latent_dim"": 64, ""head_hidden"": 32, ""groups"": [{""name"": ""cleveland"", ""encoder"": ""mlp_tabular_ln"", ""input_dim"": 13, ""hidden_dim"": 64, ""dropout"": 0.1}, {""name"": ""hungarian"", ""encoder"": ""mlp_tabular_ln"", ""input_dim"": 13, ""hidden_dim"": 64, ""dropout"": 0.1}, {""name"": ""switzerland"", ""encoder"": ""mlp_tabular_ln"", ""input_dim"": 13, ""hidden_dim"": 64, ""dropout"": 0.1}, {""name"": ""va_long_beach"", ""encoder"": ""mlp_tabular_ln"", ""input_dim"": 13, ""hidden_dim"": 64, ""dropout"": 0.1}], ""anchor_eps"": 0.0001, ""sep_samples_per_class"": 4, ""sep_method"": ""classifier"", ""sep_margin"": 1.0, ""lambda_fit"": 0.001, ""lambda_sep"": 0.001, ""groupdro_enabled"": false, ""groupdro_eta"": 1.0, ""groupdro_gamma"": 0.9, ""groupdro_update_mode"": ""softmax"", ""groupdro_objective"": ""weighted"", ""groupdro_kl_lambda"": 0.0, ""groupdro_uniform_init"": true, ""log_interval"": 20, ""save_every"": 10, ""impute_missing"": true, ""common_encoder"": true, ""use_regret"": false, ""data_split_seed"": 1001}","{""num_groups"": 4, ""num_classes"": 2, ""train_total"": 522, ""test_total"": 185, ""train_group_counts"": [242, 235, 20, 25], ""test_group_counts"": [61, 59, 25, 40], ""train_class_counts"": [288, 234], ""test_class_counts"": [83, 102], ""train_group_class_counts"": [[131, 111], [150, 85], [0, 20], [7, 18]], ""test_group_class_counts"": [[33, 28], [38, 21], [2, 23], [10, 30]], ""group_proportions"": [0.46360153256704983, 0.4501915708812261, 0.038314176245210725, 0.04789272030651341]}",,2026-09-14T00:08:00.212307,15,0.4250943437218666,0.828125,0.001,0.7135135135135136,0.7045509169213671,0.525,0.7704918032786885,"[0.7704918032786885, 0.7627118644067796, 0.76, 0.525]","[0.4799781244278687, 0.535154880419121, 0.60174290060997, 0.8740233751013875]","[0.7469879518072289, 0.6862745098039216]","[[0.7575757575757576, 0.7857142857142857], [0.7368421052631579, 0.8095238095238095], [1.0, 0.7391304347826086], [0.7, 0.4666666666666667]]","[61, 59, 25, 40]",0.7129767863938408,"[0.7699353448275861, 0.7541666666666667, 0.625, 0.5099935525467441]",0.5099935525467441,0.8740233751013875,,"[NaN, NaN, NaN, NaN]",,,
"{""run_name"": ""fedheart_exp_paper_hetagg_gdro"", ""seed"": 7, ""run_dir"": ""runs/fedheart_cv_lam0.1/ERM_s7_f1"", ""use_fedheart"": true, ""num_classes"": 2, ""stratified_batching"": true, ""train_frac"": 0.8, ""group_max_train_samples"": [null, null, 20, 25], ""true_hetero_input_dim"": true, ""feature_mask"": [[0, 1, 2, 3, 5, 6, 7, 8, 9, 10], [0, 1, 2, 3, 5, 6, 11, 12], [0, 1, 2, 4, 5, 7, 11, 12], [0, 1, 2, 4, 5, 6, 8, 9, 10]], ""batch_size"": 64, ""num_workers"": 0, ""epochs"": 100, ""early_stopping_patience"": 30, ""lr"": 0.001, ""weight_decay"": 0.0001, ""optimizer"": ""adam"", ""grad_clip"": 1.0, ""lr_scheduler"": ""cosine"", ""lr_min"": 1e-05, ""latent_dim"": 64, ""head_hidden"": 32, ""groups"": [{""name"": ""cleveland"", ""encoder"": ""mlp_tabular_ln"", ""input_dim"": 13, ""hidden_dim"": 64, ""dropout"": 0.1}, {""name"": ""hungarian"", ""encoder"": ""mlp_tabular_ln"", ""input_dim"": 13, ""hidden_dim"": 64, ""dropout"": 0.1}, {""name"": ""switzerland"", ""encoder"": ""mlp_tabular_ln"", ""input_dim"": 13, ""hidden_dim"": 64, ""dropout"": 0.1}, {""name"": ""va_long_beach"", ""encoder"": ""mlp_tabular_ln"", ""input_dim"": 13, ""hidden_dim"": 64, ""dropout"": 0.1}], ""anchor_eps"": 0.0001, ""sep_samples_per_class"": 4, ""sep_method"": ""classifier"", ""sep_margin"": 1.0, ""lambda_fit"": 0.001, ""lambda_sep"": 0.001, ""groupdro_enabled"": false, ""groupdro_eta"": 1.0, ""groupdro_gamma"": 0.9, ""groupdro_update_mode"": ""softmax"", ""groupdro_objective"": ""weighted"", ""groupdro_kl_lambda"": 0.0, ""groupdro_uniform_init"": true, ""log_interval"": 20, ""save_every"": 10, ""impute_missing"": true, ""common_encoder"": true, ""use_regret"": false, ""data_split_seed"": 1001}","{""num_groups"": 4, ""num_classes"": 2, ""train_total"": 522, ""test_total"": 185, ""train_group_counts"": [242, 235, 20, 25], ""test_group_counts"": [61, 59, 25, 40], ""train_class_counts"": [288, 234], ""test_class_counts"": [83, 102], ""train_group_class_counts"": [[131, 111], [150, 85], [0, 20], [7, 18]], ""test_group_class_counts"": [[33, 28], [38, 21], [2, 23], [10, 30]], ""group_proportions"": [0.46360153256704983, 0.4501915708812261, 0.038314176245210725, 0.04789272030651341]}",,2026-09-14T00:08:00.212307,16,0.42903874814510345,0.814453125,0.001,0.7243243243243244,0.7128865657126979,0.525,0.7868852459016393,"[0.7868852459016393, 0.7796610169491526, 0.76, 0.525]","[0.48857684445674304, 0.5350131920491488, 0.6246736581623554, 0.9161909524584189]","[0.7710843373493976, 0.6862745098039216]","[[0.7878787878787878, 0.7857142857142857], [0.7631578947368421, 0.8095238095238095], [1.0, 0.7391304347826086], [0.7, 0.4666666666666667]]","[61, 59, 25, 40]",0.7240340460381994,"[0.7859649122807018, 0.7701528318849266, 0.625, 0.5099935525467441]",0.5099935525467441,0.9161909524584189,,"[NaN, NaN, NaN, NaN]",,,
"{""run_name"": ""fedheart_exp_paper_hetagg_gdro"", ""seed"": 7, ""run_dir"": ""runs/fedheart_cv_lam0.1/ERM_s7_f1"", ""use_fedheart"": true, ""num_classes"": 2, ""stratified_batching"": true, ""train_frac"": 0.8, ""group_max_train_samples"": [null, null, 20, 25], ""true_hetero_input_dim"": true, ""feature_mask"": [[0, 1, 2, 3, 5, 6, 7, 8, 9, 10], [0, 1, 2, 3, 5, 6, 11, 12], [0, 1, 2, 4, 5, 7, 11, 12], [0, 1, 2, 4, 5, 6, 8, 9, 10]], ""batch_size"": 64, ""num_workers"": 0, ""epochs"": 100, ""early_stopping_patience"": 30, ""lr"": 0.001, ""weight_decay"": 0.0001, ""optimizer"": ""adam"", ""grad_clip"": 1.0, ""lr_scheduler"": ""cosine"", ""lr_min"": 1e-05, ""latent_dim"": 64, ""head_hidden"": 32, ""groups"": [{""name"": ""cleveland"", ""encoder"": ""mlp_tabular_ln"", ""input_dim"": 13, ""hidden_dim"": 64, ""dropout"": 0.1}, {""name"": ""hungarian"", ""encoder"": ""mlp_tabular_ln"", ""input_dim"": 13, ""hidden_dim"": 64, ""dropout"": 0.1}, {""name"": ""switzerland"", ""encoder"": ""mlp_tabular_ln"", ""input_dim"": 13, ""hidden_dim"": 64, ""dropout"": 0.1}, {""name"": ""va_long_beach"", ""encoder"": ""mlp_tabular_ln"", ""input_dim"": 13, ""hidden_dim"": 64, ""dropout"": 0.1}], ""anchor_eps"": 0.0001, ""sep_samples_per_class"": 4, ""sep_method"": ""classifier"", ""sep_margin"": 1.0, ""lambda_fit"": 0.001, ""lambda_sep"": 0.001, ""groupdro_enabled"": false, ""groupdro_eta"": 1.0, ""groupdro_gamma"": 0.9, ""groupdro_update_mode"": ""softmax"", ""groupdro_objective"": ""weighted"", ""groupdro_kl_lambda"": 0.0, ""groupdro_uniform_init"": true, ""log_interval"": 20, ""save_every"": 10, ""impute_missing"": true, ""common_encoder"": true, ""use_regret"": false, ""data_split_seed"": 1001}","{""num_groups"": 4, ""num_classes"": 2, ""train_total"": 522, ""test_total"": 185, ""train_group_counts"": [242, 235, 20, 25], ""test_group_counts"": [61, 59, 25, 40], ""train_class_counts"": [288, 234], ""test_class_counts"": [83, 102], ""train_group_class_counts"": [[131, 111], [150, 85], [0, 20], [7, 18]], ""test_group_class_counts"": [[33, 28], [38, 21], [2, 23], [10, 30]], ""group_proportions"": [0.46360153256704983, 0.4501915708812261, 0.038314176245210725, 0.04789272030651341]}",,2026-09-14T00:08:00.212307,17,0.4066264182329178,0.83203125,0.001,0.7135135135135136,0.7068414837454848,0.55,0.7796610169491526,"[0.7377049180327869, 0.7796610169491526, 0.76, 0.55]","[0.507293834503679, 0.570987872984576, 0.5801981372386217, 0.8661329021677375]","[0.7228915662650602, 0.7058823529411765]","[[0.696969696969697, 0.7857142857142857], [0.7368421052631579, 0.8571428571428571], [1.0, 0.7391304347826086], [0.7, 0.5]]","[61, 59, 25, 40]",0.712303042751093,"[0.7376344086021506, 0.7731440402247856, 0.625, 0.53125]",0.53125,0.8661329021677375,,"[NaN, NaN, NaN, NaN]",,,
"{""run_name"": ""fedheart_exp_paper_hetagg_gdro"", ""seed"": 7, ""run_dir"": ""runs/fedheart_cv_lam0.1/ERM_s7_f1"", ""use_fedheart"": true, ""num_classes"": 2, ""stratified_batching"": true, ""train_frac"": 0.8, ""group_max_train_samples"": [null, null, 20, 25], ""true_hetero_input_dim"": true, ""feature_mask"": [[0, 1, 2, 3, 5, 6, 7, 8, 9, 10], [0, 1, 2, 3, 5, 6, 11, 12], [0, 1, 2, 4, 5, 7, 11, 12], [0, 1, 2, 4, 5, 6, 8, 9, 10]], ""batch_size"": 64, ""num_workers"": 0, ""epochs"": 100, ""early_stopping_patience"": 30, ""lr"": 0.001, ""weight_decay"": 0.0001, ""optimizer"": ""adam"", ""grad_clip"": 1.0, ""lr_scheduler"": ""cosine"", ""lr_min"": 1e-05, ""latent_dim"": 64, ""head_hidden"": 32, ""groups"": [{""name"": ""cleveland"", ""encoder"": ""mlp_tabular_ln"", ""input_dim"": 13, ""hidden_dim"": 64, ""dropout"": 0.1}, {""name"": ""hungarian"", ""encoder"": ""mlp_tabular_ln"", ""input_dim"": 13, ""hidden_dim"": 64, ""dropout"": 0.1}, {""name"": ""switzerland"", ""encoder"": ""mlp_tabular_ln"", ""input_dim"": 13, ""hidden_dim"": 64, ""dropout"": 0.1}, {""name"": ""va_long_beach"", ""encoder"": ""mlp_tabular_ln"", ""input_dim"": 13, ""hidden_dim"": 64, ""dropout"": 0.1}], ""anchor_eps"": 0.0001, ""sep_samples_per_class"": 4, ""sep_method"": ""classifier"", ""sep_margin"": 1.0, ""lambda_fit"": 0.001, ""lambda_sep"": 0.001, ""groupdro_enabled"": false, ""groupdro_eta"": 1.0, ""groupdro_gamma"": 0.9, ""groupdro_update_mode"": ""softmax"", ""groupdro_objective"": ""weighted"", ""groupdro_kl_lambda"": 0.0, ""groupdro_uniform_init"": true, ""log_interval"": 20, ""save_every"": 10, ""impute_missing"": true, ""common_encoder"": true, ""use_regret"": false, ""data_split_seed"": 1001}","{""num_groups"": 4, ""num_classes"": 2, ""train_total"": 522, ""test_total"": 185, ""train_group_counts"": [242, 235, 20, 25], ""test_group_counts"": [61, 59, 25, 40], ""train_class_counts"": [288, 234], ""test_class_counts"": [83, 102], ""train_group_class_counts"": [[131, 111], [150, 85], [0, 20], [7, 18]], ""test_group_class_counts"": [[33, 28], [38, 21], [2, 23], [10, 30]], ""group_proportions"": [0.46360153256704983, 0.4501915708812261, 0.038314176245210725, 0.04789272030651341]}",,2026-09-14T00:08:00.212307,18,0.40718453004956245,0.8359375,0.001,0.7243243243243244,0.7148992775771048,0.55,0.7868852459016393,"[0.7868852459016393, 0.7627118644067796, 0.76, 0.55]","[0.4952530201799313, 0.5667509590117734, 0.6317923031002283, 0.9138158468296751]","[0.7590361445783133, 0.696078431372549]","[[0.7878787878787878, 0.7857142857142857], [0.7368421052631579, 0.8095238095238095], [1.0, 0.7391304347826086], [0.7, 0.5]]","[61, 59, 25, 40]",0.7238078510582243,"[0.7859649122807018, 0.7541666666666667, 0.625, 0.53125]",0.53125,0.9138158468296751,,"[NaN, NaN, NaN, NaN]",,,
"{""run_name"": ""fedheart_exp_paper_hetagg_gdro"", ""seed"": 7, ""run_dir"": ""runs/fedheart_cv_lam0.1/ERM_s7_f1"", ""use_fedheart"": true, ""num_classes"": 2, ""stratified_batching"": true, ""train_frac"": 0.8, ""group_max_train_samples"": [null, null, 20, 25], ""true_hetero_input_dim"": true, ""feature_mask"": [[0, 1, 2, 3, 5, 6, 7, 8, 9, 10], [0, 1, 2, 3, 5, 6, 11, 12], [0, 1, 2, 4, 5, 7, 11, 12], [0, 1, 2, 4, 5, 6, 8, 9, 10]], ""batch_size"": 64, ""num_workers"": 0, ""epochs"": 100, ""early_stopping_patience"": 30, ""lr"": 0.001, ""weight_decay"": 0.0001, ""optimizer"": ""adam"", ""grad_clip"": 1.0, ""lr_scheduler"": ""cosine"", ""lr_min"": 1e-05, ""latent_dim"": 64, ""head_hidden"": 32, ""groups"": [{""name"": ""cleveland"", ""encoder"": ""mlp_tabular_ln"", ""input_dim"": 13, ""hidden_dim"": 64, ""dropout"": 0.1}, {""name"": ""hungarian"", ""encoder"": ""mlp_tabular_ln"", ""input_dim"": 13, ""hidden_dim"": 64, ""dropout"": 0.1}, {""name"": ""switzerland"", ""encoder"": ""mlp_tabular_ln"", ""input_dim"": 13, ""hidden_dim"": 64, ""dropout"": 0.1}, {""name"": ""va_long_beach"", ""encoder"": ""mlp_tabular_ln"", ""input_dim"": 13, ""hidden_dim"": 64, ""dropout"": 0.1}], ""anchor_eps"": 0.0001, ""sep_samples_per_class"": 4, ""sep_method"": ""classifier"", ""sep_margin"": 1.0, ""lambda_fit"": 0.001, ""lambda_sep"": 0.001, ""groupdro_enabled"": false, ""groupdro_eta"": 1.0, ""groupdro_gamma"": 0.9, ""groupdro_update_mode"": ""softmax"", ""groupdro_objective"": ""weighted"", ""groupdro_kl_lambda"": 0.0, ""groupdro_uniform_init"": true, ""log_interval"": 20, ""save_every"": 10, ""impute_missing"": true, ""common_encoder"": true, ""use_regret"": false, ""data_split_seed"": 1001}","{""num_groups"": 4, ""num_classes"": 2, ""train_total"": 522, ""test_total"": 185, ""train_group_counts"": [242, 235, 20, 25], ""test_group_counts"": [61, 59, 25, 40], ""train_class_counts"": [288, 234], ""test_class_counts"": [83, 102], ""train_group_class_counts"": [[131, 111], [150, 85], [0, 20], [7, 18]], ""test_group_class_counts"": [[33, 28], [38, 21], [2, 23], [10, 30]], ""group_proportions"": [0.46360153256704983, 0.4501915708812261, 0.038314176245210725, 0.04789272030651341]}",,2026-09-14T00:08:00.212307,19,0.37862690910696983,0.845703125,0.001,0.7243243243243244,0.7150382050569603,0.55,0.7796610169491526,"[0.7704918032786885, 0.7796610169491526, 0.76, 0.55]","[0.5007451582684747, 0.5786446035776477, 0.6638990798220038, 0.9610171910608187]","[0.7590361445783133, 0.696078431372549]","[[0.7575757575757576, 0.7857142857142857], [0.7631578947368421, 0.8095238095238095], [1.0, 0.7391304347826086], [0.7, 0.5]]","[61, 59, 25, 40]",0.7238078510582243,"[0.7699353448275861, 0.7701528318849266, 0.625, 0.53125]",0.53125,0.9610171910608187,,"[NaN, NaN, NaN, NaN]",,,
"{""run_name"": ""fedheart_exp_paper_hetagg_gdro"", ""seed"": 7, ""run_dir"": ""runs/fedheart_cv_lam0.1/ERM_s7_f1"", ""use_fedheart"": true, ""num_classes"": 2, ""stratified_batching"": true, ""train_frac"": 0.8, ""group_max_train_samples"": [null, null, 20, 25], ""true_hetero_input_dim"": true, ""feature_mask"": [[0, 1, 2, 3, 5, 6, 7, 8, 9, 10], [0, 1, 2, 3, 5, 6, 11, 12], [0, 1, 2, 4, 5, 7, 11, 12], [0, 1, 2, 4, 5, 6, 8, 9, 10]], ""batch_size"": 64, ""num_workers"": 0, ""epochs"": 100, ""early_stopping_patience"": 30, ""lr"": 0.001, ""weight_decay"": 0.0001, ""optimizer"": ""adam"", ""grad_clip"": 1.0, ""lr_scheduler"": ""cosine"", ""lr_min"": 1e-05, ""latent_dim"": 64, ""head_hidden"": 32, ""groups"": [{""name"": ""cleveland"", ""encoder"": ""mlp_tabular_ln"", ""input_dim"": 13, ""hidden_dim"": 64, ""dropout"": 0.1}, {""name"": ""hungarian"", ""encoder"": ""mlp_tabular_ln"", ""input_dim"": 13, ""hidden_dim"": 64, ""dropout"": 0.1}, {""name"": ""switzerland"", ""encoder"": ""mlp_tabular_ln"", ""input_dim"": 13, ""hidden_dim"": 64, ""dropout"": 0.1}, {""name"": ""va_long_beach"", ""encoder"": ""mlp_tabular_ln"", ""input_dim"": 13, ""hidden_dim"": 64, ""dropout"": 0.1}], ""anchor_eps"": 0.0001, ""sep_samples_per_class"": 4, ""sep_method"": ""classifier"", ""sep_margin"": 1.0, ""lambda_fit"": 0.001, ""lambda_sep"": 0.001, ""groupdro_enabled"": false, ""groupdro_eta"": 1.0, ""groupdro_gamma"": 0.9, ""groupdro_update_mode"": ""softmax"", ""groupdro_objective"": ""weighted"", ""groupdro_kl_lambda"": 0.0, ""groupdro_uniform_init"": true, ""log_interval"": 20, ""save_every"": 10, ""impute_missing"": true, ""common_encoder"": true, ""use_regret"": false, ""data_split_seed"": 1001}","{""num_groups"": 4, ""num_classes"": 2, ""train_total"": 522, ""test_total"": 185, ""train_group_counts"": [242, 235, 20, 25], ""test_group_counts"": [61, 59, 25, 40], ""train_class_counts"": [288, 234], ""test_class_counts"": [83, 102], ""train_group_class_counts"": [[131, 111], [150, 85], [0, 20], [7, 18]], ""test_group_class_counts"": [[33, 28], [38, 21], [2, 23], [10, 30]], ""group_proportions"": [0.46360153256704983, 0.4501915708812261, 0.038314176245210725, 0.04789272030651341]}",,2026-09-14T00:08:00.212307,20,0.40531516820192337,0.828125,0.001,0.7189189189189189,0.7109398444012226,0.55,0.7796610169491526,"[0.7540983606557377, 0.7796610169491526, 0.76, 0.55]","[0.5129761752657226, 0.589611727381283, 0.6301353039965033, 0.9315627132542431]","[0.7349397590361446, 0.7058823529411765]","[[0.7272727272727273, 0.7857142857142857], [0.7368421052631579, 0.8571428571428571], [1.0, 0.7391304347826086], [0.7, 0.5]]","[61, 59, 25, 40]",0.7179216514191884,"[0.7538337368845844, 0.7731440402247856, 0.625, 0.53125]",0.53125,0.9315627132542431,,"[NaN, NaN, NaN, NaN]",,,
"{""run_name"": ""fedheart_exp_paper_hetagg_gdro"", ""seed"": 7, ""run_dir"": ""runs/fedheart_cv_lam0.1/ERM_s7_f1"", ""use_fedheart"": true, ""num_classes"": 2, ""stratified_batching"": true, ""train_frac"": 0.8, ""group_max_train_samples"": [null, null, 20, 25], ""true_hetero_input_dim"": true, ""feature_mask"": [[0, 1, 2, 3, 5, 6, 7, 8, 9, 10], [0, 1, 2, 3, 5, 6, 11, 12], [0, 1, 2, 4, 5, 7, 11, 12], [0, 1, 2, 4, 5, 6, 8, 9, 10]], ""batch_size"": 64, ""num_workers"": 0, ""epochs"": 100, ""early_stopping_patience"": 30, ""lr"": 0.001, ""weight_decay"": 0.0001, ""optimizer"": ""adam"", ""grad_clip"": 1.0, ""lr_scheduler"": ""cosine"", ""lr_min"": 1e-05, ""latent_dim"": 64, ""head_hidden"": 32, ""groups"": [{""name"": ""cleveland"", ""encoder"": ""mlp_tabular_ln"", ""input_dim"": 13, ""hidden_dim"": 64, ""dropout"": 0.1}, {""name"": ""hungarian"", ""encoder"": ""mlp_tabular_ln"", ""input_dim"": 13, ""hidden_dim"": 64, ""dropout"": 0.1}, {""name"": ""switzerland"", ""encoder"": ""mlp_tabular_ln"", ""input_dim"": 13, ""hidden_dim"": 64, ""dropout"": 0.1}, {""name"": ""va_long_beach"", ""encoder"": ""mlp_tabular_ln"", ""input_dim"": 13, ""hidden_dim"": 64, ""dropout"": 0.1}], ""anchor_eps"": 0.0001, ""sep_samples_per_class"": 4, ""sep_method"": ""classifier"", ""sep_margin"": 1.0, ""lambda_fit"": 0.001, ""lambda_sep"": 0.001, ""groupdro_enabled"": false, ""groupdro_eta"": 1.0, ""groupdro_gamma"": 0.9, ""groupdro_update_mode"": ""softmax"", ""groupdro_objective"": ""weighted"", ""groupdro_kl_lambda"": 0.0, ""groupdro_uniform_init"": true, ""log_interval"": 20, ""save_every"": 10, ""impute_missing"": true, ""common_encoder"": true, ""use_regret"": false, ""data_split_seed"": 1001}","{""num_groups"": 4, ""num_classes"": 2, ""train_total"": 522, ""test_total"": 185, ""train_group_counts"": [242, 235, 20, 25], ""test_group_counts"": [61, 59, 25, 40], ""train_class_counts"": [288, 234], ""test_class_counts"": [83, 102], ""train_group_class_counts"": [[131, 111], [150, 85], [0, 20], [7, 18]], ""test_group_class_counts"": [[33, 28], [38, 21], [2, 23], [10, 30]], ""group_proportions"": [0.46360153256704983, 0.4501915708812261, 0.038314176245210725, 0.04789272030651341]}",,2026-09-14T00:08:00.212307,21,0.4002368189394474,0.833984375,0.001,0.7135135135135136,0.7046898444012226,0.525,0.7796610169491526,"[0.7540983606557377, 0.7796610169491526, 0.76, 0.525]","[0.5240677740027915, 0.5911536655878111, 0.6011107537150383, 0.8655305565102026]","[0.7108433734939759, 0.7156862745098039]","[[0.696969696969697, 0.8214285714285714], [0.7368421052631579, 0.8571428571428571], [1.0, 0.7391304347826086], [0.6, 0.5]]","[61, 59, 25, 40]",0.7118634106203532,"[0.7540983606557378, 0.7731440402247856, 0.625, 0.499670836076366]",0.499670836076366,0.8655305565102026,,"[NaN, NaN, NaN, NaN]",,,
"{""run_name"": ""fedheart_exp_paper_hetagg_gdro"", ""seed"": 7, ""run_dir"": ""runs/fedheart_cv_lam0.1/ERM_s7_f1"", ""use_fedheart"": true, ""num_classes"": 2, ""stratified_batching"": true, ""train_frac"": 0.8, ""group_max_train_samples"": [null, null, 20, 25], ""true_hetero_input_dim"": true, ""feature_mask"": [[0, 1, 2, 3, 5, 6, 7, 8, 9, 10], [0, 1, 2, 3, 5, 6, 11, 12], [0, 1, 2, 4, 5, 7, 11, 12], [0, 1, 2, 4, 5, 6, 8, 9, 10]], ""batch_size"": 64, ""num_workers"": 0, ""epochs"": 100, ""early_stopping_patience"": 30, ""lr"": 0.001, ""weight_decay"": 0.0001, ""optimizer"": ""adam"", ""grad_clip"": 1.0, ""lr_scheduler"": ""cosine"", ""lr_min"": 1e-05, ""latent_dim"": 64, ""head_hidden"": 32, ""groups"": [{""name"": ""cleveland"", ""encoder"": ""mlp_tabular_ln"", ""input_dim"": 13, ""hidden_dim"": 64, ""dropout"": 0.1}, {""name"": ""hungarian"", ""encoder"": ""mlp_tabular_ln"", ""input_dim"": 13, ""hidden_dim"": 64, ""dropout"": 0.1}, {""name"": ""switzerland"", ""encoder"": ""mlp_tabular_ln"", ""input_dim"": 13, ""hidden_dim"": 64, ""dropout"": 0.1}, {""name"": ""va_long_beach"", ""encoder"": ""mlp_tabular_ln"", ""input_dim"": 13, ""hidden_dim"": 64, ""dropout"": 0.1}], ""anchor_eps"": 0.0001, ""sep_samples_per_class"": 4, ""sep_method"": ""classifier"", ""sep_margin"": 1.0, ""lambda_fit"": 0.001, ""lambda_sep"": 0.001, ""groupdro_enabled"": false, ""groupdro_eta"": 1.0, ""groupdro_gamma"": 0.9, ""groupdro_update_mode"": ""softmax"", ""groupdro_objective"": ""weighted"", ""groupdro_kl_lambda"": 0.0, ""groupdro_uniform_init"": true, ""log_interval"": 20, ""save_every"": 10, ""impute_missing"": true, ""common_encoder"": true, ""use_regret"": false, ""data_split_seed"": 1001}","{""num_groups"": 4, ""num_classes"": 2, ""train_total"": 522, ""test_total"": 185, ""train_group_counts"": [242, 235, 20, 25], ""test_group_counts"": [61, 59, 25, 40], ""train_class_counts"": [288, 234], ""test_class_counts"": [83, 102], ""train_group_class_counts"": [[131, 111], [150, 85], [0, 20], [7, 18]], ""test_group_class_counts"": [[33, 28], [38, 21], [2, 23], [10, 30]], ""group_proportions"": [0.46360153256704983, 0.4501915708812261, 0.038314176245210725, 0.04789272030651341]}",,2026-09-14T00:08:00.212307,22,0.3721773885190487,0.8515625,0.001,0.7189189189189189,0.7087882050569603,0.525,0.7796610169491526,"[0.7704918032786885, 0.7796610169491526, 0.76, 0.525]","[0.5171166498168204, 0.6046914312341329, 0.6217654459923506, 0.9209017988061532]","[0.7228915662650602, 0.7156862745098039]","[[0.7272727272727273, 0.8214285714285714], [0.7368421052631579, 0.8571428571428571], [1.0, 0.7391304347826086], [0.6, 0.5]]","[61, 59, 25, 40]",0.7175240779891943,"[0.7704301075268817, 0.7731440402247856, 0.625, 0.499670836076366]",0.499670836076366,0.9209017988061532,,"[NaN, NaN, NaN, NaN]",,,
"{""run_name"": ""fedheart_exp_paper_hetagg_gdro"", ""seed"": 7, ""run_dir"": ""runs/fedheart_cv_lam0.1/ERM_s7_f1"", ""use_fedheart"": true, ""num_classes"": 2, ""stratified_batching"": true, ""train_frac"": 0.8, ""group_max_train_samples"": [null, null, 20, 25], ""true_hetero_input_dim"": true, ""feature_mask"": [[0, 1, 2, 3, 5, 6, 7, 8, 9, 10], [0, 1, 2, 3, 5, 6, 11, 12], [0, 1, 2, 4, 5, 7, 11, 12], [0, 1, 2, 4, 5, 6, 8, 9, 10]], ""batch_size"": 64, ""num_workers"": 0, ""epochs"": 100, ""early_stopping_patience"": 30, ""lr"": 0.001, ""weight_decay"": 0.0001, ""optimizer"": ""adam"", ""grad_clip"": 1.0, ""lr_scheduler"": ""cosine"", ""lr_min"": 1e-05, ""latent_dim"": 64, ""head_hidden"": 32, ""groups"": [{""name"": ""cleveland"", ""encoder"": ""mlp_tabular_ln"", ""input_dim"": 13, ""hidden_dim"": 64, ""dropout"": 0.1}, {""name"": ""hungarian"", ""encoder"": ""mlp_tabular_ln"", ""input_dim"": 13, ""hidden_dim"": 64, ""dropout"": 0.1}, {""name"": ""switzerland"", ""encoder"": ""mlp_tabular_ln"", ""input_dim"": 13, ""hidden_dim"": 64, ""dropout"": 0.1}, {""name"": ""va_long_beach"", ""encoder"": ""mlp_tabular_ln"", ""input_dim"": 13, ""hidden_dim"": 64, ""dropout"": 0.1}], ""anchor_eps"": 0.0001, ""sep_samples_per_class"": 4, ""sep_method"": ""classifier"", ""sep_margin"": 1.0, ""lambda_fit"": 0.001, ""lambda_sep"": 0.001, ""groupdro_enabled"": false, ""groupdro_eta"": 1.0, ""groupdro_gamma"": 0.9, ""groupdro_update_mode"": ""softmax"", ""groupdro_objective"": ""weighted"", ""groupdro_kl_lambda"": 0.0, ""groupdro_uniform_init"": true, ""log_interval"": 20, ""save_every"": 10, ""impute_missing"": true, ""common_encoder"": true, ""use_regret"": false, ""data_split_seed"": 1001}","{""num_groups"": 4, ""num_classes"": 2, ""train_total"": 522, ""test_total"": 185, ""train_group_counts"": [242, 235, 20, 25], ""test_group_counts"": [61, 59, 25, 40], ""train_class_counts"": [288, 234], ""test_class_counts"": [83, 102], ""train_group_class_counts"": [[131, 111], [150, 85], [0, 20], [7, 18]], ""test_group_class_counts"": [[33, 28], [38, 21], [2, 23], [10, 30]], ""group_proportions"": [0.46360153256704983, 0.4501915708812261, 0.038314176245210725, 0.04789272030651341]}",,2026-09-14T00:08:00.212307,23,0.38393060863018036,0.833984375,0.001,0.7243243243243244,0.7150382050569603,0.55,0.7796610169491526,"[0.7704918032786885, 0.7796610169491526, 0.76, 0.55]","[0.5146400799486236, 0.626871842906763, 0.6289143614098429, 0.9170362630859017]","[0.7228915662650602, 0.7254901960784313]","[[0.7272727272727273, 0.8214285714285714], [0.7368421052631579, 0.8571428571428571], [1.0, 0.7391304347826086], [0.6, 0.5333333333333333]]","[61, 59, 25, 40]",0.7227364894648681,"[0.7704301075268817, 0.7731440402247856, 0.625, 0.52]",0.52,0.9170362630859017,,"[NaN, NaN, NaN, NaN]",,,
"{""run_name"": ""fedheart_exp_paper_hetagg_gdro"", ""seed"": 7, ""run_dir"": ""runs/fedheart_cv_lam0.1/ERM_s7_f1"", ""use_fedheart"": true, ""num_classes"": 2, ""stratified_batching"": true, ""train_frac"": 0.8, ""group_max_train_samples"": [null, null, 20, 25], ""true_hetero_input_dim"": true, ""feature_mask"": [[0, 1, 2, 3, 5, 6, 7, 8, 9, 10], [0, 1, 2, 3, 5, 6, 11, 12], [0, 1, 2, 4, 5, 7, 11, 12], [0, 1, 2, 4, 5, 6, 8, 9, 10]], ""batch_size"": 64, ""num_workers"": 0, ""epochs"": 100, ""early_stopping_patience"": 30, ""lr"": 0.001, ""weight_decay"": 0.0001, ""optimizer"": ""adam"", ""grad_clip"": 1.0, ""lr_scheduler"": ""cosine"", ""lr_min"": 1e-05, ""latent_dim"": 64, ""head_hidden"": 32, ""groups"": [{""name"": ""cleveland"", ""encoder"": ""mlp_tabular_ln"", ""input_dim"": 13, ""hidden_dim"": 64, ""dropout"": 0.1}, {""name"": ""hungarian"", ""encoder"": ""mlp_tabular_ln"", ""input_dim"": 13, ""hidden_dim"": 64, ""dropout"": 0.1}, {""name"": ""switzerland"", ""encoder"": ""mlp_tabular_ln"", ""input_dim"": 13, ""hidden_dim"": 64, ""dropout"": 0.1}, {""name"": ""va_long_beach"", ""encoder"": ""mlp_tabular_ln"", ""input_dim"": 13, ""hidden_dim"": 64, ""dropout"": 0.1}], ""anchor_eps"": 0.0001, ""sep_samples_per_class"": 4, ""sep_method"": ""classifier"", ""sep_margin"": 1.0, ""lambda_fit"": 0.001, ""lambda_sep"": 0.001, ""groupdro_enabled"": false, ""groupdro_eta"": 1.0, ""groupdro_gamma"": 0.9, ""groupdro_update_mode"": ""softmax"", ""groupdro_objective"": ""weighted"", ""groupdro_kl_lambda"": 0.0, ""groupdro_uniform_init"": true, ""log_interval"": 20, ""save_every"": 10, ""impute_missing"": true, ""common_encoder"": true, ""use_regret"": false, ""data_split_seed"": 1001}","{""num_groups"": 4, ""num_classes"": 2, ""train_total"": 522, ""test_total"": 185, ""train_group_counts"": [242, 235, 20, 25], ""test_group_counts"": [61, 59, 25, 40], ""train_class_counts"": [288, 234], ""test_class_counts"": [83, 102], ""train_group_class_counts"": [[131, 111], [150, 85], [0, 20], [7, 18]], ""test_group_class_counts"": [[33, 28], [38, 21], [2, 23], [10, 30]], ""group_proportions"": [0.46360153256704983, 0.4501915708812261, 0.038314176245210725, 0.04789272030651341]}",,2026-09-14T00:08:00.212307,24,0.364539111033082,0.826171875,0.001,0.7243243243243244,0.7150382050569603,0.55,0.7796610169491526,"[0.7704918032786885, 0.7796610169491526, 0.76, 0.55]","[0.516894182190299, 0.6487027911579836, 0.6096976796165109, 0.892820758279413]","[0.7228915662650602, 0.7254901960784313]","[[0.7272727272727273, 0.8214285714285714], [0.7368421052631579, 0.8571428571428571], [1.0, 0.7391304347826086], [0.6, 0.5333333333333333]]","[61, 59, 25, 40]",0.7227364894648681,"[0.7704301075268817, 0.7731440402247856, 0.625, 0.52]",0.52,0.892820758279413,,"[NaN, NaN, NaN, NaN]",,,
"{""run_name"": ""fedheart_exp_paper_hetagg_gdro"", ""seed"": 7, ""run_dir"": ""runs/fedheart_cv_lam0.1/ERM_s7_f1"", ""use_fedheart"": true, ""num_classes"": 2, ""stratified_batching"": true, ""train_frac"": 0.8, ""group_max_train_samples"": [null, null, 20, 25], ""true_hetero_input_dim"": true, ""feature_mask"": [[0, 1, 2, 3, 5, 6, 7, 8, 9, 10], [0, 1, 2, 3, 5, 6, 11, 12], [0, 1, 2, 4, 5, 7, 11, 12], [0, 1, 2, 4, 5, 6, 8, 9, 10]], ""batch_size"": 64, ""num_workers"": 0, ""epochs"": 100, ""early_stopping_patience"": 30, ""lr"": 0.001, ""weight_decay"": 0.0001, ""optimizer"": ""adam"", ""grad_clip"": 1.0, ""lr_scheduler"": ""cosine"", ""lr_min"": 1e-05, ""latent_dim"": 64, ""head_hidden"": 32, ""groups"": [{""name"": ""cleveland"", ""encoder"": ""mlp_tabular_ln"", ""input_dim"": 13, ""hidden_dim"": 64, ""dropout"": 0.1}, {""name"": ""hungarian"", ""encoder"": ""mlp_tabular_ln"", ""input_dim"": 13, ""hidden_dim"": 64, ""dropout"": 0.1}, {""name"": ""switzerland"", ""encoder"": ""mlp_tabular_ln"", ""input_dim"": 13, ""hidden_dim"": 64, ""dropout"": 0.1}, {""name"": ""va_long_beach"", ""encoder"": ""mlp_tabular_ln"", ""input_dim"": 13, ""hidden_dim"": 64, ""dropout"": 0.1}], ""anchor_eps"": 0.0001, ""sep_samples_per_class"": 4, ""sep_method"": ""classifier"", ""sep_margin"": 1.0, ""lambda_fit"": 0.001, ""lambda_sep"": 0.001, ""groupdro_enabled"": false, ""groupdro_eta"": 1.0, ""groupdro_gamma"": 0.9, ""groupdro_update_mode"": ""softmax"", ""groupdro_objective"": ""weighted"", ""groupdro_kl_lambda"": 0.0, ""groupdro_uniform_init"": true, ""log_interval"": 20, ""save_every"": 10, ""impute_missing"": true, ""common_encoder"": true, ""use_regret"": false, ""data_split_seed"": 1001}","{""num_groups"": 4, ""num_classes"": 2, ""train_total"": 522, ""test_total"": 185, ""train_group_counts"": [242, 235, 20, 25], ""test_group_counts"": [61, 59, 25, 40], ""train_class_counts"": [288, 234], ""test_class_counts"": [83, 102], ""train_group_class_counts"": [[131, 111], [150, 85], [0, 20], [7, 18]], ""test_group_class_counts"": [[33, 28], [38, 21], [2, 23], [10, 30]], ""group_proportions"": [0.46360153256704983, 0.4501915708812261, 0.038314176245210725, 0.04789272030651341]}",,2026-09-14T00:08:00.212307,25,0.3739713616669178,0.8359375,0.001,0.7243243243243244,0.7171898444012226,0.575,0.7796610169491526,"[0.7540983606557377, 0.7796610169491526, 0.76, 0.575]","[0.5201542070937022, 0.6511837022292223, 0.6675561317242682, 0.9620700932689943]","[0.7349397590361446, 0.7156862745098039]","[[0.7272727272727273, 0.7857142857142857], [0.7368421052631579, 0.8571428571428571], [1.0, 0.7391304347826086], [0.7, 0.5333333333333333]]","[61, 59, 25, 40]",0.723159531703882,"[0.7538337368845844, 0.7731440402247856, 0.625, 0.5523370638578012]",0.5523370638578012,0.9620700932689943,,"[NaN, NaN, NaN, NaN]",,,
"{""run_name"": ""fedheart_exp_paper_hetagg_gdro"", ""seed"": 7, ""run_dir"": ""runs/fedheart_cv_lam0.1/ERM_s7_f1"", ""use_fedheart"": true, ""num_classes"": 2, ""stratified_batching"": true, ""train_frac"": 0.8, ""group_max_train_samples"": [null, null, 20, 25], ""true_hetero_input_dim"": true, ""feature_mask"": [[0, 1, 2, 3, 5, 6, 7, 8, 9, 10], [0, 1, 2, 3, 5, 6, 11, 12], [0, 1, 2, 4, 5, 7, 11, 12], [0, 1, 2, 4, 5, 6, 8, 9, 10]], ""batch_size"": 64, ""num_workers"": 0, ""epochs"": 100, ""early_stopping_patience"": 30, ""lr"": 0.001, ""weight_decay"": 0.0001, ""optimizer"": ""adam"", ""grad_clip"": 1.0, ""lr_scheduler"": ""cosine"", ""lr_min"": 1e-05, ""latent_dim"": 64, ""head_hidden"": 32, ""groups"": [{""name"": ""cleveland"", ""encoder"": ""mlp_tabular_ln"", ""input_dim"": 13, ""hidden_dim"": 64, ""dropout"": 0.1}, {""name"": ""hungarian"", ""encoder"": ""mlp_tabular_ln"", ""input_dim"": 13, ""hidden_dim"": 64, ""dropout"": 0.1}, {""name"": ""switzerland"", ""encoder"": ""mlp_tabular_ln"", ""input_dim"": 13, ""hidden_dim"": 64, ""dropout"": 0.1}, {""name"": ""va_long_beach"", ""encoder"": ""mlp_tabular_ln"", ""input_dim"": 13, ""hidden_dim"": 64, ""dropout"": 0.1}], ""anchor_eps"": 0.0001, ""sep_samples_per_class"": 4, ""sep_method"": ""classifier"", ""sep_margin"": 1.0, ""lambda_fit"": 0.001, ""lambda_sep"": 0.001, ""groupdro_enabled"": false, ""groupdro_eta"": 1.0, ""groupdro_gamma"": 0.9, ""groupdro_update_mode"": ""softmax"", ""groupdro_objective"": ""weighted"", ""groupdro_kl_lambda"": 0.0, ""groupdro_uniform_init"": true, ""log_interval"": 20, ""save_every"": 10, ""impute_missing"": true, ""common_encoder"": true, ""use_regret"": false, ""data_split_seed"": 1001}","{""num_groups"": 4, ""num_classes"": 2, ""train_total"": 522, ""test_total"": 185, ""train_group_counts"": [242, 235, 20, 25], ""test_group_counts"": [61, 59, 25, 40], ""train_class_counts"": [288, 234], ""test_class_counts"": [83, 102], ""train_group_class_counts"": [[131, 111], [150, 85], [0, 20], [7, 18]], ""test_group_class_counts"": [[33, 28], [38, 21], [2, 23], [10, 30]], ""group_proportions"": [0.46360153256704983, 0.4501915708812261, 0.038314176245210725, 0.04789272030651341]}",,2026-09-14T00:08:00.212307,26,0.3470227364450693,0.845703125,0.001,0.7027027027027027,0.6963541956098916,0.525,0.7627118644067796,"[0.7377049180327869, 0.7627118644067796, 0.76, 0.525]","[0.5511486648971246, 0.6633295499901208, 0.6842661590874195, 0.989054790220689]","[0.6987951807228916, 0.7058823529411765]","[[0.696969696969697, 0.7857142857142857], [0.7105263157894737, 0.8571428571428571], [1.0, 0.7391304347826086], [0.6, 0.5]]","[61, 59, 25, 40]",0.7009903317758382,"[0.7376344086021506, 0.7570588235294118, 0.625, 0.499670836076366]",0.499670836076366,0.989054790220689,,"[NaN, NaN, NaN, NaN]",,,
"{""run_name"": ""fedheart_exp_paper_hetagg_gdro"", ""seed"": 7, ""run_dir"": ""runs/fedheart_cv_lam0.1/ERM_s7_f1"", ""use_fedheart"": true, ""num_classes"": 2, ""stratified_batching"": true, ""train_frac"": 0.8, ""group_max_train_samples"": [null, null, 20, 25], ""true_hetero_input_dim"": true, ""feature_mask"": [[0, 1, 2, 3, 5, 6, 7, 8, 9, 10], [0, 1, 2, 3, 5, 6, 11, 12], [0, 1, 2, 4, 5, 7, 11, 12], [0, 1, 2, 4, 5, 6, 8, 9, 10]], ""batch_size"": 64, ""num_workers"": 0, ""epochs"": 100, ""early_stopping_patience"": 30, ""lr"": 0.001, ""weight_decay"": 0.0001, ""optimizer"": ""adam"", ""grad_clip"": 1.0, ""lr_scheduler"": ""cosine"", ""lr_min"": 1e-05, ""latent_dim"": 64, ""head_hidden"": 32, ""groups"": [{""name"": ""cleveland"", ""encoder"": ""mlp_tabular_ln"", ""input_dim"": 13, ""hidden_dim"": 64, ""dropout"": 0.1}, {""name"": ""hungarian"", ""encoder"": ""mlp_tabular_ln"", ""input_dim"": 13, ""hidden_dim"": 64, ""dropout"": 0.1}, {""name"": ""switzerland"", ""encoder"": ""mlp_tabular_ln"", ""input_dim"": 13, ""hidden_dim"": 64, ""dropout"": 0.1}, {""name"": ""va_long_beach"", ""encoder"": ""mlp_tabular_ln"", ""input_dim"": 13, ""hidden_dim"": 64, ""dropout"": 0.1}], ""anchor_eps"": 0.0001, ""sep_samples_per_class"": 4, ""sep_method"": ""classifier"", ""sep_margin"": 1.0, ""lambda_fit"": 0.001, ""lambda_sep"": 0.001, ""groupdro_enabled"": false, ""groupdro_eta"": 1.0, ""groupdro_gamma"": 0.9, ""groupdro_update_mode"": ""softmax"", ""groupdro_objective"": ""weighted"", ""groupdro_kl_lambda"": 0.0, ""groupdro_uniform_init"": true, ""log_interval"": 20, ""save_every"": 10, ""impute_missing"": true, ""common_encoder"": true, ""use_regret"": false, ""data_split_seed"": 1001}","{""num_groups"": 4, ""num_classes"": 2, ""train_total"": 522, ""test_total"": 185, ""train_group_counts"": [242, 235, 20, 25], ""test_group_counts"": [61, 59, 25, 40], ""train_class_counts"": [288, 234], ""test_class_counts"": [83, 102], ""train_group_class_counts"": [[131, 111], [150, 85], [0, 20], [7, 18]], ""test_group_class_counts"": [[33, 28], [38, 21], [2, 23], [10, 30]], ""group_proportions"": [0.46360153256704983, 0.4501915708812261, 0.038314176245210725, 0.04789272030651341]}",,2026-09-14T00:08:00.212307,27,0.360956359654665,0.85546875,0.001,0.7135135135135136,0.7067025562656293,0.55,0.7627118644067796,"[0.7540983606557377, 0.7627118644067796, 0.76, 0.55]","[0.5727495826154825, 0.6946766783238657, 0.658529187478125, 0.9711993693956174]","[0.6987951807228916, 0.7254901960784313]","[[0.696969696969697, 0.8214285714285714], [0.7105263157894737, 0.8571428571428571], [1.0, 0.7391304347826086], [0.6, 0.5333333333333333]]","[61, 59, 25, 40]",0.7113544702522888,"[0.7540983606557378, 0.7570588235294118, 0.625, 0.52]",0.52,0.9711993693956174,,"[NaN, NaN, NaN, NaN]",,,
"{""run_name"": ""fedheart_exp_paper_hetagg_gdro"", ""seed"": 7, ""run_dir"": ""runs/fedheart_cv_lam0.1/ERM_s7_f1"", ""use_fedheart"": true, ""num_classes"": 2, ""stratified_batching"": true, ""train_frac"": 0.8, ""group_max_train_samples"": [null, null, 20, 25], ""true_hetero_input_dim"": true, ""feature_mask"": [[0, 1, 2, 3, 5, 6, 7, 8, 9, 10], [0, 1, 2, 3, 5, 6, 11, 12], [0, 1, 2, 4, 5, 7, 11, 12], [0, 1, 2, 4, 5, 6, 8, 9, 10]], ""batch_size"": 64, ""num_workers"": 0, ""epochs"": 100, ""early_stopping_patience"": 30, ""lr"": 0.001, ""weight_decay"": 0.0001, ""optimizer"": ""adam"", ""grad_clip"": 1.0, ""lr_scheduler"": ""cosine"", ""lr_min"": 1e-05, ""latent_dim"": 64, ""head_hidden"": 32, ""groups"": [{""name"": ""cleveland"", ""encoder"": ""mlp_tabular_ln"", ""input_dim"": 13, ""hidden_dim"": 64, ""dropout"": 0.1}, {""name"": ""hungarian"", ""encoder"": ""mlp_tabular_ln"", ""input_dim"": 13, ""hidden_dim"": 64, ""dropout"": 0.1}, {""name"": ""switzerland"", ""encoder"": ""mlp_tabular_ln"", ""input_dim"": 13, ""hidden_dim"": 64, ""dropout"": 0.1}, {""name"": ""va_long_beach"", ""encoder"": ""mlp_tabular_ln"", ""input_dim"": 13, ""hidden_dim"": 64, ""dropout"": 0.1}], ""anchor_eps"": 0.0001, ""sep_samples_per_class"": 4, ""sep_method"": ""classifier"", ""sep_margin"": 1.0, ""lambda_fit"": 0.001, ""lambda_sep"": 0.001, ""groupdro_enabled"": false, ""groupdro_eta"": 1.0, ""groupdro_gamma"": 0.9, ""groupdro_update_mode"": ""softmax"", ""groupdro_objective"": ""weighted"", ""groupdro_kl_lambda"": 0.0, ""groupdro_uniform_init"": true, ""log_interval"": 20, ""save_every"": 10, ""impute_missing"": true, ""common_encoder"": true, ""use_regret"": false, ""data_split_seed"": 1001}","{""num_groups"": 4, ""num_classes"": 2, ""train_total"": 522, ""test_total"": 185, ""train_group_counts"": [242, 235, 20, 25], ""test_group_counts"": [61, 59, 25, 40], ""train_class_counts"": [288, 234], ""test_class_counts"": [83, 102], ""train_group_class_counts"": [[131, 111], [150, 85], [0, 20], [7, 18]], ""test_group_class_counts"": [[33, 28], [38, 21], [2, 23], [10, 30]], ""group_proportions"": [0.46360153256704983, 0.4501915708812261, 0.038314176245210725, 0.04789272030651341]}",,2026-09-14T00:08:00.212307,28,0.36475425958633423,0.849609375,0.001,0.6918918918918919,0.6920439705473742,0.575,0.76,"[0.7213114754098361, 0.711864406779661, 0.76, 0.575]","[0.593367700632967, 0.7609486785851483, 0.537319963350892, 0.8802272825036198]","[0.6385542168674698, 0.7352941176470589]","[[0.6363636363636364, 0.8214285714285714], [0.631578947368421, 0.8571428571428571], [1.0, 0.7391304347826086], [0.6, 0.5666666666666667]]","[61, 59, 25, 40]",0.6874722148128389,"[0.7210115684691955, 0.7088534107402031, 0.625, 0.5402298850574713]",0.5402298850574713,0.8802272825036198,,"[NaN, NaN, NaN, NaN]",,,
"{""run_name"": ""fedheart_exp_paper_hetagg_gdro"", ""seed"": 7, ""run_dir"": ""runs/fedheart_cv_lam0.1/ERM_s7_f1"", ""use_fedheart"": true, ""num_classes"": 2, ""stratified_batching"": true, ""train_frac"": 0.8, ""group_max_train_samples"": [null, null, 20, 25], ""true_hetero_input_dim"": true, ""feature_mask"": [[0, 1, 2, 3, 5, 6, 7, 8, 9, 10], [0, 1, 2, 3, 5, 6, 11, 12], [0, 1, 2, 4, 5, 7, 11, 12], [0, 1, 2, 4, 5, 6, 8, 9, 10]], ""batch_size"": 64, ""num_workers"": 0, ""epochs"": 100, ""early_stopping_patience"": 30, ""lr"": 0.001, ""weight_decay"": 0.0001, ""optimizer"": ""adam"", ""grad_clip"": 1.0, ""lr_scheduler"": ""cosine"", ""lr_min"": 1e-05, ""latent_dim"": 64, ""head_hidden"": 32, ""groups"": [{""name"": ""cleveland"", ""encoder"": ""mlp_tabular_ln"", ""input_dim"": 13, ""hidden_dim"": 64, ""dropout"": 0.1}, {""name"": ""hungarian"", ""encoder"": ""mlp_tabular_ln"", ""input_dim"": 13, ""hidden_dim"": 64, ""dropout"": 0.1}, {""name"": ""switzerland"", ""encoder"": ""mlp_tabular_ln"", ""input_dim"": 13, ""hidden_dim"": 64, ""dropout"": 0.1}, {""name"": ""va_long_beach"", ""encoder"": ""mlp_tabular_ln"", ""input_dim"": 13, ""hidden_dim"": 64, ""dropout"": 0.1}], ""anchor_eps"": 0.0001, ""sep_samples_per_class"": 4, ""sep_method"": ""classifier"", ""sep_margin"": 1.0, ""lambda_fit"": 0.001, ""lambda_sep"": 0.001, ""groupdro_enabled"": false, ""groupdro_eta"": 1.0, ""groupdro_gamma"": 0.9, ""groupdro_update_mode"": ""softmax"", ""groupdro_objective"": ""weighted"", ""groupdro_kl_lambda"": 0.0, ""groupdro_uniform_init"": true, ""log_interval"": 20, ""save_every"": 10, ""impute_missing"": true, ""common_encoder"": true, ""use_regret"": false, ""data_split_seed"": 1001}","{""num_groups"": 4, ""num_classes"": 2, ""train_total"": 522, ""test_total"": 185, ""train_group_counts"": [242, 235, 20, 25], ""test_group_counts"": [61, 59, 25, 40], ""train_class_counts"": [288, 234], ""test_class_counts"": [83, 102], ""train_group_class_counts"": [[131, 111], [150, 85], [0, 20], [7, 18]], ""test_group_class_counts"": [[33, 28], [38, 21], [2, 23], [10, 30]], ""group_proportions"": [0.46360153256704983, 0.4501915708812261, 0.038314176245210725, 0.04789272030651341]}",,2026-09-14T00:08:00.212307,29,0.3510000482201576,0.845703125,0.001,0.7081081081081081,0.7024652681300361,0.55,0.76,"[0.7540983606557377, 0.7457627118644068, 0.76, 0.55]","[0.567649767089055, 0.7129798134181143, 0.6426276624388992, 1.0518518583383412]","[0.6867469879518072, 0.7254901960784313]","[[0.696969696969697, 0.8214285714285714], [0.6842105263157895, 0.8571428571428571], [1.0, 0.7391304347826086], [0.6, 0.5333333333333333]]","[61, 59, 25, 40]",0.7056223479490806,"[0.7540983606557378, 0.7410008779631255, 0.625, 0.52]",0.52,1.0518518583383412,,"[NaN, NaN, NaN, NaN]",,,
"{""run_name"": ""fedheart_exp_paper_hetagg_gdro"", ""seed"": 7, ""run_dir"": ""runs/fedheart_cv_lam0.1/ERM_s7_f1"", ""use_fedheart"": true, ""num_classes"": 2, ""stratified_batching"": true, ""train_frac"": 0.8, ""group_max_train_samples"": [null, null, 20, 25], ""true_hetero_input_dim"": true, ""feature_mask"": [[0, 1, 2, 3, 5, 6, 7, 8, 9, 10], [0, 1, 2, 3, 5, 6, 11, 12], [0, 1, 2, 4, 5, 7, 11, 12], [0, 1, 2, 4, 5, 6, 8, 9, 10]], ""batch_size"": 64, ""num_workers"": 0, ""epochs"": 100, ""early_stopping_patience"": 30, ""lr"": 0.001, ""weight_decay"": 0.0001, ""optimizer"": ""adam"", ""grad_clip"": 1.0, ""lr_scheduler"": ""cosine"", ""lr_min"": 1e-05, ""latent_dim"": 64, ""head_hidden"": 32, ""groups"": [{""name"": ""cleveland"", ""encoder"": ""mlp_tabular_ln"", ""input_dim"": 13, ""hidden_dim"": 64, ""dropout"": 0.1}, {""name"": ""hungarian"", ""encoder"": ""mlp_tabular_ln"", ""input_dim"": 13, ""hidden_dim"": 64, ""dropout"": 0.1}, {""name"": ""switzerland"", ""encoder"": ""mlp_tabular_ln"", ""input_dim"": 13, ""hidden_dim"": 64, ""dropout"": 0.1}, {""name"": ""va_long_beach"", ""encoder"": ""mlp_tabular_ln"", ""input_dim"": 13, ""hidden_dim"": 64, ""dropout"": 0.1}], ""anchor_eps"": 0.0001, ""sep_samples_per_class"": 4, ""sep_method"": ""classifier"", ""sep_margin"": 1.0, ""lambda_fit"": 0.001, ""lambda_sep"": 0.001, ""groupdro_enabled"": false, ""groupdro_eta"": 1.0, ""groupdro_gamma"": 0.9, ""groupdro_update_mode"": ""softmax"", ""groupdro_objective"": ""weighted"", ""groupdro_kl_lambda"": 0.0, ""groupdro_uniform_init"": true, ""log_interval"": 20, ""save_every"": 10, ""impute_missing"": true, ""common_encoder"": true, ""use_regret"": false, ""data_split_seed"": 1001}","{""num_groups"": 4, ""num_classes"": 2, ""train_total"": 522, ""test_total"": 185, ""train_group_counts"": [242, 235, 20, 25], ""test_group_counts"": [61, 59, 25, 40], ""train_class_counts"": [288, 234], ""test_class_counts"": [83, 102], ""train_group_class_counts"": [[131, 111], [150, 85], [0, 20], [7, 18]], ""test_group_class_counts"": [[33, 28], [38, 21], [2, 23], [10, 30]], ""group_proportions"": [0.46360153256704983, 0.4501915708812261, 0.038314176245210725, 0.04789272030651341]}",,2026-09-14T00:08:00.212307,30,0.3545635025948286,0.857421875,0.001,0.7027027027027027,0.7041296193387052,0.55,0.8,"[0.7377049180327869, 0.7288135593220338, 0.8, 0.55]","[0.5966558932502312, 0.7587764594325069, 0.5446787096001208, 0.9052007250720635]","[0.6626506024096386, 0.7352941176470589]","[[0.6666666666666666, 0.8214285714285714], [0.6578947368421053, 0.8571428571428571], [1.0, 0.782608695652174], [0.6, 0.5333333333333333]]","[61, 59, 25, 40]",0.6991869918699187,"[0.7376344086021505, 0.7249417249417249, 0.6612466124661247, 0.52]",0.52,0.9052007250720635,,"[NaN, NaN, NaN, NaN]",,,
"{""run_name"": ""fedheart_exp_paper_hetagg_gdro"", ""seed"": 7, ""run_dir"": ""runs/fedheart_cv_lam0.1/ERM_s7_f1"", ""use_fedheart"": true, ""num_classes"": 2, ""stratified_batching"": true, ""train_frac"": 0.8, ""group_max_train_samples"": [null, null, 20, 25], ""true_hetero_input_dim"": true, ""feature_mask"": [[0, 1, 2, 3, 5, 6, 7, 8, 9, 10], [0, 1, 2, 3, 5, 6, 11, 12], [0, 1, 2, 4, 5, 7, 11, 12], [0, 1, 2, 4, 5, 6, 8, 9, 10]], ""batch_size"": 64, ""num_workers"": 0, ""epochs"": 100, ""early_stopping_patience"": 30, ""lr"": 0.001, ""weight_decay"": 0.0001, ""optimizer"": ""adam"", ""grad_clip"": 1.0, ""lr_scheduler"": ""cosine"", ""lr_min"": 1e-05, ""latent_dim"": 64, ""head_hidden"": 32, ""groups"": [{""name"": ""cleveland"", ""encoder"": ""mlp_tabular_ln"", ""input_dim"": 13, ""hidden_dim"": 64, ""dropout"": 0.1}, {""name"": ""hungarian"", ""encoder"": ""mlp_tabular_ln"", ""input_dim"": 13, ""hidden_dim"": 64, ""dropout"": 0.1}, {""name"": ""switzerland"", ""encoder"": ""mlp_tabular_ln"", ""input_dim"": 13, ""hidden_dim"": 64, ""dropout"": 0.1}, {""name"": ""va_long_beach"", ""encoder"": ""mlp_tabular_ln"", ""input_dim"": 13, ""hidden_dim"": 64, ""dropout"": 0.1}], ""anchor_eps"": 0.0001, ""sep_samples_per_class"": 4, ""sep_method"": ""classifier"", ""sep_margin"": 1.0, ""lambda_fit"": 0.001, ""lambda_sep"": 0.001, ""groupdro_enabled"": false, ""groupdro_eta"": 1.0, ""groupdro_gamma"": 0.9, ""groupdro_update_mode"": ""softmax"", ""groupdro_objective"": ""weighted"", ""groupdro_kl_lambda"": 0.0, ""groupdro_uniform_init"": true, ""log_interval"": 20, ""save_every"": 10, ""impute_missing"": true, ""common_encoder"": true, ""use_regret"": false, ""data_split_seed"": 1001}","{""num_groups"": 4, ""num_classes"": 2, ""train_total"": 522, ""test_total"": 185, ""train_group_counts"": [242, 235, 20, 25], ""test_group_counts"": [61, 59, 25, 40], ""train_class_counts"": [288, 234], ""test_class_counts"": [83, 102], ""train_group_class_counts"": [[131, 111], [150, 85], [0, 20], [7, 18]], ""test_group_class_counts"": [[33, 28], [38, 21], [2, 23], [10, 30]], ""group_proportions"": [0.46360153256704983, 0.4501915708812261, 0.038314176245210725, 0.04789272030651341]}",,2026-09-14T00:08:00.212307,31,0.37241535633802414,0.833984375,0.001,0.7027027027027027,0.6983669074742984,0.55,0.76,"[0.7377049180327869, 0.7457627118644068, 0.76, 0.55]","[0.6018453466087641, 0.7572948863429917, 0.5603880304191261, 0.9126639320980757]","[0.6746987951807228, 0.7254901960784313]","[[0.6666666666666666, 0.8214285714285714], [0.6842105263157895, 0.8571428571428571], [1.0, 0.7391304347826086], [0.6, 0.5333333333333333]]","[61, 59, 25, 40]",0.6998613610217987,"[0.7376344086021505, 0.7410008779631255, 0.625, 0.52]",0.52,0.9126639320980757,,"[NaN, NaN, NaN, NaN]",,,
"{""run_name"": ""fedheart_exp_paper_hetagg_gdro"", ""seed"": 7, ""run_dir"": ""runs/fedheart_cv_lam0.1/ERM_s7_f1"", ""use_fedheart"": true, ""num_classes"": 2, ""stratified_batching"": true, ""train_frac"": 0.8, ""group_max_train_samples"": [null, null, 20, 25], ""true_hetero_input_dim"": true, ""feature_mask"": [[0, 1, 2, 3, 5, 6, 7, 8, 9, 10], [0, 1, 2, 3, 5, 6, 11, 12], [0, 1, 2, 4, 5, 7, 11, 12], [0, 1, 2, 4, 5, 6, 8, 9, 10]], ""batch_size"": 64, ""num_workers"": 0, ""epochs"": 100, ""early_stopping_patience"": 30, ""lr"": 0.001, ""weight_decay"": 0.0001, ""optimizer"": ""adam"", ""grad_clip"": 1.0, ""lr_scheduler"": ""cosine"", ""lr_min"": 1e-05, ""latent_dim"": 64, ""head_hidden"": 32, ""groups"": [{""name"": ""cleveland"", ""encoder"": ""mlp_tabular_ln"", ""input_dim"": 13, ""hidden_dim"": 64, ""dropout"": 0.1}, {""name"": ""hungarian"", ""encoder"": ""mlp_tabular_ln"", ""input_dim"": 13, ""hidden_dim"": 64, ""dropout"": 0.1}, {""name"": ""switzerland"", ""encoder"": ""mlp_tabular_ln"", ""input_dim"": 13, ""hidden_dim"": 64, ""dropout"": 0.1}, {""name"": ""va_long_beach"", ""encoder"": ""mlp_tabular_ln"", ""input_dim"": 13, ""hidden_dim"": 64, ""dropout"": 0.1}], ""anchor_eps"": 0.0001, ""sep_samples_per_class"": 4, ""sep_method"": ""classifier"", ""sep_margin"": 1.0, ""lambda_fit"": 0.001, ""lambda_sep"": 0.001, ""groupdro_enabled"": false, ""groupdro_eta"": 1.0, ""groupdro_gamma"": 0.9, ""groupdro_update_mode"": ""softmax"", ""groupdro_objective"": ""weighted"", ""groupdro_kl_lambda"": 0.0, ""groupdro_uniform_init"": true, ""log_interval"": 20, ""save_every"": 10, ""impute_missing"": true, ""common_encoder"": true, ""use_regret"": false, ""data_split_seed"": 1001}","{""num_groups"": 4, ""num_classes"": 2, ""train_total"": 522, ""test_total"": 185, ""train_group_counts"": [242, 235, 20, 25], ""test_group_counts"": [61, 59, 25, 40], ""train_class_counts"": [288, 234], ""test_class_counts"": [83, 102], ""train_group_class_counts"": [[131, 111], [150, 85], [0, 20], [7, 18]], ""test_group_class_counts"": [[33, 28], [38, 21], [2, 23], [10, 30]], ""group_proportions"": [0.46360153256704983, 0.4501915708812261, 0.038314176245210725, 0.04789272030651341]}",,2026-09-14T00:08:00.212307,32,0.3793797716498375,0.84765625,0.001,0.7135135135135136,0.7067025562656293,0.55,0.7627118644067796,"[0.7540983606557377, 0.7627118644067796, 0.76, 0.55]","[0.59258181139155, 0.7350045895574898, 0.6081674914620817, 0.9938123714411631]","[0.6987951807228916, 0.7254901960784313]","[[0.696969696969697, 0.8214285714285714], [0.7105263157894737, 0.8571428571428571], [1.0, 0.7391304347826086], [0.6, 0.5333333333333333]]","[61, 59, 25, 40]",0.7113544702522888,"[0.7540983606557378, 0.7570588235294118, 0.625, 0.52]",0.52,0.9938123714411631,,"[NaN, NaN, NaN, NaN]",,,
"{""run_name"": ""fedheart_exp_paper_hetagg_gdro"", ""seed"": 7, ""run_dir"": ""runs/fedheart_cv_lam0.1/ERM_s7_f1"", ""use_fedheart"": true, ""num_classes"": 2, ""stratified_batching"": true, ""train_frac"": 0.8, ""group_max_train_samples"": [null, null, 20, 25], ""true_hetero_input_dim"": true, ""feature_mask"": [[0, 1, 2, 3, 5, 6, 7, 8, 9, 10], [0, 1, 2, 3, 5, 6, 11, 12], [0, 1, 2, 4, 5, 7, 11, 12], [0, 1, 2, 4, 5, 6, 8, 9, 10]], ""batch_size"": 64, ""num_workers"": 0, ""epochs"": 100, ""early_stopping_patience"": 30, ""lr"": 0.001, ""weight_decay"": 0.0001, ""optimizer"": ""adam"", ""grad_clip"": 1.0, ""lr_scheduler"": ""cosine"", ""lr_min"": 1e-05, ""latent_dim"": 64, ""head_hidden"": 32, ""groups"": [{""name"": ""cleveland"", ""encoder"": ""mlp_tabular_ln"", ""input_dim"": 13, ""hidden_dim"": 64, ""dropout"": 0.1}, {""name"": ""hungarian"", ""encoder"": ""mlp_tabular_ln"", ""input_dim"": 13, ""hidden_dim"": 64, ""dropout"": 0.1}, {""name"": ""switzerland"", ""encoder"": ""mlp_tabular_ln"", ""input_dim"": 13, ""hidden_dim"": 64, ""dropout"": 0.1}, {""name"": ""va_long_beach"", ""encoder"": ""mlp_tabular_ln"", ""input_dim"": 13, ""hidden_dim"": 64, ""dropout"": 0.1}], ""anchor_eps"": 0.0001, ""sep_samples_per_class"": 4, ""sep_method"": ""classifier"", ""sep_margin"": 1.0, ""lambda_fit"": 0.001, ""lambda_sep"": 0.001, ""groupdro_enabled"": false, ""groupdro_eta"": 1.0, ""groupdro_gamma"": 0.9, ""groupdro_update_mode"": ""softmax"", ""groupdro_objective"": ""weighted"", ""groupdro_kl_lambda"": 0.0, ""groupdro_uniform_init"": true, ""log_interval"": 20, ""save_every"": 10, ""impute_missing"": true, ""common_encoder"": true, ""use_regret"": false, ""data_split_seed"": 1001}","{""num_groups"": 4, ""num_classes"": 2, ""train_total"": 522, ""test_total"": 185, ""train_group_counts"": [242, 235, 20, 25], ""test_group_counts"": [61, 59, 25, 40], ""train_class_counts"": [288, 234], ""test_class_counts"": [83, 102], ""train_group_class_counts"": [[131, 111], [150, 85], [0, 20], [7, 18]], ""test_group_class_counts"": [[33, 28], [38, 21], [2, 23], [10, 30]], ""group_proportions"": [0.46360153256704983, 0.4501915708812261, 0.038314176245210725, 0.04789272030651341]}",,2026-09-14T00:08:00.212307,33,0.34410834312438965,0.865234375,0.001,0.7081081081081081,0.7046169074742984,0.575,0.76,"[0.7377049180327869, 0.7457627118644068, 0.76, 0.575]","[0.598862248965249, 0.7490951851823257, 0.5863316307030618, 0.9332171550369821]","[0.6746987951807228, 0.7352941176470589]","[[0.6666666666666666, 0.8214285714285714], [0.6842105263157895, 0.8571428571428571], [1.0, 0.7391304347826086], [0.6, 0.5666666666666667]]","[61, 59, 25, 40]",0.7049964564138909,"[0.7376344086021505, 0.7410008779631255, 0.625, 0.5402298850574713]",0.5402298850574713,0.9332171550369821,,"[NaN, NaN, NaN, NaN]",,,
"{""run_name"": ""fedheart_exp_paper_hetagg_gdro"", ""seed"": 7, ""run_dir"": ""runs/fedheart_cv_lam0.1/ERM_s7_f1"", ""use_fedheart"": true, ""num_classes"": 2, ""stratified_batching"": true, ""train_frac"": 0.8, ""group_max_train_samples"": [null, null, 20, 25], ""true_hetero_input_dim"": true, ""feature_mask"": [[0, 1, 2, 3, 5, 6, 7, 8, 9, 10], [0, 1, 2, 3, 5, 6, 11, 12], [0, 1, 2, 4, 5, 7, 11, 12], [0, 1, 2, 4, 5, 6, 8, 9, 10]], ""batch_size"": 64, ""num_workers"": 0, ""epochs"": 100, ""early_stopping_patience"": 30, ""lr"": 0.001, ""weight_decay"": 0.0001, ""optimizer"": ""adam"", ""grad_clip"": 1.0, ""lr_scheduler"": ""cosine"", ""lr_min"": 1e-05, ""latent_dim"": 64, ""head_hidden"": 32, ""groups"": [{""name"": ""cleveland"", ""encoder"": ""mlp_tabular_ln"", ""input_dim"": 13, ""hidden_dim"": 64, ""dropout"": 0.1}, {""name"": ""hungarian"", ""encoder"": ""mlp_tabular_ln"", ""input_dim"": 13, ""hidden_dim"": 64, ""dropout"": 0.1}, {""name"": ""switzerland"", ""encoder"": ""mlp_tabular_ln"", ""input_dim"": 13, ""hidden_dim"": 64, ""dropout"": 0.1}, {""name"": ""va_long_beach"", ""encoder"": ""mlp_tabular_ln"", ""input_dim"": 13, ""hidden_dim"": 64, ""dropout"": 0.1}], ""anchor_eps"": 0.0001, ""sep_samples_per_class"": 4, ""sep_method"": ""classifier"", ""sep_margin"": 1.0, ""lambda_fit"": 0.001, ""lambda_sep"": 0.001, ""groupdro_enabled"": false, ""groupdro_eta"": 1.0, ""groupdro_gamma"": 0.9, ""groupdro_update_mode"": ""softmax"", ""groupdro_objective"": ""weighted"", ""groupdro_kl_lambda"": 0.0, ""groupdro_uniform_init"": true, ""log_interval"": 20, ""save_every"": 10, ""impute_missing"": true, ""common_encoder"": true, ""use_regret"": false, ""data_split_seed"": 1001}","{""num_groups"": 4, ""num_classes"": 2, ""train_total"": 522, ""test_total"": 185, ""train_group_counts"": [242, 235, 20, 25], ""test_group_counts"": [61, 59, 25, 40], ""train_class_counts"": [288, 234], ""test_class_counts"": [83, 102], ""train_group_class_counts"": [[131, 111], [150, 85], [0, 20], [7, 18]], ""test_group_class_counts"": [[33, 28], [38, 21], [2, 23], [10, 30]], ""group_proportions"": [0.46360153256704983, 0.4501915708812261, 0.038314176245210725, 0.04789272030651341]}",,2026-09-14T00:08:00.212307,34,0.31163613125681877,0.880859375,0.001,0.7135135135135136,0.7146169074742984,0.575,0.8,"[0.7377049180327869, 0.7457627118644068, 0.8, 0.575]","[0.6292706133080188, 0.7867824361912148, 0.593205454396084, 0.9739270185353235]","[0.6746987951807228, 0.7450980392156863]","[[0.6666666666666666, 0.8214285714285714], [0.6842105263157895, 0.8571428571428571], [1.0, 0.782608695652174], [0.6, 0.5666666666666667]]","[61, 59, 25, 40]",0.7101256467110125,"[0.7376344086021505, 0.7410008779631255, 0.6612466124661247, 0.5402298850574713]",0.5402298850574713,0.9739270185353235,,"[NaN, NaN, NaN, NaN]",,,
