config,dataset_info,groupdro_config,start_time,epoch,train_loss,train_acc,learning_rate,test_overall_acc,test_balanced_acc,test_worst_group_acc,test_best_group_acc,test_per_group_acc,test_per_group_loss,test_per_class_acc,test_per_group_per_class_acc,test_per_group_counts,test_overall_macro_f1,test_per_group_f1,test_worst_group_f1,test_worst_group_loss,groupdro_weights,groupdro_pi,groupdro_kl_penalty
"{""run_name"": ""fedheart_exp_paper_hetagg_gdro"", ""seed"": 22, ""run_dir"": ""runs/fedheart_cv/PerGroupOnly_s22_f1"", ""use_fedheart"": true, ""num_classes"": 2, ""stratified_batching"": true, ""train_frac"": 0.8, ""group_max_train_samples"": [null, null, 20, 25], ""true_hetero_input_dim"": true, ""feature_mask"": [[0, 1, 2, 3, 5, 6, 7, 8, 9, 10], [0, 1, 2, 3, 5, 6, 11, 12], [0, 1, 2, 4, 5, 7, 11, 12], [0, 1, 2, 4, 5, 6, 8, 9, 10]], ""batch_size"": 64, ""num_workers"": 0, ""epochs"": 100, ""early_stopping_patience"": 30, ""lr"": 0.001, ""weight_decay"": 0.0001, ""optimizer"": ""adam"", ""grad_clip"": 1.0, ""lr_scheduler"": ""cosine"", ""lr_min"": 1e-05, ""latent_dim"": 64, ""head_hidden"": 32, ""groups"": [{""name"": ""cleveland"", ""encoder"": ""mlp_tabular_ln"", ""input_dim"": 10, ""hidden_dim"": 64, ""dropout"": 0.1}, {""name"": ""hungarian"", ""encoder"": ""mlp_tabular_ln"", ""input_dim"": 8, ""hidden_dim"": 64, ""dropout"": 0.1}, {""name"": ""switzerland"", ""encoder"": ""mlp_tabular_ln"", ""input_dim"": 8, ""hidden_dim"": 64, ""dropout"": 0.1}, {""name"": ""va_long_beach"", ""encoder"": ""mlp_tabular_ln"", ""input_dim"": 9, ""hidden_dim"": 64, ""dropout"": 0.1}], ""anchor_eps"": 0.0001, ""sep_samples_per_class"": 4, ""sep_method"": ""classifier"", ""sep_margin"": 1.0, ""lambda_fit"": 0.001, ""lambda_sep"": 0.001, ""groupdro_enabled"": false, ""groupdro_eta"": 1.0, ""groupdro_gamma"": 0.9, ""groupdro_update_mode"": ""softmax"", ""groupdro_objective"": ""weighted"", ""groupdro_kl_lambda"": 0.0, ""groupdro_uniform_init"": true, ""log_interval"": 20, ""save_every"": 10, ""impute_missing"": true, ""common_encoder"": false, ""use_regret"": false, ""data_split_seed"": 1001}","{""num_groups"": 4, ""num_classes"": 2, ""train_total"": 522, ""test_total"": 185, ""train_group_counts"": [242, 235, 20, 25], ""test_group_counts"": [61, 59, 25, 40], ""train_class_counts"": [288, 234], ""test_class_counts"": [83, 102], ""train_group_class_counts"": [[131, 111], [150, 85], [1, 19], [6, 19]], ""test_group_class_counts"": [[33, 28], [38, 21], [2, 23], [10, 30]], ""group_proportions"": [0.46360153256704983, 0.4501915708812261, 0.038314176245210725, 0.04789272030651341]}",,2026-09-10T07:11:21.841477,1,0.6904528737068176,0.630859375,0.001,0.7513513513513513,0.7653136287857738,0.625,0.92,"[0.7704918032786885, 0.7457627118644068, 0.92, 0.625]","[0.6215371440668576, 0.5958213977894541, 0.4876312148571014, 0.6813317552208901]","[0.8072289156626506, 0.7058823529411765]","[[0.8787878787878788, 0.6428571428571429], [0.9473684210526315, 0.38095238095238093], [0.0, 1.0], [0.2, 0.7666666666666667]]","[61, 59, 25, 40]",0.7511695906432749,"[0.7627777777777778, 0.671857619577308, 0.4791666666666667, 0.48231233822260566]",0.4791666666666667,0.6813317552208901,,,
"{""run_name"": ""fedheart_exp_paper_hetagg_gdro"", ""seed"": 22, ""run_dir"": ""runs/fedheart_cv/PerGroupOnly_s22_f1"", ""use_fedheart"": true, ""num_classes"": 2, ""stratified_batching"": true, ""train_frac"": 0.8, ""group_max_train_samples"": [null, null, 20, 25], ""true_hetero_input_dim"": true, ""feature_mask"": [[0, 1, 2, 3, 5, 6, 7, 8, 9, 10], [0, 1, 2, 3, 5, 6, 11, 12], [0, 1, 2, 4, 5, 7, 11, 12], [0, 1, 2, 4, 5, 6, 8, 9, 10]], ""batch_size"": 64, ""num_workers"": 0, ""epochs"": 100, ""early_stopping_patience"": 30, ""lr"": 0.001, ""weight_decay"": 0.0001, ""optimizer"": ""adam"", ""grad_clip"": 1.0, ""lr_scheduler"": ""cosine"", ""lr_min"": 1e-05, ""latent_dim"": 64, ""head_hidden"": 32, ""groups"": [{""name"": ""cleveland"", ""encoder"": ""mlp_tabular_ln"", ""input_dim"": 10, ""hidden_dim"": 64, ""dropout"": 0.1}, {""name"": ""hungarian"", ""encoder"": ""mlp_tabular_ln"", ""input_dim"": 8, ""hidden_dim"": 64, ""dropout"": 0.1}, {""name"": ""switzerland"", ""encoder"": ""mlp_tabular_ln"", ""input_dim"": 8, ""hidden_dim"": 64, ""dropout"": 0.1}, {""name"": ""va_long_beach"", ""encoder"": ""mlp_tabular_ln"", ""input_dim"": 9, ""hidden_dim"": 64, ""dropout"": 0.1}], ""anchor_eps"": 0.0001, ""sep_samples_per_class"": 4, ""sep_method"": ""classifier"", ""sep_margin"": 1.0, ""lambda_fit"": 0.001, ""lambda_sep"": 0.001, ""groupdro_enabled"": false, ""groupdro_eta"": 1.0, ""groupdro_gamma"": 0.9, ""groupdro_update_mode"": ""softmax"", ""groupdro_objective"": ""weighted"", ""groupdro_kl_lambda"": 0.0, ""groupdro_uniform_init"": true, ""log_interval"": 20, ""save_every"": 10, ""impute_missing"": true, ""common_encoder"": false, ""use_regret"": false, ""data_split_seed"": 1001}","{""num_groups"": 4, ""num_classes"": 2, ""train_total"": 522, ""test_total"": 185, ""train_group_counts"": [242, 235, 20, 25], ""test_group_counts"": [61, 59, 25, 40], ""train_class_counts"": [288, 234], ""test_class_counts"": [83, 102], ""train_group_class_counts"": [[131, 111], [150, 85], [1, 19], [6, 19]], ""test_group_class_counts"": [[33, 28], [38, 21], [2, 23], [10, 30]], ""group_proportions"": [0.46360153256704983, 0.4501915708812261, 0.038314176245210725, 0.04789272030651341]}",,2026-09-10T07:11:21.841477,2,0.6327249258756638,0.728515625,0.001,0.772972972972973,0.783858710752987,0.65,0.92,"[0.819672131147541, 0.7457627118644068, 0.92, 0.65]","[0.5504734213234949, 0.5404400916422828, 0.3579569983482361, 0.6262795120477677]","[0.7710843373493976, 0.7745098039215687]","[[0.8484848484848485, 0.7857142857142857], [0.8947368421052632, 0.47619047619047616], [0.0, 1.0], [0.2, 0.8]]","[61, 59, 25, 40]",0.7714705882352941,"[0.817910447761194, 0.6953528399311532, 0.4791666666666667, 0.49820788530465954]",0.4791666666666667,0.6262795120477677,,,
"{""run_name"": ""fedheart_exp_paper_hetagg_gdro"", ""seed"": 22, ""run_dir"": ""runs/fedheart_cv/PerGroupOnly_s22_f1"", ""use_fedheart"": true, ""num_classes"": 2, ""stratified_batching"": true, ""train_frac"": 0.8, ""group_max_train_samples"": [null, null, 20, 25], ""true_hetero_input_dim"": true, ""feature_mask"": [[0, 1, 2, 3, 5, 6, 7, 8, 9, 10], [0, 1, 2, 3, 5, 6, 11, 12], [0, 1, 2, 4, 5, 7, 11, 12], [0, 1, 2, 4, 5, 6, 8, 9, 10]], ""batch_size"": 64, ""num_workers"": 0, ""epochs"": 100, ""early_stopping_patience"": 30, ""lr"": 0.001, ""weight_decay"": 0.0001, ""optimizer"": ""adam"", ""grad_clip"": 1.0, ""lr_scheduler"": ""cosine"", ""lr_min"": 1e-05, ""latent_dim"": 64, ""head_hidden"": 32, ""groups"": [{""name"": ""cleveland"", ""encoder"": ""mlp_tabular_ln"", ""input_dim"": 10, ""hidden_dim"": 64, ""dropout"": 0.1}, {""name"": ""hungarian"", ""encoder"": ""mlp_tabular_ln"", ""input_dim"": 8, ""hidden_dim"": 64, ""dropout"": 0.1}, {""name"": ""switzerland"", ""encoder"": ""mlp_tabular_ln"", ""input_dim"": 8, ""hidden_dim"": 64, ""dropout"": 0.1}, {""name"": ""va_long_beach"", ""encoder"": ""mlp_tabular_ln"", ""input_dim"": 9, ""hidden_dim"": 64, ""dropout"": 0.1}], ""anchor_eps"": 0.0001, ""sep_samples_per_class"": 4, ""sep_method"": ""classifier"", ""sep_margin"": 1.0, ""lambda_fit"": 0.001, ""lambda_sep"": 0.001, ""groupdro_enabled"": false, ""groupdro_eta"": 1.0, ""groupdro_gamma"": 0.9, ""groupdro_update_mode"": ""softmax"", ""groupdro_objective"": ""weighted"", ""groupdro_kl_lambda"": 0.0, ""groupdro_uniform_init"": true, ""log_interval"": 20, ""save_every"": 10, ""impute_missing"": true, ""common_encoder"": false, ""use_regret"": false, ""data_split_seed"": 1001}","{""num_groups"": 4, ""num_classes"": 2, ""train_total"": 522, ""test_total"": 185, ""train_group_counts"": [242, 235, 20, 25], ""test_group_counts"": [61, 59, 25, 40], ""train_class_counts"": [288, 234], ""test_class_counts"": [83, 102], ""train_group_class_counts"": [[131, 111], [150, 85], [1, 19], [6, 19]], ""test_group_class_counts"": [[33, 28], [38, 21], [2, 23], [10, 30]], ""group_proportions"": [0.46360153256704983, 0.4501915708812261, 0.038314176245210725, 0.04789272030651341]}",,2026-09-10T07:11:21.841477,3,0.5801119804382324,0.7421875,0.001,0.7837837837837838,0.7901816476799111,0.625,0.92,"[0.8360655737704918, 0.7796610169491526, 0.92, 0.625]","[0.48443988454146464, 0.5033373385667801, 0.290854377746582, 0.5965756945312023]","[0.7469879518072289, 0.8137254901960784]","[[0.8787878787878788, 0.7857142857142857], [0.8421052631578947, 0.6666666666666666], [0.0, 1.0], [0.1, 0.8]]","[61, 59, 25, 40]",0.7809614018470281,"[0.8338779956427016, 0.7570478302185619, 0.4791666666666667, 0.4397759103641457]",0.4397759103641457,0.5965756945312023,,,
"{""run_name"": ""fedheart_exp_paper_hetagg_gdro"", ""seed"": 22, ""run_dir"": ""runs/fedheart_cv/PerGroupOnly_s22_f1"", ""use_fedheart"": true, ""num_classes"": 2, ""stratified_batching"": true, ""train_frac"": 0.8, ""group_max_train_samples"": [null, null, 20, 25], ""true_hetero_input_dim"": true, ""feature_mask"": [[0, 1, 2, 3, 5, 6, 7, 8, 9, 10], [0, 1, 2, 3, 5, 6, 11, 12], [0, 1, 2, 4, 5, 7, 11, 12], [0, 1, 2, 4, 5, 6, 8, 9, 10]], ""batch_size"": 64, ""num_workers"": 0, ""epochs"": 100, ""early_stopping_patience"": 30, ""lr"": 0.001, ""weight_decay"": 0.0001, ""optimizer"": ""adam"", ""grad_clip"": 1.0, ""lr_scheduler"": ""cosine"", ""lr_min"": 1e-05, ""latent_dim"": 64, ""head_hidden"": 32, ""groups"": [{""name"": ""cleveland"", ""encoder"": ""mlp_tabular_ln"", ""input_dim"": 10, ""hidden_dim"": 64, ""dropout"": 0.1}, {""name"": ""hungarian"", ""encoder"": ""mlp_tabular_ln"", ""input_dim"": 8, ""hidden_dim"": 64, ""dropout"": 0.1}, {""name"": ""switzerland"", ""encoder"": ""mlp_tabular_ln"", ""input_dim"": 8, ""hidden_dim"": 64, ""dropout"": 0.1}, {""name"": ""va_long_beach"", ""encoder"": ""mlp_tabular_ln"", ""input_dim"": 9, ""hidden_dim"": 64, ""dropout"": 0.1}], ""anchor_eps"": 0.0001, ""sep_samples_per_class"": 4, ""sep_method"": ""classifier"", ""sep_margin"": 1.0, ""lambda_fit"": 0.001, ""lambda_sep"": 0.001, ""groupdro_enabled"": false, ""groupdro_eta"": 1.0, ""groupdro_gamma"": 0.9, ""groupdro_update_mode"": ""softmax"", ""groupdro_objective"": ""weighted"", ""groupdro_kl_lambda"": 0.0, ""groupdro_uniform_init"": true, ""log_interval"": 20, ""save_every"": 10, ""impute_missing"": true, ""common_encoder"": false, ""use_regret"": false, ""data_split_seed"": 1001}","{""num_groups"": 4, ""num_classes"": 2, ""train_total"": 522, ""test_total"": 185, ""train_group_counts"": [242, 235, 20, 25], ""test_group_counts"": [61, 59, 25, 40], ""train_class_counts"": [288, 234], ""test_class_counts"": [83, 102], ""train_group_class_counts"": [[131, 111], [150, 85], [1, 19], [6, 19]], ""test_group_class_counts"": [[33, 28], [38, 21], [2, 23], [10, 30]], ""group_proportions"": [0.46360153256704983, 0.4501915708812261, 0.038314176245210725, 0.04789272030651341]}",,2026-09-10T07:11:21.841477,4,0.5197126679122448,0.787109375,0.001,0.8054054054054054,0.8151816476799111,0.725,0.92,"[0.8360655737704918, 0.7796610169491526, 0.92, 0.725]","[0.44288963079452515, 0.48931153371172437, 0.2808081582188606, 0.5754026230424643]","[0.7228915662650602, 0.8725490196078431]","[[0.8484848484848485, 0.8214285714285714], [0.8421052631578947, 0.6666666666666666], [0.0, 1.0], [0.0, 0.9666666666666667]]","[61, 59, 25, 40]",0.8005032350826744,"[0.83495670995671, 0.7570478302185619, 0.4791666666666667, 0.42028985507246375]",0.42028985507246375,0.5754026230424643,,,
"{""run_name"": ""fedheart_exp_paper_hetagg_gdro"", ""seed"": 22, ""run_dir"": ""runs/fedheart_cv/PerGroupOnly_s22_f1"", ""use_fedheart"": true, ""num_classes"": 2, ""stratified_batching"": true, ""train_frac"": 0.8, ""group_max_train_samples"": [null, null, 20, 25], ""true_hetero_input_dim"": true, ""feature_mask"": [[0, 1, 2, 3, 5, 6, 7, 8, 9, 10], [0, 1, 2, 3, 5, 6, 11, 12], [0, 1, 2, 4, 5, 7, 11, 12], [0, 1, 2, 4, 5, 6, 8, 9, 10]], ""batch_size"": 64, ""num_workers"": 0, ""epochs"": 100, ""early_stopping_patience"": 30, ""lr"": 0.001, ""weight_decay"": 0.0001, ""optimizer"": ""adam"", ""grad_clip"": 1.0, ""lr_scheduler"": ""cosine"", ""lr_min"": 1e-05, ""latent_dim"": 64, ""head_hidden"": 32, ""groups"": [{""name"": ""cleveland"", ""encoder"": ""mlp_tabular_ln"", ""input_dim"": 10, ""hidden_dim"": 64, ""dropout"": 0.1}, {""name"": ""hungarian"", ""encoder"": ""mlp_tabular_ln"", ""input_dim"": 8, ""hidden_dim"": 64, ""dropout"": 0.1}, {""name"": ""switzerland"", ""encoder"": ""mlp_tabular_ln"", ""input_dim"": 8, ""hidden_dim"": 64, ""dropout"": 0.1}, {""name"": ""va_long_beach"", ""encoder"": ""mlp_tabular_ln"", ""input_dim"": 9, ""hidden_dim"": 64, ""dropout"": 0.1}], ""anchor_eps"": 0.0001, ""sep_samples_per_class"": 4, ""sep_method"": ""classifier"", ""sep_margin"": 1.0, ""lambda_fit"": 0.001, ""lambda_sep"": 0.001, ""groupdro_enabled"": false, ""groupdro_eta"": 1.0, ""groupdro_gamma"": 0.9, ""groupdro_update_mode"": ""softmax"", ""groupdro_objective"": ""weighted"", ""groupdro_kl_lambda"": 0.0, ""groupdro_uniform_init"": true, ""log_interval"": 20, ""save_every"": 10, ""impute_missing"": true, ""common_encoder"": false, ""use_regret"": false, ""data_split_seed"": 1001}","{""num_groups"": 4, ""num_classes"": 2, ""train_total"": 522, ""test_total"": 185, ""train_group_counts"": [242, 235, 20, 25], ""test_group_counts"": [61, 59, 25, 40], ""train_class_counts"": [288, 234], ""test_class_counts"": [83, 102], ""train_group_class_counts"": [[131, 111], [150, 85], [1, 19], [6, 19]], ""test_group_class_counts"": [[33, 28], [38, 21], [2, 23], [10, 30]], ""group_proportions"": [0.46360153256704983, 0.4501915708812261, 0.038314176245210725, 0.04789272030651341]}",,2026-09-10T07:11:21.841477,5,0.4882279969751835,0.80859375,0.001,0.8054054054054054,0.8173332870241734,0.75,0.92,"[0.819672131147541, 0.7796610169491526, 0.92, 0.75]","[0.42790173140705606, 0.48899482089584156, 0.28964298486709594, 0.5967261157929897]","[0.7108433734939759, 0.8823529411764706]","[[0.8181818181818182, 0.8214285714285714], [0.8421052631578947, 0.6666666666666666], [0.0, 1.0], [0.0, 1.0]]","[61, 59, 25, 40]",0.7997835497835497,"[0.81889338731444, 0.7570478302185619, 0.4791666666666667, 0.42857142857142855]",0.42857142857142855,0.5967261157929897,,,
"{""run_name"": ""fedheart_exp_paper_hetagg_gdro"", ""seed"": 22, ""run_dir"": ""runs/fedheart_cv/PerGroupOnly_s22_f1"", ""use_fedheart"": true, ""num_classes"": 2, ""stratified_batching"": true, ""train_frac"": 0.8, ""group_max_train_samples"": [null, null, 20, 25], ""true_hetero_input_dim"": true, ""feature_mask"": [[0, 1, 2, 3, 5, 6, 7, 8, 9, 10], [0, 1, 2, 3, 5, 6, 11, 12], [0, 1, 2, 4, 5, 7, 11, 12], [0, 1, 2, 4, 5, 6, 8, 9, 10]], ""batch_size"": 64, ""num_workers"": 0, ""epochs"": 100, ""early_stopping_patience"": 30, ""lr"": 0.001, ""weight_decay"": 0.0001, ""optimizer"": ""adam"", ""grad_clip"": 1.0, ""lr_scheduler"": ""cosine"", ""lr_min"": 1e-05, ""latent_dim"": 64, ""head_hidden"": 32, ""groups"": [{""name"": ""cleveland"", ""encoder"": ""mlp_tabular_ln"", ""input_dim"": 10, ""hidden_dim"": 64, ""dropout"": 0.1}, {""name"": ""hungarian"", ""encoder"": ""mlp_tabular_ln"", ""input_dim"": 8, ""hidden_dim"": 64, ""dropout"": 0.1}, {""name"": ""switzerland"", ""encoder"": ""mlp_tabular_ln"", ""input_dim"": 8, ""hidden_dim"": 64, ""dropout"": 0.1}, {""name"": ""va_long_beach"", ""encoder"": ""mlp_tabular_ln"", ""input_dim"": 9, ""hidden_dim"": 64, ""dropout"": 0.1}], ""anchor_eps"": 0.0001, ""sep_samples_per_class"": 4, ""sep_method"": ""classifier"", ""sep_margin"": 1.0, ""lambda_fit"": 0.001, ""lambda_sep"": 0.001, ""groupdro_enabled"": false, ""groupdro_eta"": 1.0, ""groupdro_gamma"": 0.9, ""groupdro_update_mode"": ""softmax"", ""groupdro_objective"": ""weighted"", ""groupdro_kl_lambda"": 0.0, ""groupdro_uniform_init"": true, ""log_interval"": 20, ""save_every"": 10, ""impute_missing"": true, ""common_encoder"": false, ""use_regret"": false, ""data_split_seed"": 1001}","{""num_groups"": 4, ""num_classes"": 2, ""train_total"": 522, ""test_total"": 185, ""train_group_counts"": [242, 235, 20, 25], ""test_group_counts"": [61, 59, 25, 40], ""train_class_counts"": [288, 234], ""test_class_counts"": [83, 102], ""train_group_class_counts"": [[131, 111], [150, 85], [1, 19], [6, 19]], ""test_group_class_counts"": [[33, 28], [38, 21], [2, 23], [10, 30]], ""group_proportions"": [0.46360153256704983, 0.4501915708812261, 0.038314176245210725, 0.04789272030651341]}",,2026-09-10T07:11:21.841477,6,0.46978532522916794,0.814453125,0.001,0.7945945945945946,0.809136565712698,0.75,0.92,"[0.7868852459016393, 0.7796610169491526, 0.92, 0.75]","[0.42902331023675494, 0.49412399669319895, 0.29369713105261325, 0.6361113188788294]","[0.7108433734939759, 0.8627450980392157]","[[0.7878787878787878, 0.7857142857142857], [0.868421052631579, 0.6190476190476191], [0.0, 1.0], [0.0, 1.0]]","[61, 59, 25, 40]",0.7894200814761563,"[0.7859649122807018, 0.751054852320675, 0.4791666666666667, 0.42857142857142855]",0.42857142857142855,0.6361113188788294,,,
"{""run_name"": ""fedheart_exp_paper_hetagg_gdro"", ""seed"": 22, ""run_dir"": ""runs/fedheart_cv/PerGroupOnly_s22_f1"", ""use_fedheart"": true, ""num_classes"": 2, ""stratified_batching"": true, ""train_frac"": 0.8, ""group_max_train_samples"": [null, null, 20, 25], ""true_hetero_input_dim"": true, ""feature_mask"": [[0, 1, 2, 3, 5, 6, 7, 8, 9, 10], [0, 1, 2, 3, 5, 6, 11, 12], [0, 1, 2, 4, 5, 7, 11, 12], [0, 1, 2, 4, 5, 6, 8, 9, 10]], ""batch_size"": 64, ""num_workers"": 0, ""epochs"": 100, ""early_stopping_patience"": 30, ""lr"": 0.001, ""weight_decay"": 0.0001, ""optimizer"": ""adam"", ""grad_clip"": 1.0, ""lr_scheduler"": ""cosine"", ""lr_min"": 1e-05, ""latent_dim"": 64, ""head_hidden"": 32, ""groups"": [{""name"": ""cleveland"", ""encoder"": ""mlp_tabular_ln"", ""input_dim"": 10, ""hidden_dim"": 64, ""dropout"": 0.1}, {""name"": ""hungarian"", ""encoder"": ""mlp_tabular_ln"", ""input_dim"": 8, ""hidden_dim"": 64, ""dropout"": 0.1}, {""name"": ""switzerland"", ""encoder"": ""mlp_tabular_ln"", ""input_dim"": 8, ""hidden_dim"": 64, ""dropout"": 0.1}, {""name"": ""va_long_beach"", ""encoder"": ""mlp_tabular_ln"", ""input_dim"": 9, ""hidden_dim"": 64, ""dropout"": 0.1}], ""anchor_eps"": 0.0001, ""sep_samples_per_class"": 4, ""sep_method"": ""classifier"", ""sep_margin"": 1.0, ""lambda_fit"": 0.001, ""lambda_sep"": 0.001, ""groupdro_enabled"": false, ""groupdro_eta"": 1.0, ""groupdro_gamma"": 0.9, ""groupdro_update_mode"": ""softmax"", ""groupdro_objective"": ""weighted"", ""groupdro_kl_lambda"": 0.0, ""groupdro_uniform_init"": true, ""log_interval"": 20, ""save_every"": 10, ""impute_missing"": true, ""common_encoder"": false, ""use_regret"": false, ""data_split_seed"": 1001}","{""num_groups"": 4, ""num_classes"": 2, ""train_total"": 522, ""test_total"": 185, ""train_group_counts"": [242, 235, 20, 25], ""test_group_counts"": [61, 59, 25, 40], ""train_class_counts"": [288, 234], ""test_class_counts"": [83, 102], ""train_group_class_counts"": [[131, 111], [150, 85], [1, 19], [6, 19]], ""test_group_class_counts"": [[33, 28], [38, 21], [2, 23], [10, 30]], ""group_proportions"": [0.46360153256704983, 0.4501915708812261, 0.038314176245210725, 0.04789272030651341]}",,2026-09-10T07:11:21.841477,7,0.4558161161839962,0.806640625,0.001,0.7891891891891892,0.7987222145040289,0.675,0.92,"[0.8032786885245902, 0.7966101694915254, 0.92, 0.675]","[0.4256942594637636, 0.5015205336829364, 0.28337308250367643, 0.6719153850339353]","[0.7349397590361446, 0.8333333333333334]","[[0.7878787878787878, 0.8214285714285714], [0.868421052631579, 0.6666666666666666], [0.0, 1.0], [0.2, 0.8333333333333334]]","[61, 59, 25, 40]",0.7855805521709411,"[0.802801724137931, 0.773076923076923, 0.4791666666666667, 0.5144724556489263]",0.4791666666666667,0.6719153850339353,,,
"{""run_name"": ""fedheart_exp_paper_hetagg_gdro"", ""seed"": 22, ""run_dir"": ""runs/fedheart_cv/PerGroupOnly_s22_f1"", ""use_fedheart"": true, ""num_classes"": 2, ""stratified_batching"": true, ""train_frac"": 0.8, ""group_max_train_samples"": [null, null, 20, 25], ""true_hetero_input_dim"": true, ""feature_mask"": [[0, 1, 2, 3, 5, 6, 7, 8, 9, 10], [0, 1, 2, 3, 5, 6, 11, 12], [0, 1, 2, 4, 5, 7, 11, 12], [0, 1, 2, 4, 5, 6, 8, 9, 10]], ""batch_size"": 64, ""num_workers"": 0, ""epochs"": 100, ""early_stopping_patience"": 30, ""lr"": 0.001, ""weight_decay"": 0.0001, ""optimizer"": ""adam"", ""grad_clip"": 1.0, ""lr_scheduler"": ""cosine"", ""lr_min"": 1e-05, ""latent_dim"": 64, ""head_hidden"": 32, ""groups"": [{""name"": ""cleveland"", ""encoder"": ""mlp_tabular_ln"", ""input_dim"": 10, ""hidden_dim"": 64, ""dropout"": 0.1}, {""name"": ""hungarian"", ""encoder"": ""mlp_tabular_ln"", ""input_dim"": 8, ""hidden_dim"": 64, ""dropout"": 0.1}, {""name"": ""switzerland"", ""encoder"": ""mlp_tabular_ln"", ""input_dim"": 8, ""hidden_dim"": 64, ""dropout"": 0.1}, {""name"": ""va_long_beach"", ""encoder"": ""mlp_tabular_ln"", ""input_dim"": 9, ""hidden_dim"": 64, ""dropout"": 0.1}], ""anchor_eps"": 0.0001, ""sep_samples_per_class"": 4, ""sep_method"": ""classifier"", ""sep_margin"": 1.0, ""lambda_fit"": 0.001, ""lambda_sep"": 0.001, ""groupdro_enabled"": false, ""groupdro_eta"": 1.0, ""groupdro_gamma"": 0.9, ""groupdro_update_mode"": ""softmax"", ""groupdro_objective"": ""weighted"", ""groupdro_kl_lambda"": 0.0, ""groupdro_uniform_init"": true, ""log_interval"": 20, ""save_every"": 10, ""impute_missing"": true, ""common_encoder"": false, ""use_regret"": false, ""data_split_seed"": 1001}","{""num_groups"": 4, ""num_classes"": 2, ""train_total"": 522, ""test_total"": 185, ""train_group_counts"": [242, 235, 20, 25], ""test_group_counts"": [61, 59, 25, 40], ""train_class_counts"": [288, 234], ""test_class_counts"": [83, 102], ""train_group_class_counts"": [[131, 111], [150, 85], [1, 19], [6, 19]], ""test_group_class_counts"": [[33, 28], [38, 21], [2, 23], [10, 30]], ""group_proportions"": [0.46360153256704983, 0.4501915708812261, 0.038314176245210725, 0.04789272030651341]}",,2026-09-10T07:11:21.841477,8,0.4415336474776268,0.82421875,0.001,0.7783783783783784,0.786222214504029,0.625,0.92,"[0.8032786885245902, 0.7966101694915254, 0.92, 0.625]","[0.41672134588732096, 0.5299092733253867, 0.29795658398419617, 0.7327047495637089]","[0.7228915662650602, 0.8235294117647058]","[[0.8181818181818182, 0.7857142857142857], [0.8157894736842105, 0.7619047619047619], [0.0, 1.0], [0.2, 0.7666666666666667]]","[61, 59, 25, 40]",0.7745846830515023,"[0.801948051948052, 0.7825552825552824, 0.4791666666666667, 0.48231233822260566]",0.4791666666666667,0.7327047495637089,,,
"{""run_name"": ""fedheart_exp_paper_hetagg_gdro"", ""seed"": 22, ""run_dir"": ""runs/fedheart_cv/PerGroupOnly_s22_f1"", ""use_fedheart"": true, ""num_classes"": 2, ""stratified_batching"": true, ""train_frac"": 0.8, ""group_max_train_samples"": [null, null, 20, 25], ""true_hetero_input_dim"": true, ""feature_mask"": [[0, 1, 2, 3, 5, 6, 7, 8, 9, 10], [0, 1, 2, 3, 5, 6, 11, 12], [0, 1, 2, 4, 5, 7, 11, 12], [0, 1, 2, 4, 5, 6, 8, 9, 10]], ""batch_size"": 64, ""num_workers"": 0, ""epochs"": 100, ""early_stopping_patience"": 30, ""lr"": 0.001, ""weight_decay"": 0.0001, ""optimizer"": ""adam"", ""grad_clip"": 1.0, ""lr_scheduler"": ""cosine"", ""lr_min"": 1e-05, ""latent_dim"": 64, ""head_hidden"": 32, ""groups"": [{""name"": ""cleveland"", ""encoder"": ""mlp_tabular_ln"", ""input_dim"": 10, ""hidden_dim"": 64, ""dropout"": 0.1}, {""name"": ""hungarian"", ""encoder"": ""mlp_tabular_ln"", ""input_dim"": 8, ""hidden_dim"": 64, ""dropout"": 0.1}, {""name"": ""switzerland"", ""encoder"": ""mlp_tabular_ln"", ""input_dim"": 8, ""hidden_dim"": 64, ""dropout"": 0.1}, {""name"": ""va_long_beach"", ""encoder"": ""mlp_tabular_ln"", ""input_dim"": 9, ""hidden_dim"": 64, ""dropout"": 0.1}], ""anchor_eps"": 0.0001, ""sep_samples_per_class"": 4, ""sep_method"": ""classifier"", ""sep_margin"": 1.0, ""lambda_fit"": 0.001, ""lambda_sep"": 0.001, ""groupdro_enabled"": false, ""groupdro_eta"": 1.0, ""groupdro_gamma"": 0.9, ""groupdro_update_mode"": ""softmax"", ""groupdro_objective"": ""weighted"", ""groupdro_kl_lambda"": 0.0, ""groupdro_uniform_init"": true, ""log_interval"": 20, ""save_every"": 10, ""impute_missing"": true, ""common_encoder"": false, ""use_regret"": false, ""data_split_seed"": 1001}","{""num_groups"": 4, ""num_classes"": 2, ""train_total"": 522, ""test_total"": 185, ""train_group_counts"": [242, 235, 20, 25], ""test_group_counts"": [61, 59, 25, 40], ""train_class_counts"": [288, 234], ""test_class_counts"": [83, 102], ""train_group_class_counts"": [[131, 111], [150, 85], [1, 19], [6, 19]], ""test_group_class_counts"": [[33, 28], [38, 21], [2, 23], [10, 30]], ""group_proportions"": [0.46360153256704983, 0.4501915708812261, 0.038314176245210725, 0.04789272030651341]}",,2026-09-10T07:11:21.841477,9,0.4144713319838047,0.845703125,0.001,0.7675675675675676,0.777886565712698,0.625,0.92,"[0.7868852459016393, 0.7796610169491526, 0.92, 0.625]","[0.4269970168710732, 0.529822696537032, 0.3008721816167235, 0.7917941323015839]","[0.7228915662650602, 0.803921568627451]","[[0.8181818181818182, 0.75], [0.8157894736842105, 0.7142857142857143], [0.0, 1.0], [0.2, 0.7666666666666667]]","[61, 59, 25, 40]",0.7642334252096854,"[0.7848032564450476, 0.7621705426356589, 0.4791666666666667, 0.48231233822260566]",0.4791666666666667,0.7917941323015839,,,
"{""run_name"": ""fedheart_exp_paper_hetagg_gdro"", ""seed"": 22, ""run_dir"": ""runs/fedheart_cv/PerGroupOnly_s22_f1"", ""use_fedheart"": true, ""num_classes"": 2, ""stratified_batching"": true, ""train_frac"": 0.8, ""group_max_train_samples"": [null, null, 20, 25], ""true_hetero_input_dim"": true, ""feature_mask"": [[0, 1, 2, 3, 5, 6, 7, 8, 9, 10], [0, 1, 2, 3, 5, 6, 11, 12], [0, 1, 2, 4, 5, 7, 11, 12], [0, 1, 2, 4, 5, 6, 8, 9, 10]], ""batch_size"": 64, ""num_workers"": 0, ""epochs"": 100, ""early_stopping_patience"": 30, ""lr"": 0.001, ""weight_decay"": 0.0001, ""optimizer"": ""adam"", ""grad_clip"": 1.0, ""lr_scheduler"": ""cosine"", ""lr_min"": 1e-05, ""latent_dim"": 64, ""head_hidden"": 32, ""groups"": [{""name"": ""cleveland"", ""encoder"": ""mlp_tabular_ln"", ""input_dim"": 10, ""hidden_dim"": 64, ""dropout"": 0.1}, {""name"": ""hungarian"", ""encoder"": ""mlp_tabular_ln"", ""input_dim"": 8, ""hidden_dim"": 64, ""dropout"": 0.1}, {""name"": ""switzerland"", ""encoder"": ""mlp_tabular_ln"", ""input_dim"": 8, ""hidden_dim"": 64, ""dropout"": 0.1}, {""name"": ""va_long_beach"", ""encoder"": ""mlp_tabular_ln"", ""input_dim"": 9, ""hidden_dim"": 64, ""dropout"": 0.1}], ""anchor_eps"": 0.0001, ""sep_samples_per_class"": 4, ""sep_method"": ""classifier"", ""sep_margin"": 1.0, ""lambda_fit"": 0.001, ""lambda_sep"": 0.001, ""groupdro_enabled"": false, ""groupdro_eta"": 1.0, ""groupdro_gamma"": 0.9, ""groupdro_update_mode"": ""softmax"", ""groupdro_objective"": ""weighted"", ""groupdro_kl_lambda"": 0.0, ""groupdro_uniform_init"": true, ""log_interval"": 20, ""save_every"": 10, ""impute_missing"": true, ""common_encoder"": false, ""use_regret"": false, ""data_split_seed"": 1001}","{""num_groups"": 4, ""num_classes"": 2, ""train_total"": 522, ""test_total"": 185, ""train_group_counts"": [242, 235, 20, 25], ""test_group_counts"": [61, 59, 25, 40], ""train_class_counts"": [288, 234], ""test_class_counts"": [83, 102], ""train_group_class_counts"": [[131, 111], [150, 85], [1, 19], [6, 19]], ""test_group_class_counts"": [[33, 28], [38, 21], [2, 23], [10, 30]], ""group_proportions"": [0.46360153256704983, 0.4501915708812261, 0.038314176245210725, 0.04789272030651341]}",,2026-09-10T07:11:21.841477,10,0.4243275783956051,0.828125,0.001,0.7675675675675676,0.777886565712698,0.625,0.92,"[0.7868852459016393, 0.7796610169491526, 0.92, 0.625]","[0.4359217247330263, 0.5477314223614285, 0.3029947225376964, 0.8443575052311644]","[0.7108433734939759, 0.8137254901960784]","[[0.7878787878787878, 0.7857142857142857], [0.8157894736842105, 0.7142857142857143], [0.0, 1.0], [0.2, 0.7666666666666667]]","[61, 59, 25, 40]",0.7635888139320633,"[0.7859649122807018, 0.7621705426356589, 0.4791666666666667, 0.48231233822260566]",0.4791666666666667,0.8443575052311644,,,
"{""run_name"": ""fedheart_exp_paper_hetagg_gdro"", ""seed"": 22, ""run_dir"": ""runs/fedheart_cv/PerGroupOnly_s22_f1"", ""use_fedheart"": true, ""num_classes"": 2, ""stratified_batching"": true, ""train_frac"": 0.8, ""group_max_train_samples"": [null, null, 20, 25], ""true_hetero_input_dim"": true, ""feature_mask"": [[0, 1, 2, 3, 5, 6, 7, 8, 9, 10], [0, 1, 2, 3, 5, 6, 11, 12], [0, 1, 2, 4, 5, 7, 11, 12], [0, 1, 2, 4, 5, 6, 8, 9, 10]], ""batch_size"": 64, ""num_workers"": 0, ""epochs"": 100, ""early_stopping_patience"": 30, ""lr"": 0.001, ""weight_decay"": 0.0001, ""optimizer"": ""adam"", ""grad_clip"": 1.0, ""lr_scheduler"": ""cosine"", ""lr_min"": 1e-05, ""latent_dim"": 64, ""head_hidden"": 32, ""groups"": [{""name"": ""cleveland"", ""encoder"": ""mlp_tabular_ln"", ""input_dim"": 10, ""hidden_dim"": 64, ""dropout"": 0.1}, {""name"": ""hungarian"", ""encoder"": ""mlp_tabular_ln"", ""input_dim"": 8, ""hidden_dim"": 64, ""dropout"": 0.1}, {""name"": ""switzerland"", ""encoder"": ""mlp_tabular_ln"", ""input_dim"": 8, ""hidden_dim"": 64, ""dropout"": 0.1}, {""name"": ""va_long_beach"", ""encoder"": ""mlp_tabular_ln"", ""input_dim"": 9, ""hidden_dim"": 64, ""dropout"": 0.1}], ""anchor_eps"": 0.0001, ""sep_samples_per_class"": 4, ""sep_method"": ""classifier"", ""sep_margin"": 1.0, ""lambda_fit"": 0.001, ""lambda_sep"": 0.001, ""groupdro_enabled"": false, ""groupdro_eta"": 1.0, ""groupdro_gamma"": 0.9, ""groupdro_update_mode"": ""softmax"", ""groupdro_objective"": ""weighted"", ""groupdro_kl_lambda"": 0.0, ""groupdro_uniform_init"": true, ""log_interval"": 20, ""save_every"": 10, ""impute_missing"": true, ""common_encoder"": false, ""use_regret"": false, ""data_split_seed"": 1001}","{""num_groups"": 4, ""num_classes"": 2, ""train_total"": 522, ""test_total"": 185, ""train_group_counts"": [242, 235, 20, 25], ""test_group_counts"": [61, 59, 25, 40], ""train_class_counts"": [288, 234], ""test_class_counts"": [83, 102], ""train_group_class_counts"": [[131, 111], [150, 85], [1, 19], [6, 19]], ""test_group_class_counts"": [[33, 28], [38, 21], [2, 23], [10, 30]], ""group_proportions"": [0.46360153256704983, 0.4501915708812261, 0.038314176245210725, 0.04789272030651341]}",,2026-09-10T07:11:21.841477,11,0.4111925847828388,0.837890625,0.001,0.772972972972973,0.784136565712698,0.65,0.92,"[0.7868852459016393, 0.7796610169491526, 0.92, 0.65]","[0.44130059853806847, 0.5671922360404821, 0.28575333997607233, 0.9046351571800187]","[0.6987951807228916, 0.8333333333333334]","[[0.7575757575757576, 0.8214285714285714], [0.8157894736842105, 0.7142857142857143], [0.0, 1.0], [0.2, 0.8]]","[61, 59, 25, 40]",0.7680320038213518,"[0.7866559052999732, 0.7621705426356589, 0.4791666666666667, 0.49820788530465954]",0.4791666666666667,0.9046351571800187,,,
"{""run_name"": ""fedheart_exp_paper_hetagg_gdro"", ""seed"": 22, ""run_dir"": ""runs/fedheart_cv/PerGroupOnly_s22_f1"", ""use_fedheart"": true, ""num_classes"": 2, ""stratified_batching"": true, ""train_frac"": 0.8, ""group_max_train_samples"": [null, null, 20, 25], ""true_hetero_input_dim"": true, ""feature_mask"": [[0, 1, 2, 3, 5, 6, 7, 8, 9, 10], [0, 1, 2, 3, 5, 6, 11, 12], [0, 1, 2, 4, 5, 7, 11, 12], [0, 1, 2, 4, 5, 6, 8, 9, 10]], ""batch_size"": 64, ""num_workers"": 0, ""epochs"": 100, ""early_stopping_patience"": 30, ""lr"": 0.001, ""weight_decay"": 0.0001, ""optimizer"": ""adam"", ""grad_clip"": 1.0, ""lr_scheduler"": ""cosine"", ""lr_min"": 1e-05, ""latent_dim"": 64, ""head_hidden"": 32, ""groups"": [{""name"": ""cleveland"", ""encoder"": ""mlp_tabular_ln"", ""input_dim"": 10, ""hidden_dim"": 64, ""dropout"": 0.1}, {""name"": ""hungarian"", ""encoder"": ""mlp_tabular_ln"", ""input_dim"": 8, ""hidden_dim"": 64, ""dropout"": 0.1}, {""name"": ""switzerland"", ""encoder"": ""mlp_tabular_ln"", ""input_dim"": 8, ""hidden_dim"": 64, ""dropout"": 0.1}, {""name"": ""va_long_beach"", ""encoder"": ""mlp_tabular_ln"", ""input_dim"": 9, ""hidden_dim"": 64, ""dropout"": 0.1}], ""anchor_eps"": 0.0001, ""sep_samples_per_class"": 4, ""sep_method"": ""classifier"", ""sep_margin"": 1.0, ""lambda_fit"": 0.001, ""lambda_sep"": 0.001, ""groupdro_enabled"": false, ""groupdro_eta"": 1.0, ""groupdro_gamma"": 0.9, ""groupdro_update_mode"": ""softmax"", ""groupdro_objective"": ""weighted"", ""groupdro_kl_lambda"": 0.0, ""groupdro_uniform_init"": true, ""log_interval"": 20, ""save_every"": 10, ""impute_missing"": true, ""common_encoder"": false, ""use_regret"": false, ""data_split_seed"": 1001}","{""num_groups"": 4, ""num_classes"": 2, ""train_total"": 522, ""test_total"": 185, ""train_group_counts"": [242, 235, 20, 25], ""test_group_counts"": [61, 59, 25, 40], ""train_class_counts"": [288, 234], ""test_class_counts"": [83, 102], ""train_group_class_counts"": [[131, 111], [150, 85], [1, 19], [6, 19]], ""test_group_class_counts"": [[33, 28], [38, 21], [2, 23], [10, 30]], ""group_proportions"": [0.46360153256704983, 0.4501915708812261, 0.038314176245210725, 0.04789272030651341]}",,2026-09-10T07:11:21.841477,12,0.39343831688165665,0.833984375,0.001,0.7675675675675676,0.7760127813281468,0.6,0.92,"[0.7704918032786885, 0.8135593220338984, 0.92, 0.6]","[0.43970586011399987, 0.5852667596191168, 0.29889667212963106, 0.9743785752914846]","[0.6987951807228916, 0.8235294117647058]","[[0.7575757575757576, 0.7857142857142857], [0.8157894736842105, 0.8095238095238095], [0.0, 1.0], [0.2, 0.7333333333333333]]","[61, 59, 25, 40]",0.7628841396166801,"[0.7699353448275861, 0.802435312024353, 0.4791666666666667, 0.4666666666666667]",0.4666666666666667,0.9743785752914846,,,
"{""run_name"": ""fedheart_exp_paper_hetagg_gdro"", ""seed"": 22, ""run_dir"": ""runs/fedheart_cv/PerGroupOnly_s22_f1"", ""use_fedheart"": true, ""num_classes"": 2, ""stratified_batching"": true, ""train_frac"": 0.8, ""group_max_train_samples"": [null, null, 20, 25], ""true_hetero_input_dim"": true, ""feature_mask"": [[0, 1, 2, 3, 5, 6, 7, 8, 9, 10], [0, 1, 2, 3, 5, 6, 11, 12], [0, 1, 2, 4, 5, 7, 11, 12], [0, 1, 2, 4, 5, 6, 8, 9, 10]], ""batch_size"": 64, ""num_workers"": 0, ""epochs"": 100, ""early_stopping_patience"": 30, ""lr"": 0.001, ""weight_decay"": 0.0001, ""optimizer"": ""adam"", ""grad_clip"": 1.0, ""lr_scheduler"": ""cosine"", ""lr_min"": 1e-05, ""latent_dim"": 64, ""head_hidden"": 32, ""groups"": [{""name"": ""cleveland"", ""encoder"": ""mlp_tabular_ln"", ""input_dim"": 10, ""hidden_dim"": 64, ""dropout"": 0.1}, {""name"": ""hungarian"", ""encoder"": ""mlp_tabular_ln"", ""input_dim"": 8, ""hidden_dim"": 64, ""dropout"": 0.1}, {""name"": ""switzerland"", ""encoder"": ""mlp_tabular_ln"", ""input_dim"": 8, ""hidden_dim"": 64, ""dropout"": 0.1}, {""name"": ""va_long_beach"", ""encoder"": ""mlp_tabular_ln"", ""input_dim"": 9, ""hidden_dim"": 64, ""dropout"": 0.1}], ""anchor_eps"": 0.0001, ""sep_samples_per_class"": 4, ""sep_method"": ""classifier"", ""sep_margin"": 1.0, ""lambda_fit"": 0.001, ""lambda_sep"": 0.001, ""groupdro_enabled"": false, ""groupdro_eta"": 1.0, ""groupdro_gamma"": 0.9, ""groupdro_update_mode"": ""softmax"", ""groupdro_objective"": ""weighted"", ""groupdro_kl_lambda"": 0.0, ""groupdro_uniform_init"": true, ""log_interval"": 20, ""save_every"": 10, ""impute_missing"": true, ""common_encoder"": false, ""use_regret"": false, ""data_split_seed"": 1001}","{""num_groups"": 4, ""num_classes"": 2, ""train_total"": 522, ""test_total"": 185, ""train_group_counts"": [242, 235, 20, 25], ""test_group_counts"": [61, 59, 25, 40], ""train_class_counts"": [288, 234], ""test_class_counts"": [83, 102], ""train_group_class_counts"": [[131, 111], [150, 85], [1, 19], [6, 19]], ""test_group_class_counts"": [[33, 28], [38, 21], [2, 23], [10, 30]], ""group_proportions"": [0.46360153256704983, 0.4501915708812261, 0.038314176245210725, 0.04789272030651341]}",,2026-09-10T07:11:21.841477,13,0.376654926687479,0.853515625,0.001,0.7621621621621621,0.771636565712698,0.6,0.92,"[0.7868852459016393, 0.7796610169491526, 0.92, 0.6]","[0.44030421376839035, 0.5864766981231712, 0.3140661067888141, 1.0604297008248977]","[0.6987951807228916, 0.8137254901960784]","[[0.7575757575757576, 0.8214285714285714], [0.8157894736842105, 0.7142857142857143], [0.0, 1.0], [0.2, 0.7333333333333333]]","[61, 59, 25, 40]",0.7577380952380952,"[0.7866559052999732, 0.7621705426356589, 0.4791666666666667, 0.4666666666666667]",0.4666666666666667,1.0604297008248977,,,
"{""run_name"": ""fedheart_exp_paper_hetagg_gdro"", ""seed"": 22, ""run_dir"": ""runs/fedheart_cv/PerGroupOnly_s22_f1"", ""use_fedheart"": true, ""num_classes"": 2, ""stratified_batching"": true, ""train_frac"": 0.8, ""group_max_train_samples"": [null, null, 20, 25], ""true_hetero_input_dim"": true, ""feature_mask"": [[0, 1, 2, 3, 5, 6, 7, 8, 9, 10], [0, 1, 2, 3, 5, 6, 11, 12], [0, 1, 2, 4, 5, 7, 11, 12], [0, 1, 2, 4, 5, 6, 8, 9, 10]], ""batch_size"": 64, ""num_workers"": 0, ""epochs"": 100, ""early_stopping_patience"": 30, ""lr"": 0.001, ""weight_decay"": 0.0001, ""optimizer"": ""adam"", ""grad_clip"": 1.0, ""lr_scheduler"": ""cosine"", ""lr_min"": 1e-05, ""latent_dim"": 64, ""head_hidden"": 32, ""groups"": [{""name"": ""cleveland"", ""encoder"": ""mlp_tabular_ln"", ""input_dim"": 10, ""hidden_dim"": 64, ""dropout"": 0.1}, {""name"": ""hungarian"", ""encoder"": ""mlp_tabular_ln"", ""input_dim"": 8, ""hidden_dim"": 64, ""dropout"": 0.1}, {""name"": ""switzerland"", ""encoder"": ""mlp_tabular_ln"", ""input_dim"": 8, ""hidden_dim"": 64, ""dropout"": 0.1}, {""name"": ""va_long_beach"", ""encoder"": ""mlp_tabular_ln"", ""input_dim"": 9, ""hidden_dim"": 64, ""dropout"": 0.1}], ""anchor_eps"": 0.0001, ""sep_samples_per_class"": 4, ""sep_method"": ""classifier"", ""sep_margin"": 1.0, ""lambda_fit"": 0.001, ""lambda_sep"": 0.001, ""groupdro_enabled"": false, ""groupdro_eta"": 1.0, ""groupdro_gamma"": 0.9, ""groupdro_update_mode"": ""softmax"", ""groupdro_objective"": ""weighted"", ""groupdro_kl_lambda"": 0.0, ""groupdro_uniform_init"": true, ""log_interval"": 20, ""save_every"": 10, ""impute_missing"": true, ""common_encoder"": false, ""use_regret"": false, ""data_split_seed"": 1001}","{""num_groups"": 4, ""num_classes"": 2, ""train_total"": 522, ""test_total"": 185, ""train_group_counts"": [242, 235, 20, 25], ""test_group_counts"": [61, 59, 25, 40], ""train_class_counts"": [288, 234], ""test_class_counts"": [83, 102], ""train_group_class_counts"": [[131, 111], [150, 85], [1, 19], [6, 19]], ""test_group_class_counts"": [[33, 28], [38, 21], [2, 23], [10, 30]], ""group_proportions"": [0.46360153256704983, 0.4501915708812261, 0.038314176245210725, 0.04789272030651341]}",,2026-09-10T07:11:21.841477,14,0.36165688186883926,0.857421875,0.001,0.7675675675675676,0.7758738538482912,0.6,0.92,"[0.7868852459016393, 0.7966101694915254, 0.92, 0.6]","[0.42741280023894107, 0.5945295656999667, 0.32084230391308666, 1.129679768742062]","[0.6987951807228916, 0.8235294117647058]","[[0.7575757575757576, 0.8214285714285714], [0.8157894736842105, 0.7619047619047619], [0.0, 1.0], [0.2, 0.7333333333333333]]","[61, 59, 25, 40]",0.7628841396166801,"[0.7866559052999732, 0.7825552825552824, 0.4791666666666667, 0.4666666666666667]",0.4666666666666667,1.129679768742062,,,
"{""run_name"": ""fedheart_exp_paper_hetagg_gdro"", ""seed"": 22, ""run_dir"": ""runs/fedheart_cv/PerGroupOnly_s22_f1"", ""use_fedheart"": true, ""num_classes"": 2, ""stratified_batching"": true, ""train_frac"": 0.8, ""group_max_train_samples"": [null, null, 20, 25], ""true_hetero_input_dim"": true, ""feature_mask"": [[0, 1, 2, 3, 5, 6, 7, 8, 9, 10], [0, 1, 2, 3, 5, 6, 11, 12], [0, 1, 2, 4, 5, 7, 11, 12], [0, 1, 2, 4, 5, 6, 8, 9, 10]], ""batch_size"": 64, ""num_workers"": 0, ""epochs"": 100, ""early_stopping_patience"": 30, ""lr"": 0.001, ""weight_decay"": 0.0001, ""optimizer"": ""adam"", ""grad_clip"": 1.0, ""lr_scheduler"": ""cosine"", ""lr_min"": 1e-05, ""latent_dim"": 64, ""head_hidden"": 32, ""groups"": [{""name"": ""cleveland"", ""encoder"": ""mlp_tabular_ln"", ""input_dim"": 10, ""hidden_dim"": 64, ""dropout"": 0.1}, {""name"": ""hungarian"", ""encoder"": ""mlp_tabular_ln"", ""input_dim"": 8, ""hidden_dim"": 64, ""dropout"": 0.1}, {""name"": ""switzerland"", ""encoder"": ""mlp_tabular_ln"", ""input_dim"": 8, ""hidden_dim"": 64, ""dropout"": 0.1}, {""name"": ""va_long_beach"", ""encoder"": ""mlp_tabular_ln"", ""input_dim"": 9, ""hidden_dim"": 64, ""dropout"": 0.1}], ""anchor_eps"": 0.0001, ""sep_samples_per_class"": 4, ""sep_method"": ""classifier"", ""sep_margin"": 1.0, ""lambda_fit"": 0.001, ""lambda_sep"": 0.001, ""groupdro_enabled"": false, ""groupdro_eta"": 1.0, ""groupdro_gamma"": 0.9, ""groupdro_update_mode"": ""softmax"", ""groupdro_objective"": ""weighted"", ""groupdro_kl_lambda"": 0.0, ""groupdro_uniform_init"": true, ""log_interval"": 20, ""save_every"": 10, ""impute_missing"": true, ""common_encoder"": false, ""use_regret"": false, ""data_split_seed"": 1001}","{""num_groups"": 4, ""num_classes"": 2, ""train_total"": 522, ""test_total"": 185, ""train_group_counts"": [242, 235, 20, 25], ""test_group_counts"": [61, 59, 25, 40], ""train_class_counts"": [288, 234], ""test_class_counts"": [83, 102], ""train_group_class_counts"": [[131, 111], [150, 85], [1, 19], [6, 19]], ""test_group_class_counts"": [[33, 28], [38, 21], [2, 23], [10, 30]], ""group_proportions"": [0.46360153256704983, 0.4501915708812261, 0.038314176245210725, 0.04789272030651341]}",,2026-09-10T07:11:21.841477,15,0.36420147866010666,0.853515625,0.001,0.7567567567567568,0.7675382050569602,0.6,0.92,"[0.7704918032786885, 0.7796610169491526, 0.92, 0.6]","[0.4308471609456617, 0.6156988783139672, 0.32395140995271504, 1.1978058614651672]","[0.6987951807228916, 0.803921568627451]","[[0.7575757575757576, 0.7857142857142857], [0.8157894736842105, 0.7142857142857143], [0.0, 1.0], [0.2, 0.7333333333333333]]","[61, 59, 25, 40]",0.7525929448126244,"[0.7699353448275861, 0.7621705426356589, 0.4791666666666667, 0.4666666666666667]",0.4666666666666667,1.1978058614651672,,,
"{""run_name"": ""fedheart_exp_paper_hetagg_gdro"", ""seed"": 22, ""run_dir"": ""runs/fedheart_cv/PerGroupOnly_s22_f1"", ""use_fedheart"": true, ""num_classes"": 2, ""stratified_batching"": true, ""train_frac"": 0.8, ""group_max_train_samples"": [null, null, 20, 25], ""true_hetero_input_dim"": true, ""feature_mask"": [[0, 1, 2, 3, 5, 6, 7, 8, 9, 10], [0, 1, 2, 3, 5, 6, 11, 12], [0, 1, 2, 4, 5, 7, 11, 12], [0, 1, 2, 4, 5, 6, 8, 9, 10]], ""batch_size"": 64, ""num_workers"": 0, ""epochs"": 100, ""early_stopping_patience"": 30, ""lr"": 0.001, ""weight_decay"": 0.0001, ""optimizer"": ""adam"", ""grad_clip"": 1.0, ""lr_scheduler"": ""cosine"", ""lr_min"": 1e-05, ""latent_dim"": 64, ""head_hidden"": 32, ""groups"": [{""name"": ""cleveland"", ""encoder"": ""mlp_tabular_ln"", ""input_dim"": 10, ""hidden_dim"": 64, ""dropout"": 0.1}, {""name"": ""hungarian"", ""encoder"": ""mlp_tabular_ln"", ""input_dim"": 8, ""hidden_dim"": 64, ""dropout"": 0.1}, {""name"": ""switzerland"", ""encoder"": ""mlp_tabular_ln"", ""input_dim"": 8, ""hidden_dim"": 64, ""dropout"": 0.1}, {""name"": ""va_long_beach"", ""encoder"": ""mlp_tabular_ln"", ""input_dim"": 9, ""hidden_dim"": 64, ""dropout"": 0.1}], ""anchor_eps"": 0.0001, ""sep_samples_per_class"": 4, ""sep_method"": ""classifier"", ""sep_margin"": 1.0, ""lambda_fit"": 0.001, ""lambda_sep"": 0.001, ""groupdro_enabled"": false, ""groupdro_eta"": 1.0, ""groupdro_gamma"": 0.9, ""groupdro_update_mode"": ""softmax"", ""groupdro_objective"": ""weighted"", ""groupdro_kl_lambda"": 0.0, ""groupdro_uniform_init"": true, ""log_interval"": 20, ""save_every"": 10, ""impute_missing"": true, ""common_encoder"": false, ""use_regret"": false, ""data_split_seed"": 1001}","{""num_groups"": 4, ""num_classes"": 2, ""train_total"": 522, ""test_total"": 185, ""train_group_counts"": [242, 235, 20, 25], ""test_group_counts"": [61, 59, 25, 40], ""train_class_counts"": [288, 234], ""test_class_counts"": [83, 102], ""train_group_class_counts"": [[131, 111], [150, 85], [1, 19], [6, 19]], ""test_group_class_counts"": [[33, 28], [38, 21], [2, 23], [10, 30]], ""group_proportions"": [0.46360153256704983, 0.4501915708812261, 0.038314176245210725, 0.04789272030651341]}",,2026-09-10T07:11:21.841477,16,0.36747870966792107,0.857421875,0.001,0.7675675675675676,0.7760127813281468,0.6,0.92,"[0.7704918032786885, 0.8135593220338984, 0.92, 0.6]","[0.45249108880086514, 0.6388824151086984, 0.33031711702235045, 1.2443889986141585]","[0.6987951807228916, 0.8235294117647058]","[[0.7575757575757576, 0.7857142857142857], [0.8157894736842105, 0.8095238095238095], [0.0, 1.0], [0.2, 0.7333333333333333]]","[61, 59, 25, 40]",0.7628841396166801,"[0.7699353448275861, 0.802435312024353, 0.4791666666666667, 0.4666666666666667]",0.4666666666666667,1.2443889986141585,,,
"{""run_name"": ""fedheart_exp_paper_hetagg_gdro"", ""seed"": 22, ""run_dir"": ""runs/fedheart_cv/PerGroupOnly_s22_f1"", ""use_fedheart"": true, ""num_classes"": 2, ""stratified_batching"": true, ""train_frac"": 0.8, ""group_max_train_samples"": [null, null, 20, 25], ""true_hetero_input_dim"": true, ""feature_mask"": [[0, 1, 2, 3, 5, 6, 7, 8, 9, 10], [0, 1, 2, 3, 5, 6, 11, 12], [0, 1, 2, 4, 5, 7, 11, 12], [0, 1, 2, 4, 5, 6, 8, 9, 10]], ""batch_size"": 64, ""num_workers"": 0, ""epochs"": 100, ""early_stopping_patience"": 30, ""lr"": 0.001, ""weight_decay"": 0.0001, ""optimizer"": ""adam"", ""grad_clip"": 1.0, ""lr_scheduler"": ""cosine"", ""lr_min"": 1e-05, ""latent_dim"": 64, ""head_hidden"": 32, ""groups"": [{""name"": ""cleveland"", ""encoder"": ""mlp_tabular_ln"", ""input_dim"": 10, ""hidden_dim"": 64, ""dropout"": 0.1}, {""name"": ""hungarian"", ""encoder"": ""mlp_tabular_ln"", ""input_dim"": 8, ""hidden_dim"": 64, ""dropout"": 0.1}, {""name"": ""switzerland"", ""encoder"": ""mlp_tabular_ln"", ""input_dim"": 8, ""hidden_dim"": 64, ""dropout"": 0.1}, {""name"": ""va_long_beach"", ""encoder"": ""mlp_tabular_ln"", ""input_dim"": 9, ""hidden_dim"": 64, ""dropout"": 0.1}], ""anchor_eps"": 0.0001, ""sep_samples_per_class"": 4, ""sep_method"": ""classifier"", ""sep_margin"": 1.0, ""lambda_fit"": 0.001, ""lambda_sep"": 0.001, ""groupdro_enabled"": false, ""groupdro_eta"": 1.0, ""groupdro_gamma"": 0.9, ""groupdro_update_mode"": ""softmax"", ""groupdro_objective"": ""weighted"", ""groupdro_kl_lambda"": 0.0, ""groupdro_uniform_init"": true, ""log_interval"": 20, ""save_every"": 10, ""impute_missing"": true, ""common_encoder"": false, ""use_regret"": false, ""data_split_seed"": 1001}","{""num_groups"": 4, ""num_classes"": 2, ""train_total"": 522, ""test_total"": 185, ""train_group_counts"": [242, 235, 20, 25], ""test_group_counts"": [61, 59, 25, 40], ""train_class_counts"": [288, 234], ""test_class_counts"": [83, 102], ""train_group_class_counts"": [[131, 111], [150, 85], [1, 19], [6, 19]], ""test_group_class_counts"": [[33, 28], [38, 21], [2, 23], [10, 30]], ""group_proportions"": [0.46360153256704983, 0.4501915708812261, 0.038314176245210725, 0.04789272030651341]}",,2026-09-10T07:11:21.841477,17,0.35299409180879593,0.8515625,0.001,0.772972972972973,0.7801111419838844,0.6,0.92,"[0.7868852459016393, 0.8135593220338984, 0.92, 0.6]","[0.4548821970820427, 0.6406851986391564, 0.3317328606173396, 1.2873784210329178]","[0.7108433734939759, 0.8235294117647058]","[[0.7878787878787878, 0.7857142857142857], [0.8157894736842105, 0.8095238095238095], [0.0, 1.0], [0.2, 0.7333333333333333]]","[61, 59, 25, 40]",0.7687499999999999,"[0.7859649122807018, 0.802435312024353, 0.4791666666666667, 0.4666666666666667]",0.4666666666666667,1.2873784210329178,,,
"{""run_name"": ""fedheart_exp_paper_hetagg_gdro"", ""seed"": 22, ""run_dir"": ""runs/fedheart_cv/PerGroupOnly_s22_f1"", ""use_fedheart"": true, ""num_classes"": 2, ""stratified_batching"": true, ""train_frac"": 0.8, ""group_max_train_samples"": [null, null, 20, 25], ""true_hetero_input_dim"": true, ""feature_mask"": [[0, 1, 2, 3, 5, 6, 7, 8, 9, 10], [0, 1, 2, 3, 5, 6, 11, 12], [0, 1, 2, 4, 5, 7, 11, 12], [0, 1, 2, 4, 5, 6, 8, 9, 10]], ""batch_size"": 64, ""num_workers"": 0, ""epochs"": 100, ""early_stopping_patience"": 30, ""lr"": 0.001, ""weight_decay"": 0.0001, ""optimizer"": ""adam"", ""grad_clip"": 1.0, ""lr_scheduler"": ""cosine"", ""lr_min"": 1e-05, ""latent_dim"": 64, ""head_hidden"": 32, ""groups"": [{""name"": ""cleveland"", ""encoder"": ""mlp_tabular_ln"", ""input_dim"": 10, ""hidden_dim"": 64, ""dropout"": 0.1}, {""name"": ""hungarian"", ""encoder"": ""mlp_tabular_ln"", ""input_dim"": 8, ""hidden_dim"": 64, ""dropout"": 0.1}, {""name"": ""switzerland"", ""encoder"": ""mlp_tabular_ln"", ""input_dim"": 8, ""hidden_dim"": 64, ""dropout"": 0.1}, {""name"": ""va_long_beach"", ""encoder"": ""mlp_tabular_ln"", ""input_dim"": 9, ""hidden_dim"": 64, ""dropout"": 0.1}], ""anchor_eps"": 0.0001, ""sep_samples_per_class"": 4, ""sep_method"": ""classifier"", ""sep_margin"": 1.0, ""lambda_fit"": 0.001, ""lambda_sep"": 0.001, ""groupdro_enabled"": false, ""groupdro_eta"": 1.0, ""groupdro_gamma"": 0.9, ""groupdro_update_mode"": ""softmax"", ""groupdro_objective"": ""weighted"", ""groupdro_kl_lambda"": 0.0, ""groupdro_uniform_init"": true, ""log_interval"": 20, ""save_every"": 10, ""impute_missing"": true, ""common_encoder"": false, ""use_regret"": false, ""data_split_seed"": 1001}","{""num_groups"": 4, ""num_classes"": 2, ""train_total"": 522, ""test_total"": 185, ""train_group_counts"": [242, 235, 20, 25], ""test_group_counts"": [61, 59, 25, 40], ""train_class_counts"": [288, 234], ""test_class_counts"": [83, 102], ""train_group_class_counts"": [[131, 111], [150, 85], [1, 19], [6, 19]], ""test_group_class_counts"": [[33, 28], [38, 21], [2, 23], [10, 30]], ""group_proportions"": [0.46360153256704983, 0.4501915708812261, 0.038314176245210725, 0.04789272030651341]}",,2026-09-10T07:11:21.841477,18,0.35550396516919136,0.84765625,0.001,0.7621621621621621,0.7717754931925535,0.6,0.92,"[0.7704918032786885, 0.7966101694915254, 0.92, 0.6]","[0.438822072014579, 0.6280428539345957, 0.32688101300038397, 1.3092482935608132]","[0.6987951807228916, 0.8137254901960784]","[[0.7575757575757576, 0.7857142857142857], [0.8157894736842105, 0.7619047619047619], [0.0, 1.0], [0.2, 0.7333333333333333]]","[61, 59, 25, 40]",0.7577380952380952,"[0.7699353448275861, 0.7825552825552824, 0.4791666666666667, 0.4666666666666667]",0.4666666666666667,1.3092482935608132,,,
"{""run_name"": ""fedheart_exp_paper_hetagg_gdro"", ""seed"": 22, ""run_dir"": ""runs/fedheart_cv/PerGroupOnly_s22_f1"", ""use_fedheart"": true, ""num_classes"": 2, ""stratified_batching"": true, ""train_frac"": 0.8, ""group_max_train_samples"": [null, null, 20, 25], ""true_hetero_input_dim"": true, ""feature_mask"": [[0, 1, 2, 3, 5, 6, 7, 8, 9, 10], [0, 1, 2, 3, 5, 6, 11, 12], [0, 1, 2, 4, 5, 7, 11, 12], [0, 1, 2, 4, 5, 6, 8, 9, 10]], ""batch_size"": 64, ""num_workers"": 0, ""epochs"": 100, ""early_stopping_patience"": 30, ""lr"": 0.001, ""weight_decay"": 0.0001, ""optimizer"": ""adam"", ""grad_clip"": 1.0, ""lr_scheduler"": ""cosine"", ""lr_min"": 1e-05, ""latent_dim"": 64, ""head_hidden"": 32, ""groups"": [{""name"": ""cleveland"", ""encoder"": ""mlp_tabular_ln"", ""input_dim"": 10, ""hidden_dim"": 64, ""dropout"": 0.1}, {""name"": ""hungarian"", ""encoder"": ""mlp_tabular_ln"", ""input_dim"": 8, ""hidden_dim"": 64, ""dropout"": 0.1}, {""name"": ""switzerland"", ""encoder"": ""mlp_tabular_ln"", ""input_dim"": 8, ""hidden_dim"": 64, ""dropout"": 0.1}, {""name"": ""va_long_beach"", ""encoder"": ""mlp_tabular_ln"", ""input_dim"": 9, ""hidden_dim"": 64, ""dropout"": 0.1}], ""anchor_eps"": 0.0001, ""sep_samples_per_class"": 4, ""sep_method"": ""classifier"", ""sep_margin"": 1.0, ""lambda_fit"": 0.001, ""lambda_sep"": 0.001, ""groupdro_enabled"": false, ""groupdro_eta"": 1.0, ""groupdro_gamma"": 0.9, ""groupdro_update_mode"": ""softmax"", ""groupdro_objective"": ""weighted"", ""groupdro_kl_lambda"": 0.0, ""groupdro_uniform_init"": true, ""log_interval"": 20, ""save_every"": 10, ""impute_missing"": true, ""common_encoder"": false, ""use_regret"": false, ""data_split_seed"": 1001}","{""num_groups"": 4, ""num_classes"": 2, ""train_total"": 522, ""test_total"": 185, ""train_group_counts"": [242, 235, 20, 25], ""test_group_counts"": [61, 59, 25, 40], ""train_class_counts"": [288, 234], ""test_class_counts"": [83, 102], ""train_group_class_counts"": [[131, 111], [150, 85], [1, 19], [6, 19]], ""test_group_class_counts"": [[33, 28], [38, 21], [2, 23], [10, 30]], ""group_proportions"": [0.46360153256704983, 0.4501915708812261, 0.038314176245210725, 0.04789272030651341]}",,2026-09-10T07:11:21.841477,19,0.3392634466290474,0.8671875,0.001,0.7675675675675676,0.7758738538482912,0.6,0.92,"[0.7868852459016393, 0.7966101694915254, 0.92, 0.6]","[0.4398345760314069, 0.6260504414232732, 0.31423962384462356, 1.3609486310713692]","[0.6987951807228916, 0.8235294117647058]","[[0.7575757575757576, 0.8214285714285714], [0.8157894736842105, 0.7619047619047619], [0.0, 1.0], [0.2, 0.7333333333333333]]","[61, 59, 25, 40]",0.7628841396166801,"[0.7866559052999732, 0.7825552825552824, 0.4791666666666667, 0.4666666666666667]",0.4666666666666667,1.3609486310713692,,,
"{""run_name"": ""fedheart_exp_paper_hetagg_gdro"", ""seed"": 22, ""run_dir"": ""runs/fedheart_cv/PerGroupOnly_s22_f1"", ""use_fedheart"": true, ""num_classes"": 2, ""stratified_batching"": true, ""train_frac"": 0.8, ""group_max_train_samples"": [null, null, 20, 25], ""true_hetero_input_dim"": true, ""feature_mask"": [[0, 1, 2, 3, 5, 6, 7, 8, 9, 10], [0, 1, 2, 3, 5, 6, 11, 12], [0, 1, 2, 4, 5, 7, 11, 12], [0, 1, 2, 4, 5, 6, 8, 9, 10]], ""batch_size"": 64, ""num_workers"": 0, ""epochs"": 100, ""early_stopping_patience"": 30, ""lr"": 0.001, ""weight_decay"": 0.0001, ""optimizer"": ""adam"", ""grad_clip"": 1.0, ""lr_scheduler"": ""cosine"", ""lr_min"": 1e-05, ""latent_dim"": 64, ""head_hidden"": 32, ""groups"": [{""name"": ""cleveland"", ""encoder"": ""mlp_tabular_ln"", ""input_dim"": 10, ""hidden_dim"": 64, ""dropout"": 0.1}, {""name"": ""hungarian"", ""encoder"": ""mlp_tabular_ln"", ""input_dim"": 8, ""hidden_dim"": 64, ""dropout"": 0.1}, {""name"": ""switzerland"", ""encoder"": ""mlp_tabular_ln"", ""input_dim"": 8, ""hidden_dim"": 64, ""dropout"": 0.1}, {""name"": ""va_long_beach"", ""encoder"": ""mlp_tabular_ln"", ""input_dim"": 9, ""hidden_dim"": 64, ""dropout"": 0.1}], ""anchor_eps"": 0.0001, ""sep_samples_per_class"": 4, ""sep_method"": ""classifier"", ""sep_margin"": 1.0, ""lambda_fit"": 0.001, ""lambda_sep"": 0.001, ""groupdro_enabled"": false, ""groupdro_eta"": 1.0, ""groupdro_gamma"": 0.9, ""groupdro_update_mode"": ""softmax"", ""groupdro_objective"": ""weighted"", ""groupdro_kl_lambda"": 0.0, ""groupdro_uniform_init"": true, ""log_interval"": 20, ""save_every"": 10, ""impute_missing"": true, ""common_encoder"": false, ""use_regret"": false, ""data_split_seed"": 1001}","{""num_groups"": 4, ""num_classes"": 2, ""train_total"": 522, ""test_total"": 185, ""train_group_counts"": [242, 235, 20, 25], ""test_group_counts"": [61, 59, 25, 40], ""train_class_counts"": [288, 234], ""test_class_counts"": [83, 102], ""train_group_class_counts"": [[131, 111], [150, 85], [1, 19], [6, 19]], ""test_group_class_counts"": [[33, 28], [38, 21], [2, 23], [10, 30]], ""group_proportions"": [0.46360153256704983, 0.4501915708812261, 0.038314176245210725, 0.04789272030651341]}",,2026-09-10T07:11:21.841477,20,0.33938804641366005,0.865234375,0.001,0.7675675675675676,0.7758738538482912,0.6,0.92,"[0.7868852459016393, 0.7966101694915254, 0.92, 0.6]","[0.44069097258272716, 0.6376280230548927, 0.3143103736592457, 1.4134077068476472]","[0.6987951807228916, 0.8235294117647058]","[[0.7575757575757576, 0.8214285714285714], [0.8157894736842105, 0.7619047619047619], [0.0, 1.0], [0.2, 0.7333333333333333]]","[61, 59, 25, 40]",0.7628841396166801,"[0.7866559052999732, 0.7825552825552824, 0.4791666666666667, 0.4666666666666667]",0.4666666666666667,1.4134077068476472,,,
"{""run_name"": ""fedheart_exp_paper_hetagg_gdro"", ""seed"": 22, ""run_dir"": ""runs/fedheart_cv/PerGroupOnly_s22_f1"", ""use_fedheart"": true, ""num_classes"": 2, ""stratified_batching"": true, ""train_frac"": 0.8, ""group_max_train_samples"": [null, null, 20, 25], ""true_hetero_input_dim"": true, ""feature_mask"": [[0, 1, 2, 3, 5, 6, 7, 8, 9, 10], [0, 1, 2, 3, 5, 6, 11, 12], [0, 1, 2, 4, 5, 7, 11, 12], [0, 1, 2, 4, 5, 6, 8, 9, 10]], ""batch_size"": 64, ""num_workers"": 0, ""epochs"": 100, ""early_stopping_patience"": 30, ""lr"": 0.001, ""weight_decay"": 0.0001, ""optimizer"": ""adam"", ""grad_clip"": 1.0, ""lr_scheduler"": ""cosine"", ""lr_min"": 1e-05, ""latent_dim"": 64, ""head_hidden"": 32, ""groups"": [{""name"": ""cleveland"", ""encoder"": ""mlp_tabular_ln"", ""input_dim"": 10, ""hidden_dim"": 64, ""dropout"": 0.1}, {""name"": ""hungarian"", ""encoder"": ""mlp_tabular_ln"", ""input_dim"": 8, ""hidden_dim"": 64, ""dropout"": 0.1}, {""name"": ""switzerland"", ""encoder"": ""mlp_tabular_ln"", ""input_dim"": 8, ""hidden_dim"": 64, ""dropout"": 0.1}, {""name"": ""va_long_beach"", ""encoder"": ""mlp_tabular_ln"", ""input_dim"": 9, ""hidden_dim"": 64, ""dropout"": 0.1}], ""anchor_eps"": 0.0001, ""sep_samples_per_class"": 4, ""sep_method"": ""classifier"", ""sep_margin"": 1.0, ""lambda_fit"": 0.001, ""lambda_sep"": 0.001, ""groupdro_enabled"": false, ""groupdro_eta"": 1.0, ""groupdro_gamma"": 0.9, ""groupdro_update_mode"": ""softmax"", ""groupdro_objective"": ""weighted"", ""groupdro_kl_lambda"": 0.0, ""groupdro_uniform_init"": true, ""log_interval"": 20, ""save_every"": 10, ""impute_missing"": true, ""common_encoder"": false, ""use_regret"": false, ""data_split_seed"": 1001}","{""num_groups"": 4, ""num_classes"": 2, ""train_total"": 522, ""test_total"": 185, ""train_group_counts"": [242, 235, 20, 25], ""test_group_counts"": [61, 59, 25, 40], ""train_class_counts"": [288, 234], ""test_class_counts"": [83, 102], ""train_group_class_counts"": [[131, 111], [150, 85], [1, 19], [6, 19]], ""test_group_class_counts"": [[33, 28], [38, 21], [2, 23], [10, 30]], ""group_proportions"": [0.46360153256704983, 0.4501915708812261, 0.038314176245210725, 0.04789272030651341]}",,2026-09-10T07:11:21.841477,21,0.31875987723469734,0.853515625,0.001,0.772972972972973,0.7801111419838844,0.6,0.92,"[0.7868852459016393, 0.8135593220338984, 0.92, 0.6]","[0.45822965487318695, 0.6661986502881904, 0.36535640601068736, 1.494197186405654]","[0.6987951807228916, 0.8333333333333334]","[[0.7575757575757576, 0.8214285714285714], [0.8157894736842105, 0.8095238095238095], [0.0, 1.0], [0.2, 0.7333333333333333]]","[61, 59, 25, 40]",0.7680320038213518,"[0.7866559052999732, 0.802435312024353, 0.4791666666666667, 0.4666666666666667]",0.4666666666666667,1.494197186405654,,,
"{""run_name"": ""fedheart_exp_paper_hetagg_gdro"", ""seed"": 22, ""run_dir"": ""runs/fedheart_cv/PerGroupOnly_s22_f1"", ""use_fedheart"": true, ""num_classes"": 2, ""stratified_batching"": true, ""train_frac"": 0.8, ""group_max_train_samples"": [null, null, 20, 25], ""true_hetero_input_dim"": true, ""feature_mask"": [[0, 1, 2, 3, 5, 6, 7, 8, 9, 10], [0, 1, 2, 3, 5, 6, 11, 12], [0, 1, 2, 4, 5, 7, 11, 12], [0, 1, 2, 4, 5, 6, 8, 9, 10]], ""batch_size"": 64, ""num_workers"": 0, ""epochs"": 100, ""early_stopping_patience"": 30, ""lr"": 0.001, ""weight_decay"": 0.0001, ""optimizer"": ""adam"", ""grad_clip"": 1.0, ""lr_scheduler"": ""cosine"", ""lr_min"": 1e-05, ""latent_dim"": 64, ""head_hidden"": 32, ""groups"": [{""name"": ""cleveland"", ""encoder"": ""mlp_tabular_ln"", ""input_dim"": 10, ""hidden_dim"": 64, ""dropout"": 0.1}, {""name"": ""hungarian"", ""encoder"": ""mlp_tabular_ln"", ""input_dim"": 8, ""hidden_dim"": 64, ""dropout"": 0.1}, {""name"": ""switzerland"", ""encoder"": ""mlp_tabular_ln"", ""input_dim"": 8, ""hidden_dim"": 64, ""dropout"": 0.1}, {""name"": ""va_long_beach"", ""encoder"": ""mlp_tabular_ln"", ""input_dim"": 9, ""hidden_dim"": 64, ""dropout"": 0.1}], ""anchor_eps"": 0.0001, ""sep_samples_per_class"": 4, ""sep_method"": ""classifier"", ""sep_margin"": 1.0, ""lambda_fit"": 0.001, ""lambda_sep"": 0.001, ""groupdro_enabled"": false, ""groupdro_eta"": 1.0, ""groupdro_gamma"": 0.9, ""groupdro_update_mode"": ""softmax"", ""groupdro_objective"": ""weighted"", ""groupdro_kl_lambda"": 0.0, ""groupdro_uniform_init"": true, ""log_interval"": 20, ""save_every"": 10, ""impute_missing"": true, ""common_encoder"": false, ""use_regret"": false, ""data_split_seed"": 1001}","{""num_groups"": 4, ""num_classes"": 2, ""train_total"": 522, ""test_total"": 185, ""train_group_counts"": [242, 235, 20, 25], ""test_group_counts"": [61, 59, 25, 40], ""train_class_counts"": [288, 234], ""test_class_counts"": [83, 102], ""train_group_class_counts"": [[131, 111], [150, 85], [1, 19], [6, 19]], ""test_group_class_counts"": [[33, 28], [38, 21], [2, 23], [10, 30]], ""group_proportions"": [0.46360153256704983, 0.4501915708812261, 0.038314176245210725, 0.04789272030651341]}",,2026-09-10T07:11:21.841477,22,0.3432982098311186,0.84765625,0.001,0.7675675675675676,0.7758738538482912,0.6,0.92,"[0.7868852459016393, 0.7966101694915254, 0.92, 0.6]","[0.45565166401860047, 0.6695494444456772, 0.42689798452774996, 1.5525893936661306]","[0.6987951807228916, 0.8235294117647058]","[[0.7575757575757576, 0.8214285714285714], [0.8157894736842105, 0.7619047619047619], [0.0, 1.0], [0.2, 0.7333333333333333]]","[61, 59, 25, 40]",0.7628841396166801,"[0.7866559052999732, 0.7825552825552824, 0.4791666666666667, 0.4666666666666667]",0.4666666666666667,1.5525893936661306,,,
"{""run_name"": ""fedheart_exp_paper_hetagg_gdro"", ""seed"": 22, ""run_dir"": ""runs/fedheart_cv/PerGroupOnly_s22_f1"", ""use_fedheart"": true, ""num_classes"": 2, ""stratified_batching"": true, ""train_frac"": 0.8, ""group_max_train_samples"": [null, null, 20, 25], ""true_hetero_input_dim"": true, ""feature_mask"": [[0, 1, 2, 3, 5, 6, 7, 8, 9, 10], [0, 1, 2, 3, 5, 6, 11, 12], [0, 1, 2, 4, 5, 7, 11, 12], [0, 1, 2, 4, 5, 6, 8, 9, 10]], ""batch_size"": 64, ""num_workers"": 0, ""epochs"": 100, ""early_stopping_patience"": 30, ""lr"": 0.001, ""weight_decay"": 0.0001, ""optimizer"": ""adam"", ""grad_clip"": 1.0, ""lr_scheduler"": ""cosine"", ""lr_min"": 1e-05, ""latent_dim"": 64, ""head_hidden"": 32, ""groups"": [{""name"": ""cleveland"", ""encoder"": ""mlp_tabular_ln"", ""input_dim"": 10, ""hidden_dim"": 64, ""dropout"": 0.1}, {""name"": ""hungarian"", ""encoder"": ""mlp_tabular_ln"", ""input_dim"": 8, ""hidden_dim"": 64, ""dropout"": 0.1}, {""name"": ""switzerland"", ""encoder"": ""mlp_tabular_ln"", ""input_dim"": 8, ""hidden_dim"": 64, ""dropout"": 0.1}, {""name"": ""va_long_beach"", ""encoder"": ""mlp_tabular_ln"", ""input_dim"": 9, ""hidden_dim"": 64, ""dropout"": 0.1}], ""anchor_eps"": 0.0001, ""sep_samples_per_class"": 4, ""sep_method"": ""classifier"", ""sep_margin"": 1.0, ""lambda_fit"": 0.001, ""lambda_sep"": 0.001, ""groupdro_enabled"": false, ""groupdro_eta"": 1.0, ""groupdro_gamma"": 0.9, ""groupdro_update_mode"": ""softmax"", ""groupdro_objective"": ""weighted"", ""groupdro_kl_lambda"": 0.0, ""groupdro_uniform_init"": true, ""log_interval"": 20, ""save_every"": 10, ""impute_missing"": true, ""common_encoder"": false, ""use_regret"": false, ""data_split_seed"": 1001}","{""num_groups"": 4, ""num_classes"": 2, ""train_total"": 522, ""test_total"": 185, ""train_group_counts"": [242, 235, 20, 25], ""test_group_counts"": [61, 59, 25, 40], ""train_class_counts"": [288, 234], ""test_class_counts"": [83, 102], ""train_group_class_counts"": [[131, 111], [150, 85], [1, 19], [6, 19]], ""test_group_class_counts"": [[33, 28], [38, 21], [2, 23], [10, 30]], ""group_proportions"": [0.46360153256704983, 0.4501915708812261, 0.038314176245210725, 0.04789272030651341]}",,2026-09-10T07:11:21.841477,23,0.3210945948958397,0.86328125,0.001,0.7621621621621621,0.7717754931925535,0.6,0.92,"[0.7704918032786885, 0.7966101694915254, 0.92, 0.6]","[0.44475412574886786, 0.671076315332804, 0.4354796662076842, 1.572862800490111]","[0.7228915662650602, 0.7941176470588235]","[[0.7878787878787878, 0.75], [0.8421052631578947, 0.7142857142857143], [0.0, 1.0], [0.2, 0.7333333333333333]]","[61, 59, 25, 40]",0.7590575420317311,"[0.7689393939393939, 0.7781954887218046, 0.4791666666666667, 0.4666666666666667]",0.4666666666666667,1.572862800490111,,,
"{""run_name"": ""fedheart_exp_paper_hetagg_gdro"", ""seed"": 22, ""run_dir"": ""runs/fedheart_cv/PerGroupOnly_s22_f1"", ""use_fedheart"": true, ""num_classes"": 2, ""stratified_batching"": true, ""train_frac"": 0.8, ""group_max_train_samples"": [null, null, 20, 25], ""true_hetero_input_dim"": true, ""feature_mask"": [[0, 1, 2, 3, 5, 6, 7, 8, 9, 10], [0, 1, 2, 3, 5, 6, 11, 12], [0, 1, 2, 4, 5, 7, 11, 12], [0, 1, 2, 4, 5, 6, 8, 9, 10]], ""batch_size"": 64, ""num_workers"": 0, ""epochs"": 100, ""early_stopping_patience"": 30, ""lr"": 0.001, ""weight_decay"": 0.0001, ""optimizer"": ""adam"", ""grad_clip"": 1.0, ""lr_scheduler"": ""cosine"", ""lr_min"": 1e-05, ""latent_dim"": 64, ""head_hidden"": 32, ""groups"": [{""name"": ""cleveland"", ""encoder"": ""mlp_tabular_ln"", ""input_dim"": 10, ""hidden_dim"": 64, ""dropout"": 0.1}, {""name"": ""hungarian"", ""encoder"": ""mlp_tabular_ln"", ""input_dim"": 8, ""hidden_dim"": 64, ""dropout"": 0.1}, {""name"": ""switzerland"", ""encoder"": ""mlp_tabular_ln"", ""input_dim"": 8, ""hidden_dim"": 64, ""dropout"": 0.1}, {""name"": ""va_long_beach"", ""encoder"": ""mlp_tabular_ln"", ""input_dim"": 9, ""hidden_dim"": 64, ""dropout"": 0.1}], ""anchor_eps"": 0.0001, ""sep_samples_per_class"": 4, ""sep_method"": ""classifier"", ""sep_margin"": 1.0, ""lambda_fit"": 0.001, ""lambda_sep"": 0.001, ""groupdro_enabled"": false, ""groupdro_eta"": 1.0, ""groupdro_gamma"": 0.9, ""groupdro_update_mode"": ""softmax"", ""groupdro_objective"": ""weighted"", ""groupdro_kl_lambda"": 0.0, ""groupdro_uniform_init"": true, ""log_interval"": 20, ""save_every"": 10, ""impute_missing"": true, ""common_encoder"": false, ""use_regret"": false, ""data_split_seed"": 1001}","{""num_groups"": 4, ""num_classes"": 2, ""train_total"": 522, ""test_total"": 185, ""train_group_counts"": [242, 235, 20, 25], ""test_group_counts"": [61, 59, 25, 40], ""train_class_counts"": [288, 234], ""test_class_counts"": [83, 102], ""train_group_class_counts"": [[131, 111], [150, 85], [1, 19], [6, 19]], ""test_group_class_counts"": [[33, 28], [38, 21], [2, 23], [10, 30]], ""group_proportions"": [0.46360153256704983, 0.4501915708812261, 0.038314176245210725, 0.04789272030651341]}",,2026-09-10T07:11:21.841477,24,0.3030618838965893,0.87890625,0.001,0.7567567567567568,0.7676771325368158,0.6,0.92,"[0.7540983606557377, 0.7966101694915254, 0.92, 0.6]","[0.4580763542116238, 0.689502753554133, 0.4474206524074543, 1.6054764011714724]","[0.6987951807228916, 0.803921568627451]","[[0.7575757575757576, 0.75], [0.8157894736842105, 0.7619047619047619], [0.0, 1.0], [0.2, 0.7333333333333333]]","[61, 59, 25, 40]",0.7525929448126244,"[0.7530364372469636, 0.7825552825552824, 0.4791666666666667, 0.4666666666666667]",0.4666666666666667,1.6054764011714724,,,
"{""run_name"": ""fedheart_exp_paper_hetagg_gdro"", ""seed"": 22, ""run_dir"": ""runs/fedheart_cv/PerGroupOnly_s22_f1"", ""use_fedheart"": true, ""num_classes"": 2, ""stratified_batching"": true, ""train_frac"": 0.8, ""group_max_train_samples"": [null, null, 20, 25], ""true_hetero_input_dim"": true, ""feature_mask"": [[0, 1, 2, 3, 5, 6, 7, 8, 9, 10], [0, 1, 2, 3, 5, 6, 11, 12], [0, 1, 2, 4, 5, 7, 11, 12], [0, 1, 2, 4, 5, 6, 8, 9, 10]], ""batch_size"": 64, ""num_workers"": 0, ""epochs"": 100, ""early_stopping_patience"": 30, ""lr"": 0.001, ""weight_decay"": 0.0001, ""optimizer"": ""adam"", ""grad_clip"": 1.0, ""lr_scheduler"": ""cosine"", ""lr_min"": 1e-05, ""latent_dim"": 64, ""head_hidden"": 32, ""groups"": [{""name"": ""cleveland"", ""encoder"": ""mlp_tabular_ln"", ""input_dim"": 10, ""hidden_dim"": 64, ""dropout"": 0.1}, {""name"": ""hungarian"", ""encoder"": ""mlp_tabular_ln"", ""input_dim"": 8, ""hidden_dim"": 64, ""dropout"": 0.1}, {""name"": ""switzerland"", ""encoder"": ""mlp_tabular_ln"", ""input_dim"": 8, ""hidden_dim"": 64, ""dropout"": 0.1}, {""name"": ""va_long_beach"", ""encoder"": ""mlp_tabular_ln"", ""input_dim"": 9, ""hidden_dim"": 64, ""dropout"": 0.1}], ""anchor_eps"": 0.0001, ""sep_samples_per_class"": 4, ""sep_method"": ""classifier"", ""sep_margin"": 1.0, ""lambda_fit"": 0.001, ""lambda_sep"": 0.001, ""groupdro_enabled"": false, ""groupdro_eta"": 1.0, ""groupdro_gamma"": 0.9, ""groupdro_update_mode"": ""softmax"", ""groupdro_objective"": ""weighted"", ""groupdro_kl_lambda"": 0.0, ""groupdro_uniform_init"": true, ""log_interval"": 20, ""save_every"": 10, ""impute_missing"": true, ""common_encoder"": false, ""use_regret"": false, ""data_split_seed"": 1001}","{""num_groups"": 4, ""num_classes"": 2, ""train_total"": 522, ""test_total"": 185, ""train_group_counts"": [242, 235, 20, 25], ""test_group_counts"": [61, 59, 25, 40], ""train_class_counts"": [288, 234], ""test_class_counts"": [83, 102], ""train_group_class_counts"": [[131, 111], [150, 85], [1, 19], [6, 19]], ""test_group_class_counts"": [[33, 28], [38, 21], [2, 23], [10, 30]], ""group_proportions"": [0.46360153256704983, 0.4501915708812261, 0.038314176245210725, 0.04789272030651341]}",,2026-09-10T07:11:21.841477,25,0.2984649483114481,0.87890625,0.001,0.772972972972973,0.7799722145040289,0.6,0.92,"[0.8032786885245902, 0.7966101694915254, 0.92, 0.6]","[0.4831134456927415, 0.7327319015156857, 0.46705365913920105, 1.6513461577691486]","[0.6987951807228916, 0.8333333333333334]","[[0.7575757575757576, 0.8571428571428571], [0.8157894736842105, 0.7619047619047619], [0.0, 1.0], [0.2, 0.7333333333333333]]","[61, 59, 25, 40]",0.7680320038213518,"[0.8032258064516129, 0.7825552825552824, 0.4791666666666667, 0.4666666666666667]",0.4666666666666667,1.6513461577691486,,,
"{""run_name"": ""fedheart_exp_paper_hetagg_gdro"", ""seed"": 22, ""run_dir"": ""runs/fedheart_cv/PerGroupOnly_s22_f1"", ""use_fedheart"": true, ""num_classes"": 2, ""stratified_batching"": true, ""train_frac"": 0.8, ""group_max_train_samples"": [null, null, 20, 25], ""true_hetero_input_dim"": true, ""feature_mask"": [[0, 1, 2, 3, 5, 6, 7, 8, 9, 10], [0, 1, 2, 3, 5, 6, 11, 12], [0, 1, 2, 4, 5, 7, 11, 12], [0, 1, 2, 4, 5, 6, 8, 9, 10]], ""batch_size"": 64, ""num_workers"": 0, ""epochs"": 100, ""early_stopping_patience"": 30, ""lr"": 0.001, ""weight_decay"": 0.0001, ""optimizer"": ""adam"", ""grad_clip"": 1.0, ""lr_scheduler"": ""cosine"", ""lr_min"": 1e-05, ""latent_dim"": 64, ""head_hidden"": 32, ""groups"": [{""name"": ""cleveland"", ""encoder"": ""mlp_tabular_ln"", ""input_dim"": 10, ""hidden_dim"": 64, ""dropout"": 0.1}, {""name"": ""hungarian"", ""encoder"": ""mlp_tabular_ln"", ""input_dim"": 8, ""hidden_dim"": 64, ""dropout"": 0.1}, {""name"": ""switzerland"", ""encoder"": ""mlp_tabular_ln"", ""input_dim"": 8, ""hidden_dim"": 64, ""dropout"": 0.1}, {""name"": ""va_long_beach"", ""encoder"": ""mlp_tabular_ln"", ""input_dim"": 9, ""hidden_dim"": 64, ""dropout"": 0.1}], ""anchor_eps"": 0.0001, ""sep_samples_per_class"": 4, ""sep_method"": ""classifier"", ""sep_margin"": 1.0, ""lambda_fit"": 0.001, ""lambda_sep"": 0.001, ""groupdro_enabled"": false, ""groupdro_eta"": 1.0, ""groupdro_gamma"": 0.9, ""groupdro_update_mode"": ""softmax"", ""groupdro_objective"": ""weighted"", ""groupdro_kl_lambda"": 0.0, ""groupdro_uniform_init"": true, ""log_interval"": 20, ""save_every"": 10, ""impute_missing"": true, ""common_encoder"": false, ""use_regret"": false, ""data_split_seed"": 1001}","{""num_groups"": 4, ""num_classes"": 2, ""train_total"": 522, ""test_total"": 185, ""train_group_counts"": [242, 235, 20, 25], ""test_group_counts"": [61, 59, 25, 40], ""train_class_counts"": [288, 234], ""test_class_counts"": [83, 102], ""train_group_class_counts"": [[131, 111], [150, 85], [1, 19], [6, 19]], ""test_group_class_counts"": [[33, 28], [38, 21], [2, 23], [10, 30]], ""group_proportions"": [0.46360153256704983, 0.4501915708812261, 0.038314176245210725, 0.04789272030651341]}",,2026-09-10T07:11:21.841477,26,0.3085336145013571,0.857421875,0.001,0.7675675675675676,0.7758738538482912,0.6,0.92,"[0.7868852459016393, 0.7966101694915254, 0.92, 0.6]","[0.4866301694457404, 0.7466245783114079, 0.3905774551036302, 1.6680945999367396]","[0.6987951807228916, 0.8235294117647058]","[[0.7575757575757576, 0.8214285714285714], [0.8157894736842105, 0.7619047619047619], [0.0, 1.0], [0.2, 0.7333333333333333]]","[61, 59, 25, 40]",0.7628841396166801,"[0.7866559052999732, 0.7825552825552824, 0.4791666666666667, 0.4666666666666667]",0.4666666666666667,1.6680945999367396,,,
"{""run_name"": ""fedheart_exp_paper_hetagg_gdro"", ""seed"": 22, ""run_dir"": ""runs/fedheart_cv/PerGroupOnly_s22_f1"", ""use_fedheart"": true, ""num_classes"": 2, ""stratified_batching"": true, ""train_frac"": 0.8, ""group_max_train_samples"": [null, null, 20, 25], ""true_hetero_input_dim"": true, ""feature_mask"": [[0, 1, 2, 3, 5, 6, 7, 8, 9, 10], [0, 1, 2, 3, 5, 6, 11, 12], [0, 1, 2, 4, 5, 7, 11, 12], [0, 1, 2, 4, 5, 6, 8, 9, 10]], ""batch_size"": 64, ""num_workers"": 0, ""epochs"": 100, ""early_stopping_patience"": 30, ""lr"": 0.001, ""weight_decay"": 0.0001, ""optimizer"": ""adam"", ""grad_clip"": 1.0, ""lr_scheduler"": ""cosine"", ""lr_min"": 1e-05, ""latent_dim"": 64, ""head_hidden"": 32, ""groups"": [{""name"": ""cleveland"", ""encoder"": ""mlp_tabular_ln"", ""input_dim"": 10, ""hidden_dim"": 64, ""dropout"": 0.1}, {""name"": ""hungarian"", ""encoder"": ""mlp_tabular_ln"", ""input_dim"": 8, ""hidden_dim"": 64, ""dropout"": 0.1}, {""name"": ""switzerland"", ""encoder"": ""mlp_tabular_ln"", ""input_dim"": 8, ""hidden_dim"": 64, ""dropout"": 0.1}, {""name"": ""va_long_beach"", ""encoder"": ""mlp_tabular_ln"", ""input_dim"": 9, ""hidden_dim"": 64, ""dropout"": 0.1}], ""anchor_eps"": 0.0001, ""sep_samples_per_class"": 4, ""sep_method"": ""classifier"", ""sep_margin"": 1.0, ""lambda_fit"": 0.001, ""lambda_sep"": 0.001, ""groupdro_enabled"": false, ""groupdro_eta"": 1.0, ""groupdro_gamma"": 0.9, ""groupdro_update_mode"": ""softmax"", ""groupdro_objective"": ""weighted"", ""groupdro_kl_lambda"": 0.0, ""groupdro_uniform_init"": true, ""log_interval"": 20, ""save_every"": 10, ""impute_missing"": true, ""common_encoder"": false, ""use_regret"": false, ""data_split_seed"": 1001}","{""num_groups"": 4, ""num_classes"": 2, ""train_total"": 522, ""test_total"": 185, ""train_group_counts"": [242, 235, 20, 25], ""test_group_counts"": [61, 59, 25, 40], ""train_class_counts"": [288, 234], ""test_class_counts"": [83, 102], ""train_group_class_counts"": [[131, 111], [150, 85], [1, 19], [6, 19]], ""test_group_class_counts"": [[33, 28], [38, 21], [2, 23], [10, 30]], ""group_proportions"": [0.46360153256704983, 0.4501915708812261, 0.038314176245210725, 0.04789272030651341]}",,2026-09-10T07:11:21.841477,27,0.29144222289323807,0.87890625,0.001,0.7675675675675676,0.7758738538482912,0.6,0.92,"[0.7868852459016393, 0.7966101694915254, 0.92, 0.6]","[0.48295860650441536, 0.7250430981403658, 0.4514125579962274, 1.6905143498443067]","[0.7108433734939759, 0.8137254901960784]","[[0.7878787878787878, 0.7857142857142857], [0.8157894736842105, 0.7619047619047619], [0.0, 1.0], [0.2, 0.7333333333333333]]","[61, 59, 25, 40]",0.7635888139320633,"[0.7859649122807018, 0.7825552825552824, 0.4791666666666667, 0.4666666666666667]",0.4666666666666667,1.6905143498443067,,,
"{""run_name"": ""fedheart_exp_paper_hetagg_gdro"", ""seed"": 22, ""run_dir"": ""runs/fedheart_cv/PerGroupOnly_s22_f1"", ""use_fedheart"": true, ""num_classes"": 2, ""stratified_batching"": true, ""train_frac"": 0.8, ""group_max_train_samples"": [null, null, 20, 25], ""true_hetero_input_dim"": true, ""feature_mask"": [[0, 1, 2, 3, 5, 6, 7, 8, 9, 10], [0, 1, 2, 3, 5, 6, 11, 12], [0, 1, 2, 4, 5, 7, 11, 12], [0, 1, 2, 4, 5, 6, 8, 9, 10]], ""batch_size"": 64, ""num_workers"": 0, ""epochs"": 100, ""early_stopping_patience"": 30, ""lr"": 0.001, ""weight_decay"": 0.0001, ""optimizer"": ""adam"", ""grad_clip"": 1.0, ""lr_scheduler"": ""cosine"", ""lr_min"": 1e-05, ""latent_dim"": 64, ""head_hidden"": 32, ""groups"": [{""name"": ""cleveland"", ""encoder"": ""mlp_tabular_ln"", ""input_dim"": 10, ""hidden_dim"": 64, ""dropout"": 0.1}, {""name"": ""hungarian"", ""encoder"": ""mlp_tabular_ln"", ""input_dim"": 8, ""hidden_dim"": 64, ""dropout"": 0.1}, {""name"": ""switzerland"", ""encoder"": ""mlp_tabular_ln"", ""input_dim"": 8, ""hidden_dim"": 64, ""dropout"": 0.1}, {""name"": ""va_long_beach"", ""encoder"": ""mlp_tabular_ln"", ""input_dim"": 9, ""hidden_dim"": 64, ""dropout"": 0.1}], ""anchor_eps"": 0.0001, ""sep_samples_per_class"": 4, ""sep_method"": ""classifier"", ""sep_margin"": 1.0, ""lambda_fit"": 0.001, ""lambda_sep"": 0.001, ""groupdro_enabled"": false, ""groupdro_eta"": 1.0, ""groupdro_gamma"": 0.9, ""groupdro_update_mode"": ""softmax"", ""groupdro_objective"": ""weighted"", ""groupdro_kl_lambda"": 0.0, ""groupdro_uniform_init"": true, ""log_interval"": 20, ""save_every"": 10, ""impute_missing"": true, ""common_encoder"": false, ""use_regret"": false, ""data_split_seed"": 1001}","{""num_groups"": 4, ""num_classes"": 2, ""train_total"": 522, ""test_total"": 185, ""train_group_counts"": [242, 235, 20, 25], ""test_group_counts"": [61, 59, 25, 40], ""train_class_counts"": [288, 234], ""test_class_counts"": [83, 102], ""train_group_class_counts"": [[131, 111], [150, 85], [1, 19], [6, 19]], ""test_group_class_counts"": [[33, 28], [38, 21], [2, 23], [10, 30]], ""group_proportions"": [0.46360153256704983, 0.4501915708812261, 0.038314176245210725, 0.04789272030651341]}",,2026-09-10T07:11:21.841477,28,0.2797957584261894,0.888671875,0.001,0.7675675675675676,0.7758738538482912,0.6,0.92,"[0.7868852459016393, 0.7966101694915254, 0.92, 0.6]","[0.4867646807755084, 0.7296515790631174, 0.4811151853617048, 1.726750704686856]","[0.7108433734939759, 0.8137254901960784]","[[0.7878787878787878, 0.7857142857142857], [0.8157894736842105, 0.7619047619047619], [0.0, 1.0], [0.2, 0.7333333333333333]]","[61, 59, 25, 40]",0.7635888139320633,"[0.7859649122807018, 0.7825552825552824, 0.4791666666666667, 0.4666666666666667]",0.4666666666666667,1.726750704686856,,,
"{""run_name"": ""fedheart_exp_paper_hetagg_gdro"", ""seed"": 22, ""run_dir"": ""runs/fedheart_cv/PerGroupOnly_s22_f1"", ""use_fedheart"": true, ""num_classes"": 2, ""stratified_batching"": true, ""train_frac"": 0.8, ""group_max_train_samples"": [null, null, 20, 25], ""true_hetero_input_dim"": true, ""feature_mask"": [[0, 1, 2, 3, 5, 6, 7, 8, 9, 10], [0, 1, 2, 3, 5, 6, 11, 12], [0, 1, 2, 4, 5, 7, 11, 12], [0, 1, 2, 4, 5, 6, 8, 9, 10]], ""batch_size"": 64, ""num_workers"": 0, ""epochs"": 100, ""early_stopping_patience"": 30, ""lr"": 0.001, ""weight_decay"": 0.0001, ""optimizer"": ""adam"", ""grad_clip"": 1.0, ""lr_scheduler"": ""cosine"", ""lr_min"": 1e-05, ""latent_dim"": 64, ""head_hidden"": 32, ""groups"": [{""name"": ""cleveland"", ""encoder"": ""mlp_tabular_ln"", ""input_dim"": 10, ""hidden_dim"": 64, ""dropout"": 0.1}, {""name"": ""hungarian"", ""encoder"": ""mlp_tabular_ln"", ""input_dim"": 8, ""hidden_dim"": 64, ""dropout"": 0.1}, {""name"": ""switzerland"", ""encoder"": ""mlp_tabular_ln"", ""input_dim"": 8, ""hidden_dim"": 64, ""dropout"": 0.1}, {""name"": ""va_long_beach"", ""encoder"": ""mlp_tabular_ln"", ""input_dim"": 9, ""hidden_dim"": 64, ""dropout"": 0.1}], ""anchor_eps"": 0.0001, ""sep_samples_per_class"": 4, ""sep_method"": ""classifier"", ""sep_margin"": 1.0, ""lambda_fit"": 0.001, ""lambda_sep"": 0.001, ""groupdro_enabled"": false, ""groupdro_eta"": 1.0, ""groupdro_gamma"": 0.9, ""groupdro_update_mode"": ""softmax"", ""groupdro_objective"": ""weighted"", ""groupdro_kl_lambda"": 0.0, ""groupdro_uniform_init"": true, ""log_interval"": 20, ""save_every"": 10, ""impute_missing"": true, ""common_encoder"": false, ""use_regret"": false, ""data_split_seed"": 1001}","{""num_groups"": 4, ""num_classes"": 2, ""train_total"": 522, ""test_total"": 185, ""train_group_counts"": [242, 235, 20, 25], ""test_group_counts"": [61, 59, 25, 40], ""train_class_counts"": [288, 234], ""test_class_counts"": [83, 102], ""train_group_class_counts"": [[131, 111], [150, 85], [1, 19], [6, 19]], ""test_group_class_counts"": [[33, 28], [38, 21], [2, 23], [10, 30]], ""group_proportions"": [0.46360153256704983, 0.4501915708812261, 0.038314176245210725, 0.04789272030651341]}",,2026-09-10T07:11:21.841477,29,0.2897942066192627,0.865234375,0.001,0.7675675675675676,0.7758738538482912,0.6,0.92,"[0.7868852459016393, 0.7966101694915254, 0.92, 0.6]","[0.49912515426146203, 0.7471058670672098, 0.4933125501702307, 1.7586992781056323]","[0.6987951807228916, 0.8235294117647058]","[[0.7575757575757576, 0.8214285714285714], [0.8157894736842105, 0.7619047619047619], [0.0, 1.0], [0.2, 0.7333333333333333]]","[61, 59, 25, 40]",0.7628841396166801,"[0.7866559052999732, 0.7825552825552824, 0.4791666666666667, 0.4666666666666667]",0.4666666666666667,1.7586992781056323,,,
"{""run_name"": ""fedheart_exp_paper_hetagg_gdro"", ""seed"": 22, ""run_dir"": ""runs/fedheart_cv/PerGroupOnly_s22_f1"", ""use_fedheart"": true, ""num_classes"": 2, ""stratified_batching"": true, ""train_frac"": 0.8, ""group_max_train_samples"": [null, null, 20, 25], ""true_hetero_input_dim"": true, ""feature_mask"": [[0, 1, 2, 3, 5, 6, 7, 8, 9, 10], [0, 1, 2, 3, 5, 6, 11, 12], [0, 1, 2, 4, 5, 7, 11, 12], [0, 1, 2, 4, 5, 6, 8, 9, 10]], ""batch_size"": 64, ""num_workers"": 0, ""epochs"": 100, ""early_stopping_patience"": 30, ""lr"": 0.001, ""weight_decay"": 0.0001, ""optimizer"": ""adam"", ""grad_clip"": 1.0, ""lr_scheduler"": ""cosine"", ""lr_min"": 1e-05, ""latent_dim"": 64, ""head_hidden"": 32, ""groups"": [{""name"": ""cleveland"", ""encoder"": ""mlp_tabular_ln"", ""input_dim"": 10, ""hidden_dim"": 64, ""dropout"": 0.1}, {""name"": ""hungarian"", ""encoder"": ""mlp_tabular_ln"", ""input_dim"": 8, ""hidden_dim"": 64, ""dropout"": 0.1}, {""name"": ""switzerland"", ""encoder"": ""mlp_tabular_ln"", ""input_dim"": 8, ""hidden_dim"": 64, ""dropout"": 0.1}, {""name"": ""va_long_beach"", ""encoder"": ""mlp_tabular_ln"", ""input_dim"": 9, ""hidden_dim"": 64, ""dropout"": 0.1}], ""anchor_eps"": 0.0001, ""sep_samples_per_class"": 4, ""sep_method"": ""classifier"", ""sep_margin"": 1.0, ""lambda_fit"": 0.001, ""lambda_sep"": 0.001, ""groupdro_enabled"": false, ""groupdro_eta"": 1.0, ""groupdro_gamma"": 0.9, ""groupdro_update_mode"": ""softmax"", ""groupdro_objective"": ""weighted"", ""groupdro_kl_lambda"": 0.0, ""groupdro_uniform_init"": true, ""log_interval"": 20, ""save_every"": 10, ""impute_missing"": true, ""common_encoder"": false, ""use_regret"": false, ""data_split_seed"": 1001}","{""num_groups"": 4, ""num_classes"": 2, ""train_total"": 522, ""test_total"": 185, ""train_group_counts"": [242, 235, 20, 25], ""test_group_counts"": [61, 59, 25, 40], ""train_class_counts"": [288, 234], ""test_class_counts"": [83, 102], ""train_group_class_counts"": [[131, 111], [150, 85], [1, 19], [6, 19]], ""test_group_class_counts"": [[33, 28], [38, 21], [2, 23], [10, 30]], ""group_proportions"": [0.46360153256704983, 0.4501915708812261, 0.038314176245210725, 0.04789272030651341]}",,2026-09-10T07:11:21.841477,30,0.29517881758511066,0.876953125,0.001,0.7783783783783784,0.7842095026396221,0.6,0.92,"[0.8032786885245902, 0.8135593220338984, 0.92, 0.6]","[0.5077814924884702, 0.7491112040184138, 0.5030902014509775, 1.7712237966552493]","[0.6987951807228916, 0.8431372549019608]","[[0.7575757575757576, 0.8571428571428571], [0.8157894736842105, 0.8095238095238095], [0.0, 1.0], [0.2, 0.7333333333333333]]","[61, 59, 25, 40]",0.7731826201369576,"[0.8032258064516129, 0.802435312024353, 0.4791666666666667, 0.4666666666666667]",0.4666666666666667,1.7712237966552493,,,
"{""run_name"": ""fedheart_exp_paper_hetagg_gdro"", ""seed"": 22, ""run_dir"": ""runs/fedheart_cv/PerGroupOnly_s22_f1"", ""use_fedheart"": true, ""num_classes"": 2, ""stratified_batching"": true, ""train_frac"": 0.8, ""group_max_train_samples"": [null, null, 20, 25], ""true_hetero_input_dim"": true, ""feature_mask"": [[0, 1, 2, 3, 5, 6, 7, 8, 9, 10], [0, 1, 2, 3, 5, 6, 11, 12], [0, 1, 2, 4, 5, 7, 11, 12], [0, 1, 2, 4, 5, 6, 8, 9, 10]], ""batch_size"": 64, ""num_workers"": 0, ""epochs"": 100, ""early_stopping_patience"": 30, ""lr"": 0.001, ""weight_decay"": 0.0001, ""optimizer"": ""adam"", ""grad_clip"": 1.0, ""lr_scheduler"": ""cosine"", ""lr_min"": 1e-05, ""latent_dim"": 64, ""head_hidden"": 32, ""groups"": [{""name"": ""cleveland"", ""encoder"": ""mlp_tabular_ln"", ""input_dim"": 10, ""hidden_dim"": 64, ""dropout"": 0.1}, {""name"": ""hungarian"", ""encoder"": ""mlp_tabular_ln"", ""input_dim"": 8, ""hidden_dim"": 64, ""dropout"": 0.1}, {""name"": ""switzerland"", ""encoder"": ""mlp_tabular_ln"", ""input_dim"": 8, ""hidden_dim"": 64, ""dropout"": 0.1}, {""name"": ""va_long_beach"", ""encoder"": ""mlp_tabular_ln"", ""input_dim"": 9, ""hidden_dim"": 64, ""dropout"": 0.1}], ""anchor_eps"": 0.0001, ""sep_samples_per_class"": 4, ""sep_method"": ""classifier"", ""sep_margin"": 1.0, ""lambda_fit"": 0.001, ""lambda_sep"": 0.001, ""groupdro_enabled"": false, ""groupdro_eta"": 1.0, ""groupdro_gamma"": 0.9, ""groupdro_update_mode"": ""softmax"", ""groupdro_objective"": ""weighted"", ""groupdro_kl_lambda"": 0.0, ""groupdro_uniform_init"": true, ""log_interval"": 20, ""save_every"": 10, ""impute_missing"": true, ""common_encoder"": false, ""use_regret"": false, ""data_split_seed"": 1001}","{""num_groups"": 4, ""num_classes"": 2, ""train_total"": 522, ""test_total"": 185, ""train_group_counts"": [242, 235, 20, 25], ""test_group_counts"": [61, 59, 25, 40], ""train_class_counts"": [288, 234], ""test_class_counts"": [83, 102], ""train_group_class_counts"": [[131, 111], [150, 85], [1, 19], [6, 19]], ""test_group_class_counts"": [[33, 28], [38, 21], [2, 23], [10, 30]], ""group_proportions"": [0.46360153256704983, 0.4501915708812261, 0.038314176245210725, 0.04789272030651341]}",,2026-09-10T07:11:21.841477,31,0.28516125679016113,0.88671875,0.001,0.7675675675675676,0.7758738538482912,0.6,0.92,"[0.7868852459016393, 0.7966101694915254, 0.92, 0.6]","[0.5070821045459912, 0.7800285332851996, 0.49763622527185364, 1.7730115974569345]","[0.6867469879518072, 0.8333333333333334]","[[0.7272727272727273, 0.8571428571428571], [0.8157894736842105, 0.7619047619047619], [0.0, 1.0], [0.2, 0.7333333333333333]]","[61, 59, 25, 40]",0.7621183577046142,"[0.7868852459016394, 0.7825552825552824, 0.4791666666666667, 0.4666666666666667]",0.4666666666666667,1.7730115974569345,,,
"{""run_name"": ""fedheart_exp_paper_hetagg_gdro"", ""seed"": 22, ""run_dir"": ""runs/fedheart_cv/PerGroupOnly_s22_f1"", ""use_fedheart"": true, ""num_classes"": 2, ""stratified_batching"": true, ""train_frac"": 0.8, ""group_max_train_samples"": [null, null, 20, 25], ""true_hetero_input_dim"": true, ""feature_mask"": [[0, 1, 2, 3, 5, 6, 7, 8, 9, 10], [0, 1, 2, 3, 5, 6, 11, 12], [0, 1, 2, 4, 5, 7, 11, 12], [0, 1, 2, 4, 5, 6, 8, 9, 10]], ""batch_size"": 64, ""num_workers"": 0, ""epochs"": 100, ""early_stopping_patience"": 30, ""lr"": 0.001, ""weight_decay"": 0.0001, ""optimizer"": ""adam"", ""grad_clip"": 1.0, ""lr_scheduler"": ""cosine"", ""lr_min"": 1e-05, ""latent_dim"": 64, ""head_hidden"": 32, ""groups"": [{""name"": ""cleveland"", ""encoder"": ""mlp_tabular_ln"", ""input_dim"": 10, ""hidden_dim"": 64, ""dropout"": 0.1}, {""name"": ""hungarian"", ""encoder"": ""mlp_tabular_ln"", ""input_dim"": 8, ""hidden_dim"": 64, ""dropout"": 0.1}, {""name"": ""switzerland"", ""encoder"": ""mlp_tabular_ln"", ""input_dim"": 8, ""hidden_dim"": 64, ""dropout"": 0.1}, {""name"": ""va_long_beach"", ""encoder"": ""mlp_tabular_ln"", ""input_dim"": 9, ""hidden_dim"": 64, ""dropout"": 0.1}], ""anchor_eps"": 0.0001, ""sep_samples_per_class"": 4, ""sep_method"": ""classifier"", ""sep_margin"": 1.0, ""lambda_fit"": 0.001, ""lambda_sep"": 0.001, ""groupdro_enabled"": false, ""groupdro_eta"": 1.0, ""groupdro_gamma"": 0.9, ""groupdro_update_mode"": ""softmax"", ""groupdro_objective"": ""weighted"", ""groupdro_kl_lambda"": 0.0, ""groupdro_uniform_init"": true, ""log_interval"": 20, ""save_every"": 10, ""impute_missing"": true, ""common_encoder"": false, ""use_regret"": false, ""data_split_seed"": 1001}","{""num_groups"": 4, ""num_classes"": 2, ""train_total"": 522, ""test_total"": 185, ""train_group_counts"": [242, 235, 20, 25], ""test_group_counts"": [61, 59, 25, 40], ""train_class_counts"": [288, 234], ""test_class_counts"": [83, 102], ""train_group_class_counts"": [[131, 111], [150, 85], [1, 19], [6, 19]], ""test_group_class_counts"": [[33, 28], [38, 21], [2, 23], [10, 30]], ""group_proportions"": [0.46360153256704983, 0.4501915708812261, 0.038314176245210725, 0.04789272030651341]}",,2026-09-10T07:11:21.841477,32,0.29191779159009457,0.880859375,0.001,0.745945945945946,0.7594804112253404,0.6,0.92,"[0.7213114754098361, 0.7966101694915254, 0.92, 0.6]","[0.5395670749054321, 0.8166771261751558, 0.49469349399150814, 1.7798422298947116]","[0.6746987951807228, 0.803921568627451]","[[0.696969696969697, 0.75], [0.8157894736842105, 0.7619047619047619], [0.0, 1.0], [0.2, 0.7333333333333333]]","[61, 59, 25, 40]",0.7408268502786968,"[0.7210115684691957, 0.7825552825552824, 0.4791666666666667, 0.4666666666666667]",0.4666666666666667,1.7798422298947116,,,
"{""run_name"": ""fedheart_exp_paper_hetagg_gdro"", ""seed"": 22, ""run_dir"": ""runs/fedheart_cv/PerGroupOnly_s22_f1"", ""use_fedheart"": true, ""num_classes"": 2, ""stratified_batching"": true, ""train_frac"": 0.8, ""group_max_train_samples"": [null, null, 20, 25], ""true_hetero_input_dim"": true, ""feature_mask"": [[0, 1, 2, 3, 5, 6, 7, 8, 9, 10], [0, 1, 2, 3, 5, 6, 11, 12], [0, 1, 2, 4, 5, 7, 11, 12], [0, 1, 2, 4, 5, 6, 8, 9, 10]], ""batch_size"": 64, ""num_workers"": 0, ""epochs"": 100, ""early_stopping_patience"": 30, ""lr"": 0.001, ""weight_decay"": 0.0001, ""optimizer"": ""adam"", ""grad_clip"": 1.0, ""lr_scheduler"": ""cosine"", ""lr_min"": 1e-05, ""latent_dim"": 64, ""head_hidden"": 32, ""groups"": [{""name"": ""cleveland"", ""encoder"": ""mlp_tabular_ln"", ""input_dim"": 10, ""hidden_dim"": 64, ""dropout"": 0.1}, {""name"": ""hungarian"", ""encoder"": ""mlp_tabular_ln"", ""input_dim"": 8, ""hidden_dim"": 64, ""dropout"": 0.1}, {""name"": ""switzerland"", ""encoder"": ""mlp_tabular_ln"", ""input_dim"": 8, ""hidden_dim"": 64, ""dropout"": 0.1}, {""name"": ""va_long_beach"", ""encoder"": ""mlp_tabular_ln"", ""input_dim"": 9, ""hidden_dim"": 64, ""dropout"": 0.1}], ""anchor_eps"": 0.0001, ""sep_samples_per_class"": 4, ""sep_method"": ""classifier"", ""sep_margin"": 1.0, ""lambda_fit"": 0.001, ""lambda_sep"": 0.001, ""groupdro_enabled"": false, ""groupdro_eta"": 1.0, ""groupdro_gamma"": 0.9, ""groupdro_update_mode"": ""softmax"", ""groupdro_objective"": ""weighted"", ""groupdro_kl_lambda"": 0.0, ""groupdro_uniform_init"": true, ""log_interval"": 20, ""save_every"": 10, ""impute_missing"": true, ""common_encoder"": false, ""use_regret"": false, ""data_split_seed"": 1001}","{""num_groups"": 4, ""num_classes"": 2, ""train_total"": 522, ""test_total"": 185, ""train_group_counts"": [242, 235, 20, 25], ""test_group_counts"": [61, 59, 25, 40], ""train_class_counts"": [288, 234], ""test_class_counts"": [83, 102], ""train_group_class_counts"": [[131, 111], [150, 85], [1, 19], [6, 19]], ""test_group_class_counts"": [[33, 28], [38, 21], [2, 23], [10, 30]], ""group_proportions"": [0.46360153256704983, 0.4501915708812261, 0.038314176245210725, 0.04789272030651341]}",,2026-09-10T07:11:21.841477,33,0.269216563552618,0.884765625,0.001,0.7567567567567568,0.7678160600166714,0.6,0.92,"[0.7377049180327869, 0.8135593220338984, 0.92, 0.6]","[0.545408445402081, 0.8207869384471342, 0.49832547463593074, 1.7944714184865007]","[0.6867469879518072, 0.8137254901960784]","[[0.7272727272727273, 0.75], [0.8157894736842105, 0.8095238095238095], [0.0, 1.0], [0.2, 0.7333333333333333]]","[61, 59, 25, 40]",0.7518554949476884,"[0.7370689655172413, 0.802435312024353, 0.4791666666666667, 0.4666666666666667]",0.4666666666666667,1.7944714184865007,,,
"{""run_name"": ""fedheart_exp_paper_hetagg_gdro"", ""seed"": 22, ""run_dir"": ""runs/fedheart_cv/PerGroupOnly_s22_f1"", ""use_fedheart"": true, ""num_classes"": 2, ""stratified_batching"": true, ""train_frac"": 0.8, ""group_max_train_samples"": [null, null, 20, 25], ""true_hetero_input_dim"": true, ""feature_mask"": [[0, 1, 2, 3, 5, 6, 7, 8, 9, 10], [0, 1, 2, 3, 5, 6, 11, 12], [0, 1, 2, 4, 5, 7, 11, 12], [0, 1, 2, 4, 5, 6, 8, 9, 10]], ""batch_size"": 64, ""num_workers"": 0, ""epochs"": 100, ""early_stopping_patience"": 30, ""lr"": 0.001, ""weight_decay"": 0.0001, ""optimizer"": ""adam"", ""grad_clip"": 1.0, ""lr_scheduler"": ""cosine"", ""lr_min"": 1e-05, ""latent_dim"": 64, ""head_hidden"": 32, ""groups"": [{""name"": ""cleveland"", ""encoder"": ""mlp_tabular_ln"", ""input_dim"": 10, ""hidden_dim"": 64, ""dropout"": 0.1}, {""name"": ""hungarian"", ""encoder"": ""mlp_tabular_ln"", ""input_dim"": 8, ""hidden_dim"": 64, ""dropout"": 0.1}, {""name"": ""switzerland"", ""encoder"": ""mlp_tabular_ln"", ""input_dim"": 8, ""hidden_dim"": 64, ""dropout"": 0.1}, {""name"": ""va_long_beach"", ""encoder"": ""mlp_tabular_ln"", ""input_dim"": 9, ""hidden_dim"": 64, ""dropout"": 0.1}], ""anchor_eps"": 0.0001, ""sep_samples_per_class"": 4, ""sep_method"": ""classifier"", ""sep_margin"": 1.0, ""lambda_fit"": 0.001, ""lambda_sep"": 0.001, ""groupdro_enabled"": false, ""groupdro_eta"": 1.0, ""groupdro_gamma"": 0.9, ""groupdro_update_mode"": ""softmax"", ""groupdro_objective"": ""weighted"", ""groupdro_kl_lambda"": 0.0, ""groupdro_uniform_init"": true, ""log_interval"": 20, ""save_every"": 10, ""impute_missing"": true, ""common_encoder"": false, ""use_regret"": false, ""data_split_seed"": 1001}","{""num_groups"": 4, ""num_classes"": 2, ""train_total"": 522, ""test_total"": 185, ""train_group_counts"": [242, 235, 20, 25], ""test_group_counts"": [61, 59, 25, 40], ""train_class_counts"": [288, 234], ""test_class_counts"": [83, 102], ""train_group_class_counts"": [[131, 111], [150, 85], [1, 19], [6, 19]], ""test_group_class_counts"": [[33, 28], [38, 21], [2, 23], [10, 30]], ""group_proportions"": [0.46360153256704983, 0.4501915708812261, 0.038314176245210725, 0.04789272030651341]}",,2026-09-10T07:11:21.841477,34,0.2572678942233324,0.8984375,0.001,0.7621621621621621,0.7717754931925535,0.6,0.92,"[0.7704918032786885, 0.7966101694915254, 0.92, 0.6]","[0.5504395698557882, 0.8095074615883247, 0.49939385050121926, 1.8270968076270946]","[0.6867469879518072, 0.8235294117647058]","[[0.7272727272727273, 0.8214285714285714], [0.8157894736842105, 0.7619047619047619], [0.0, 1.0], [0.2, 0.7333333333333333]]","[61, 59, 25, 40]",0.7569859087652258,"[0.7704301075268817, 0.7825552825552824, 0.4791666666666667, 0.4666666666666667]",0.4666666666666667,1.8270968076270946,,,
"{""run_name"": ""fedheart_exp_paper_hetagg_gdro"", ""seed"": 22, ""run_dir"": ""runs/fedheart_cv/PerGroupOnly_s22_f1"", ""use_fedheart"": true, ""num_classes"": 2, ""stratified_batching"": true, ""train_frac"": 0.8, ""group_max_train_samples"": [null, null, 20, 25], ""true_hetero_input_dim"": true, ""feature_mask"": [[0, 1, 2, 3, 5, 6, 7, 8, 9, 10], [0, 1, 2, 3, 5, 6, 11, 12], [0, 1, 2, 4, 5, 7, 11, 12], [0, 1, 2, 4, 5, 6, 8, 9, 10]], ""batch_size"": 64, ""num_workers"": 0, ""epochs"": 100, ""early_stopping_patience"": 30, ""lr"": 0.001, ""weight_decay"": 0.0001, ""optimizer"": ""adam"", ""grad_clip"": 1.0, ""lr_scheduler"": ""cosine"", ""lr_min"": 1e-05, ""latent_dim"": 64, ""head_hidden"": 32, ""groups"": [{""name"": ""cleveland"", ""encoder"": ""mlp_tabular_ln"", ""input_dim"": 10, ""hidden_dim"": 64, ""dropout"": 0.1}, {""name"": ""hungarian"", ""encoder"": ""mlp_tabular_ln"", ""input_dim"": 8, ""hidden_dim"": 64, ""dropout"": 0.1}, {""name"": ""switzerland"", ""encoder"": ""mlp_tabular_ln"", ""input_dim"": 8, ""hidden_dim"": 64, ""dropout"": 0.1}, {""name"": ""va_long_beach"", ""encoder"": ""mlp_tabular_ln"", ""input_dim"": 9, ""hidden_dim"": 64, ""dropout"": 0.1}], ""anchor_eps"": 0.0001, ""sep_samples_per_class"": 4, ""sep_method"": ""classifier"", ""sep_margin"": 1.0, ""lambda_fit"": 0.001, ""lambda_sep"": 0.001, ""groupdro_enabled"": false, ""groupdro_eta"": 1.0, ""groupdro_gamma"": 0.9, ""groupdro_update_mode"": ""softmax"", ""groupdro_objective"": ""weighted"", ""groupdro_kl_lambda"": 0.0, ""groupdro_uniform_init"": true, ""log_interval"": 20, ""save_every"": 10, ""impute_missing"": true, ""common_encoder"": false, ""use_regret"": false, ""data_split_seed"": 1001}","{""num_groups"": 4, ""num_classes"": 2, ""train_total"": 522, ""test_total"": 185, ""train_group_counts"": [242, 235, 20, 25], ""test_group_counts"": [61, 59, 25, 40], ""train_class_counts"": [288, 234], ""test_class_counts"": [83, 102], ""train_group_class_counts"": [[131, 111], [150, 85], [1, 19], [6, 19]], ""test_group_class_counts"": [[33, 28], [38, 21], [2, 23], [10, 30]], ""group_proportions"": [0.46360153256704983, 0.4501915708812261, 0.038314176245210725, 0.04789272030651341]}",,2026-09-10T07:11:21.841477,35,0.27206915244460106,0.884765625,0.001,0.7567567567567568,0.7678160600166714,0.6,0.92,"[0.7377049180327869, 0.8135593220338984, 0.92, 0.6]","[0.5434414133888509, 0.8404443745059356, 0.4915333132611704, 1.8623714250476042]","[0.6987951807228916, 0.803921568627451]","[[0.7575757575757576, 0.7142857142857143], [0.8157894736842105, 0.8095238095238095], [0.0, 1.0], [0.2, 0.7333333333333333]]","[61, 59, 25, 40]",0.7525929448126244,"[0.7359307359307359, 0.802435312024353, 0.4791666666666667, 0.4666666666666667]",0.4666666666666667,1.8623714250476042,,,
