config,dataset_info,groupdro_config,start_time,epoch,train_loss,train_acc,learning_rate,test_overall_acc,test_balanced_acc,test_worst_group_acc,test_best_group_acc,test_worst_group_bal_acc,test_per_group_bal_acc,test_per_group_acc,test_per_group_loss,test_per_class_acc,test_per_group_per_class_acc,test_per_group_counts,test_overall_auroc,test_per_group_sensitivity,test_per_group_specificity,test_per_group_f1,test_per_group_auroc,test_mean_group_f1,test_worst_group_f1,groupdro_weights,groupdro_pi
"{""run_name"": ""nhanes_pergroup_gdro"", ""seed"": 11, ""run_dir"": ""runs/matrix_nhanes_nested/PerGroupOnly_s11"", ""use_nhanes"": true, ""num_classes"": 2, ""stratified_batching"": true, ""train_frac"": 0.8, ""use_post_pandemic"": true, ""data_split_seed"": 100, ""batch_size"": 128, ""num_workers"": 0, ""epochs"": 100, ""early_stopping_patience"": 25, ""lr"": 0.001, ""weight_decay"": 0.0001, ""optimizer"": ""adam"", ""grad_clip"": 1.0, ""lr_scheduler"": ""cosine"", ""lr_min"": 1e-05, ""latent_dim"": 64, ""head_hidden"": 32, ""common_encoder"": false, ""groups"": [{""name"": ""survey_only"", ""encoder"": ""mlp_tabular_ln"", ""input_dim"": 10, ""hidden_dim"": 64, ""dropout"": 0.1}, {""name"": ""exam"", ""encoder"": ""mlp_tabular_ln"", ""input_dim"": 13, ""hidden_dim"": 64, ""dropout"": 0.1}, {""name"": ""vitals_labs"", ""encoder"": ""mlp_tabular_ln"", ""input_dim"": 20, ""hidden_dim"": 64, ""dropout"": 0.1}], ""anchor_eps"": 0.0001, ""sep_samples_per_class"": 4, ""sep_method"": ""classifier"", ""sep_margin"": 1.0, ""lambda_fit"": 0.001, ""lambda_sep"": 0.001, ""groupdro_enabled"": false, ""groupdro_eta"": 1.0, ""groupdro_gamma"": 0.9, ""groupdro_update_mode"": ""softmax"", ""groupdro_objective"": ""weighted"", ""groupdro_kl_lambda"": 0.0, ""groupdro_uniform_init"": false, ""log_interval"": 20, ""save_every"": 10, ""use_regret"": false}","{""num_groups"": 3, ""num_classes"": 2, ""train_total"": 13604, ""test_total"": 3401, ""train_group_counts"": [2133, 2118, 9353], ""test_group_counts"": [533, 530, 2338], ""train_class_counts"": [12174, 1430], ""test_class_counts"": [3043, 358], ""train_group_class_counts"": [[1876, 257], [1908, 210], [8390, 963]], ""test_group_class_counts"": [[469, 64], [477, 53], [2097, 241]], ""group_proportions"": [0.15679211996471626, 0.15568950308732726, 0.6875183769479565], ""group_names"": [""survey_only"", ""exam"", ""vitals_labs""], ""group_feature_counts"": {""0"": 10, ""1"": 13, ""2"": 20}, ""max_features"": 20, ""feature_mode"": ""nested""}",,2026-09-10T04:17:53.246295,1,0.6237181196772503,0.6687964338427312,0.001,0.669214936783299,0.6724817590460441,0.6454033771106942,0.7056603773584905,0.710691823899371,"[0.7242970415778252, 0.710691823899371, 0.7332248994315135]","[0.6454033771106942, 0.7056603773584905, 0.6663815226689478]","[0.5909491167464914, 0.5025608521517155, 0.5527709950067555]","[0.6533026618468617, 0.8044692737430168]","[[0.6204690831556503, 0.828125], [0.7044025157232704, 0.7169811320754716], [0.6490224129709108, 0.8174273858921162]]","[533, 530, 2338]",0.8017104004611738,"[0.828125, 0.7169811320754716, 0.8174273858921162]","[0.6204690831556503, 0.7044025157232704, 0.6490224129709108]","[0.359322033898305, 0.3275862068965517, 0.3356047700170358]","[0.7871635127931771, 0.7624302836121989, 0.8145819853297638]",0.34083767027063083,0.3275862068965517,,
"{""run_name"": ""nhanes_pergroup_gdro"", ""seed"": 11, ""run_dir"": ""runs/matrix_nhanes_nested/PerGroupOnly_s11"", ""use_nhanes"": true, ""num_classes"": 2, ""stratified_batching"": true, ""train_frac"": 0.8, ""use_post_pandemic"": true, ""data_split_seed"": 100, ""batch_size"": 128, ""num_workers"": 0, ""epochs"": 100, ""early_stopping_patience"": 25, ""lr"": 0.001, ""weight_decay"": 0.0001, ""optimizer"": ""adam"", ""grad_clip"": 1.0, ""lr_scheduler"": ""cosine"", ""lr_min"": 1e-05, ""latent_dim"": 64, ""head_hidden"": 32, ""common_encoder"": false, ""groups"": [{""name"": ""survey_only"", ""encoder"": ""mlp_tabular_ln"", ""input_dim"": 10, ""hidden_dim"": 64, ""dropout"": 0.1}, {""name"": ""exam"", ""encoder"": ""mlp_tabular_ln"", ""input_dim"": 13, ""hidden_dim"": 64, ""dropout"": 0.1}, {""name"": ""vitals_labs"", ""encoder"": ""mlp_tabular_ln"", ""input_dim"": 20, ""hidden_dim"": 64, ""dropout"": 0.1}], ""anchor_eps"": 0.0001, ""sep_samples_per_class"": 4, ""sep_method"": ""classifier"", ""sep_margin"": 1.0, ""lambda_fit"": 0.001, ""lambda_sep"": 0.001, ""groupdro_enabled"": false, ""groupdro_eta"": 1.0, ""groupdro_gamma"": 0.9, ""groupdro_update_mode"": ""softmax"", ""groupdro_objective"": ""weighted"", ""groupdro_kl_lambda"": 0.0, ""groupdro_uniform_init"": false, ""log_interval"": 20, ""save_every"": 10, ""use_regret"": false}","{""num_groups"": 3, ""num_classes"": 2, ""train_total"": 13604, ""test_total"": 3401, ""train_group_counts"": [2133, 2118, 9353], ""test_group_counts"": [533, 530, 2338], ""train_class_counts"": [12174, 1430], ""test_class_counts"": [3043, 358], ""train_group_class_counts"": [[1876, 257], [1908, 210], [8390, 963]], ""test_group_class_counts"": [[469, 64], [477, 53], [2097, 241]], ""group_proportions"": [0.15679211996471626, 0.15568950308732726, 0.6875183769479565], ""group_names"": [""survey_only"", ""exam"", ""vitals_labs""], ""group_feature_counts"": {""0"": 10, ""1"": 13, ""2"": 20}, ""max_features"": 20, ""feature_mode"": ""nested""}",,2026-09-10T04:17:53.246295,2,0.5505975625844448,0.699108469557089,0.001,0.6895030873272567,0.688624191869519,0.6547842401500938,0.720754716981132,0.7228811300639659,"[0.7228811300639659, 0.7274633123689727, 0.7447410546977801]","[0.6547842401500938, 0.720754716981132, 0.6903336184773311]","[0.5445622973717176, 0.49835745983247487, 0.5036224348899184]","[0.6763062767006244, 0.8016759776536313]","[[0.6332622601279317, 0.8125], [0.7190775681341719, 0.7358490566037735], [0.676204101096805, 0.8132780082987552]]","[533, 530, 2338]",0.8064575351066738,"[0.8125, 0.7358490566037735, 0.8132780082987552]","[0.6332622601279317, 0.7190775681341719, 0.676204101096805]","[0.3611111111111111, 0.3451327433628319, 0.35125448028673834]","[0.7901785714285715, 0.7758395633084134, 0.8175757899548258]",0.35249944492022706,0.3451327433628319,,
"{""run_name"": ""nhanes_pergroup_gdro"", ""seed"": 11, ""run_dir"": ""runs/matrix_nhanes_nested/PerGroupOnly_s11"", ""use_nhanes"": true, ""num_classes"": 2, ""stratified_batching"": true, ""train_frac"": 0.8, ""use_post_pandemic"": true, ""data_split_seed"": 100, ""batch_size"": 128, ""num_workers"": 0, ""epochs"": 100, ""early_stopping_patience"": 25, ""lr"": 0.001, ""weight_decay"": 0.0001, ""optimizer"": ""adam"", ""grad_clip"": 1.0, ""lr_scheduler"": ""cosine"", ""lr_min"": 1e-05, ""latent_dim"": 64, ""head_hidden"": 32, ""common_encoder"": false, ""groups"": [{""name"": ""survey_only"", ""encoder"": ""mlp_tabular_ln"", ""input_dim"": 10, ""hidden_dim"": 64, ""dropout"": 0.1}, {""name"": ""exam"", ""encoder"": ""mlp_tabular_ln"", ""input_dim"": 13, ""hidden_dim"": 64, ""dropout"": 0.1}, {""name"": ""vitals_labs"", ""encoder"": ""mlp_tabular_ln"", ""input_dim"": 20, ""hidden_dim"": 64, ""dropout"": 0.1}], ""anchor_eps"": 0.0001, ""sep_samples_per_class"": 4, ""sep_method"": ""classifier"", ""sep_margin"": 1.0, ""lambda_fit"": 0.001, ""lambda_sep"": 0.001, ""groupdro_enabled"": false, ""groupdro_eta"": 1.0, ""groupdro_gamma"": 0.9, ""groupdro_update_mode"": ""softmax"", ""groupdro_objective"": ""weighted"", ""groupdro_kl_lambda"": 0.0, ""groupdro_uniform_init"": false, ""log_interval"": 20, ""save_every"": 10, ""use_regret"": false}","{""num_groups"": 3, ""num_classes"": 2, ""train_total"": 13604, ""test_total"": 3401, ""train_group_counts"": [2133, 2118, 9353], ""test_group_counts"": [533, 530, 2338], ""train_class_counts"": [12174, 1430], ""test_class_counts"": [3043, 358], ""train_group_class_counts"": [[1876, 257], [1908, 210], [8390, 963]], ""test_group_class_counts"": [[469, 64], [477, 53], [2097, 241]], ""group_proportions"": [0.15679211996471626, 0.15568950308732726, 0.6875183769479565], ""group_names"": [""survey_only"", ""exam"", ""vitals_labs""], ""group_feature_counts"": {""0"": 10, ""1"": 13, ""2"": 20}, ""max_features"": 20, ""feature_mode"": ""nested""}",,2026-09-10T04:17:53.246295,3,0.5353418688274599,0.6826894502583088,0.001,0.702440458688621,0.6983089514472217,0.651031894934334,0.7377358490566037,0.720748933901919,"[0.720748933901919, 0.7285115303983228, 0.749890675673804]","[0.651031894934334, 0.7377358490566037, 0.7061591103507271]","[0.57627396098221, 0.46586606811802345, 0.49631503152990053]","[0.6917515609595793, 0.7932960893854749]","[[0.6289978678038379, 0.8125], [0.740041928721174, 0.7169811320754716], [0.6948020982355746, 0.8049792531120332]]","[533, 530, 2338]",0.8079524028955547,"[0.8125, 0.7169811320754716, 0.8049792531120332]","[0.6289978678038379, 0.740041928721174, 0.6948020982355746]","[0.3586206896551724, 0.3534883720930232, 0.3609302325581395]","[0.7872634594882729, 0.7743760136070567, 0.8210365726972142]",0.3576797647687784,0.3534883720930232,,
"{""run_name"": ""nhanes_pergroup_gdro"", ""seed"": 11, ""run_dir"": ""runs/matrix_nhanes_nested/PerGroupOnly_s11"", ""use_nhanes"": true, ""num_classes"": 2, ""stratified_batching"": true, ""train_frac"": 0.8, ""use_post_pandemic"": true, ""data_split_seed"": 100, ""batch_size"": 128, ""num_workers"": 0, ""epochs"": 100, ""early_stopping_patience"": 25, ""lr"": 0.001, ""weight_decay"": 0.0001, ""optimizer"": ""adam"", ""grad_clip"": 1.0, ""lr_scheduler"": ""cosine"", ""lr_min"": 1e-05, ""latent_dim"": 64, ""head_hidden"": 32, ""common_encoder"": false, ""groups"": [{""name"": ""survey_only"", ""encoder"": ""mlp_tabular_ln"", ""input_dim"": 10, ""hidden_dim"": 64, ""dropout"": 0.1}, {""name"": ""exam"", ""encoder"": ""mlp_tabular_ln"", ""input_dim"": 13, ""hidden_dim"": 64, ""dropout"": 0.1}, {""name"": ""vitals_labs"", ""encoder"": ""mlp_tabular_ln"", ""input_dim"": 20, ""hidden_dim"": 64, ""dropout"": 0.1}], ""anchor_eps"": 0.0001, ""sep_samples_per_class"": 4, ""sep_method"": ""classifier"", ""sep_margin"": 1.0, ""lambda_fit"": 0.001, ""lambda_sep"": 0.001, ""groupdro_enabled"": false, ""groupdro_eta"": 1.0, ""groupdro_gamma"": 0.9, ""groupdro_update_mode"": ""softmax"", ""groupdro_objective"": ""weighted"", ""groupdro_kl_lambda"": 0.0, ""groupdro_uniform_init"": false, ""log_interval"": 20, ""save_every"": 10, ""use_regret"": false}","{""num_groups"": 3, ""num_classes"": 2, ""train_total"": 13604, ""test_total"": 3401, ""train_group_counts"": [2133, 2118, 9353], ""test_group_counts"": [533, 530, 2338], ""train_class_counts"": [12174, 1430], ""test_class_counts"": [3043, 358], ""train_group_class_counts"": [[1876, 257], [1908, 210], [8390, 963]], ""test_group_class_counts"": [[469, 64], [477, 53], [2097, 241]], ""group_proportions"": [0.15679211996471626, 0.15568950308732726, 0.6875183769479565], ""group_names"": [""survey_only"", ""exam"", ""vitals_labs""], ""group_feature_counts"": {""0"": 10, ""1"": 13, ""2"": 20}, ""max_features"": 20, ""feature_mode"": ""nested""}",,2026-09-10T04:17:53.246295,4,0.5215934655021593,0.6907132243684992,0.001,0.7147897677153778,0.7081418266212047,0.6754221388367729,0.7283018867924528,0.6981132075471698,"[0.7211154051172708, 0.6981132075471698, 0.7414712185160781]","[0.6754221388367729, 0.7283018867924528, 0.7207014542343884]","[0.5408535185715578, 0.4496186966586085, 0.45719927988673176]","[0.7101544528425896, 0.7541899441340782]","[[0.6609808102345416, 0.78125], [0.7358490566037735, 0.660377358490566], [0.7153075822603719, 0.7676348547717843]]","[533, 530, 2338]",0.8074755322683989,"[0.78125, 0.660377358490566, 0.7676348547717843]","[0.6609808102345416, 0.7358490566037735, 0.7153075822603719]","[0.36630036630036633, 0.32710280373831774, 0.3616813294232649]","[0.7865971481876333, 0.7788853289031288, 0.8190212455256176]",0.35169483315398303,0.32710280373831774,,
"{""run_name"": ""nhanes_pergroup_gdro"", ""seed"": 11, ""run_dir"": ""runs/matrix_nhanes_nested/PerGroupOnly_s11"", ""use_nhanes"": true, ""num_classes"": 2, ""stratified_batching"": true, ""train_frac"": 0.8, ""use_post_pandemic"": true, ""data_split_seed"": 100, ""batch_size"": 128, ""num_workers"": 0, ""epochs"": 100, ""early_stopping_patience"": 25, ""lr"": 0.001, ""weight_decay"": 0.0001, ""optimizer"": ""adam"", ""grad_clip"": 1.0, ""lr_scheduler"": ""cosine"", ""lr_min"": 1e-05, ""latent_dim"": 64, ""head_hidden"": 32, ""common_encoder"": false, ""groups"": [{""name"": ""survey_only"", ""encoder"": ""mlp_tabular_ln"", ""input_dim"": 10, ""hidden_dim"": 64, ""dropout"": 0.1}, {""name"": ""exam"", ""encoder"": ""mlp_tabular_ln"", ""input_dim"": 13, ""hidden_dim"": 64, ""dropout"": 0.1}, {""name"": ""vitals_labs"", ""encoder"": ""mlp_tabular_ln"", ""input_dim"": 20, ""hidden_dim"": 64, ""dropout"": 0.1}], ""anchor_eps"": 0.0001, ""sep_samples_per_class"": 4, ""sep_method"": ""classifier"", ""sep_margin"": 1.0, ""lambda_fit"": 0.001, ""lambda_sep"": 0.001, ""groupdro_enabled"": false, ""groupdro_eta"": 1.0, ""groupdro_gamma"": 0.9, ""groupdro_update_mode"": ""softmax"", ""groupdro_objective"": ""weighted"", ""groupdro_kl_lambda"": 0.0, ""groupdro_uniform_init"": false, ""log_interval"": 20, ""save_every"": 10, ""use_regret"": false}","{""num_groups"": 3, ""num_classes"": 2, ""train_total"": 13604, ""test_total"": 3401, ""train_group_counts"": [2133, 2118, 9353], ""test_group_counts"": [533, 530, 2338], ""train_class_counts"": [12174, 1430], ""test_class_counts"": [3043, 358], ""train_group_class_counts"": [[1876, 257], [1908, 210], [8390, 963]], ""test_group_class_counts"": [[469, 64], [477, 53], [2097, 241]], ""group_proportions"": [0.15679211996471626, 0.15568950308732726, 0.6875183769479565], ""group_names"": [""survey_only"", ""exam"", ""vitals_labs""], ""group_feature_counts"": {""0"": 10, ""1"": 13, ""2"": 20}, ""max_features"": 20, ""feature_mode"": ""nested""}",,2026-09-10T04:17:53.246295,5,0.5179413609926272,0.6887815750371471,0.001,0.660394001764187,0.6609233765922689,0.6378986866791745,0.6849056603773584,0.7065398454157783,"[0.7065398454157783, 0.7243186582809225, 0.748010890879482]","[0.6378986866791745, 0.6849056603773584, 0.6599657827202737]","[0.5838038720309343, 0.5005868549827697, 0.539350698717971]","[0.6398291160039434, 0.835195530726257]","[[0.6162046908315565, 0.796875], [0.6750524109014675, 0.7735849056603774], [0.637100619933238, 0.8589211618257261]]","[533, 530, 2338]",0.8080474098443723,"[0.796875, 0.7735849056603774, 0.8589211618257261]","[0.6162046908315565, 0.6750524109014675, 0.637100619933238]","[0.34576271186440677, 0.32931726907630526, 0.3424317617866005]","[0.7747701226012793, 0.7827222024445236, 0.8215589549979521]",0.3391705809091042,0.32931726907630526,,
"{""run_name"": ""nhanes_pergroup_gdro"", ""seed"": 11, ""run_dir"": ""runs/matrix_nhanes_nested/PerGroupOnly_s11"", ""use_nhanes"": true, ""num_classes"": 2, ""stratified_batching"": true, ""train_frac"": 0.8, ""use_post_pandemic"": true, ""data_split_seed"": 100, ""batch_size"": 128, ""num_workers"": 0, ""epochs"": 100, ""early_stopping_patience"": 25, ""lr"": 0.001, ""weight_decay"": 0.0001, ""optimizer"": ""adam"", ""grad_clip"": 1.0, ""lr_scheduler"": ""cosine"", ""lr_min"": 1e-05, ""latent_dim"": 64, ""head_hidden"": 32, ""common_encoder"": false, ""groups"": [{""name"": ""survey_only"", ""encoder"": ""mlp_tabular_ln"", ""input_dim"": 10, ""hidden_dim"": 64, ""dropout"": 0.1}, {""name"": ""exam"", ""encoder"": ""mlp_tabular_ln"", ""input_dim"": 13, ""hidden_dim"": 64, ""dropout"": 0.1}, {""name"": ""vitals_labs"", ""encoder"": ""mlp_tabular_ln"", ""input_dim"": 20, ""hidden_dim"": 64, ""dropout"": 0.1}], ""anchor_eps"": 0.0001, ""sep_samples_per_class"": 4, ""sep_method"": ""classifier"", ""sep_margin"": 1.0, ""lambda_fit"": 0.001, ""lambda_sep"": 0.001, ""groupdro_enabled"": false, ""groupdro_eta"": 1.0, ""groupdro_gamma"": 0.9, ""groupdro_update_mode"": ""softmax"", ""groupdro_objective"": ""weighted"", ""groupdro_kl_lambda"": 0.0, ""groupdro_uniform_init"": false, ""log_interval"": 20, ""save_every"": 10, ""use_regret"": false}","{""num_groups"": 3, ""num_classes"": 2, ""train_total"": 13604, ""test_total"": 3401, ""train_group_counts"": [2133, 2118, 9353], ""test_group_counts"": [533, 530, 2338], ""train_class_counts"": [12174, 1430], ""test_class_counts"": [3043, 358], ""train_group_class_counts"": [[1876, 257], [1908, 210], [8390, 963]], ""test_group_class_counts"": [[469, 64], [477, 53], [2097, 241]], ""group_proportions"": [0.15679211996471626, 0.15568950308732726, 0.6875183769479565], ""group_names"": [""survey_only"", ""exam"", ""vitals_labs""], ""group_feature_counts"": {""0"": 10, ""1"": 13, ""2"": 20}, ""max_features"": 20, ""feature_mode"": ""nested""}",,2026-09-10T04:17:53.246295,6,0.5071207737408988,0.6853640416047548,0.001,0.6665686562775655,0.6663704223519705,0.626641651031895,0.7056603773584905,0.7068896588486141,"[0.7068896588486141, 0.7190775681341719, 0.7518258646515373]","[0.626641651031895, 0.7056603773584905, 0.6668092386655261]","[0.5995136039055479, 0.4581278391446004, 0.541285771444373]","[0.6470588235294118, 0.8324022346368715]","[[0.6012793176972282, 0.8125], [0.7023060796645703, 0.7358490566037735], [0.6447305674773486, 0.8589211618257261]]","[533, 530, 2338]",0.8047042667758405,"[0.8125, 0.7358490566037735, 0.8589211618257261]","[0.6012793176972282, 0.7023060796645703, 0.6447305674773486]","[0.3432343234323433, 0.3333333333333333, 0.347024308466052]","[0.7782016257995735, 0.776314228076421, 0.8201006377417255]",0.3411973217439095,0.3333333333333333,,
"{""run_name"": ""nhanes_pergroup_gdro"", ""seed"": 11, ""run_dir"": ""runs/matrix_nhanes_nested/PerGroupOnly_s11"", ""use_nhanes"": true, ""num_classes"": 2, ""stratified_batching"": true, ""train_frac"": 0.8, ""use_post_pandemic"": true, ""data_split_seed"": 100, ""batch_size"": 128, ""num_workers"": 0, ""epochs"": 100, ""early_stopping_patience"": 25, ""lr"": 0.001, ""weight_decay"": 0.0001, ""optimizer"": ""adam"", ""grad_clip"": 1.0, ""lr_scheduler"": ""cosine"", ""lr_min"": 1e-05, ""latent_dim"": 64, ""head_hidden"": 32, ""common_encoder"": false, ""groups"": [{""name"": ""survey_only"", ""encoder"": ""mlp_tabular_ln"", ""input_dim"": 10, ""hidden_dim"": 64, ""dropout"": 0.1}, {""name"": ""exam"", ""encoder"": ""mlp_tabular_ln"", ""input_dim"": 13, ""hidden_dim"": 64, ""dropout"": 0.1}, {""name"": ""vitals_labs"", ""encoder"": ""mlp_tabular_ln"", ""input_dim"": 20, ""hidden_dim"": 64, ""dropout"": 0.1}], ""anchor_eps"": 0.0001, ""sep_samples_per_class"": 4, ""sep_method"": ""classifier"", ""sep_margin"": 1.0, ""lambda_fit"": 0.001, ""lambda_sep"": 0.001, ""groupdro_enabled"": false, ""groupdro_eta"": 1.0, ""groupdro_gamma"": 0.9, ""groupdro_update_mode"": ""softmax"", ""groupdro_objective"": ""weighted"", ""groupdro_kl_lambda"": 0.0, ""groupdro_uniform_init"": false, ""log_interval"": 20, ""save_every"": 10, ""use_regret"": false}","{""num_groups"": 3, ""num_classes"": 2, ""train_total"": 13604, ""test_total"": 3401, ""train_group_counts"": [2133, 2118, 9353], ""test_group_counts"": [533, 530, 2338], ""train_class_counts"": [12174, 1430], ""test_class_counts"": [3043, 358], ""train_group_class_counts"": [[1876, 257], [1908, 210], [8390, 963]], ""test_group_class_counts"": [[469, 64], [477, 53], [2097, 241]], ""group_proportions"": [0.15679211996471626, 0.15568950308732726, 0.6875183769479565], ""group_names"": [""survey_only"", ""exam"", ""vitals_labs""], ""group_feature_counts"": {""0"": 10, ""1"": 13, ""2"": 20}, ""max_features"": 20, ""feature_mode"": ""nested""}",,2026-09-10T04:17:53.246295,7,0.49697769667737374,0.698514115916673,0.001,0.6727433107909438,0.6751582607732249,0.649155722326454,0.7056603773584905,0.7190775681341719,"[0.7196828358208955, 0.7190775681341719, 0.7447905227186833]","[0.649155722326454, 0.7056603773584905, 0.6706586826347305]","[0.5740814004827284, 0.4873052650684807, 0.5275768440450208]","[0.655603023332238, 0.8184357541899442]","[[0.6268656716417911, 0.8125], [0.7023060796645703, 0.7358490566037735], [0.6514067715784454, 0.8381742738589212]]","[533, 530, 2338]",0.8040456437248599,"[0.8125, 0.7358490566037735, 0.8381742738589212]","[0.6268656716417911, 0.7023060796645703, 0.6514067715784454]","[0.35738831615120276, 0.3333333333333333, 0.3441226575809199]","[0.7792677238805971, 0.7713302480123413, 0.8181614913223197]",0.344948102355152,0.3333333333333333,,
"{""run_name"": ""nhanes_pergroup_gdro"", ""seed"": 11, ""run_dir"": ""runs/matrix_nhanes_nested/PerGroupOnly_s11"", ""use_nhanes"": true, ""num_classes"": 2, ""stratified_batching"": true, ""train_frac"": 0.8, ""use_post_pandemic"": true, ""data_split_seed"": 100, ""batch_size"": 128, ""num_workers"": 0, ""epochs"": 100, ""early_stopping_patience"": 25, ""lr"": 0.001, ""weight_decay"": 0.0001, ""optimizer"": ""adam"", ""grad_clip"": 1.0, ""lr_scheduler"": ""cosine"", ""lr_min"": 1e-05, ""latent_dim"": 64, ""head_hidden"": 32, ""common_encoder"": false, ""groups"": [{""name"": ""survey_only"", ""encoder"": ""mlp_tabular_ln"", ""input_dim"": 10, ""hidden_dim"": 64, ""dropout"": 0.1}, {""name"": ""exam"", ""encoder"": ""mlp_tabular_ln"", ""input_dim"": 13, ""hidden_dim"": 64, ""dropout"": 0.1}, {""name"": ""vitals_labs"", ""encoder"": ""mlp_tabular_ln"", ""input_dim"": 20, ""hidden_dim"": 64, ""dropout"": 0.1}], ""anchor_eps"": 0.0001, ""sep_samples_per_class"": 4, ""sep_method"": ""classifier"", ""sep_margin"": 1.0, ""lambda_fit"": 0.001, ""lambda_sep"": 0.001, ""groupdro_enabled"": false, ""groupdro_eta"": 1.0, ""groupdro_gamma"": 0.9, ""groupdro_update_mode"": ""softmax"", ""groupdro_objective"": ""weighted"", ""groupdro_kl_lambda"": 0.0, ""groupdro_uniform_init"": false, ""log_interval"": 20, ""save_every"": 10, ""use_regret"": false}","{""num_groups"": 3, ""num_classes"": 2, ""train_total"": 13604, ""test_total"": 3401, ""train_group_counts"": [2133, 2118, 9353], ""test_group_counts"": [533, 530, 2338], ""train_class_counts"": [12174, 1430], ""test_class_counts"": [3043, 358], ""train_group_class_counts"": [[1876, 257], [1908, 210], [8390, 963]], ""test_group_class_counts"": [[469, 64], [477, 53], [2097, 241]], ""group_proportions"": [0.15679211996471626, 0.15568950308732726, 0.6875183769479565], ""group_names"": [""survey_only"", ""exam"", ""vitals_labs""], ""group_feature_counts"": {""0"": 10, ""1"": 13, ""2"": 20}, ""max_features"": 20, ""feature_mode"": ""nested""}",,2026-09-10T04:17:53.246295,8,0.4790029107107273,0.6882615156194962,0.001,0.6821523081446633,0.6631843648992048,0.6415094339622641,0.6988879384088965,0.7061900319829424,"[0.7061900319829424, 0.7337526205450734, 0.7476735189769221]","[0.649155722326454, 0.6415094339622641, 0.6988879384088965]","[0.5642753499481429, 0.5632865138299201, 0.4794269324243674]","[0.6671048307591193, 0.8100558659217877]","[[0.6311300639658849, 0.78125], [0.6184486373165619, 0.8490566037735849], [0.6862184072484502, 0.8091286307053942]]","[533, 530, 2338]",0.8058810678230282,"[0.78125, 0.8490566037735849, 0.8091286307053942]","[0.6311300639658849, 0.6184486373165619, 0.6862184072484502]","[0.34843205574912894, 0.3214285714285714, 0.356489945155393]","[0.7815831556503199, 0.7644871642735651, 0.821343274426814]",0.34211685744436443,0.3214285714285714,,
"{""run_name"": ""nhanes_pergroup_gdro"", ""seed"": 11, ""run_dir"": ""runs/matrix_nhanes_nested/PerGroupOnly_s11"", ""use_nhanes"": true, ""num_classes"": 2, ""stratified_batching"": true, ""train_frac"": 0.8, ""use_post_pandemic"": true, ""data_split_seed"": 100, ""batch_size"": 128, ""num_workers"": 0, ""epochs"": 100, ""early_stopping_patience"": 25, ""lr"": 0.001, ""weight_decay"": 0.0001, ""optimizer"": ""adam"", ""grad_clip"": 1.0, ""lr_scheduler"": ""cosine"", ""lr_min"": 1e-05, ""latent_dim"": 64, ""head_hidden"": 32, ""common_encoder"": false, ""groups"": [{""name"": ""survey_only"", ""encoder"": ""mlp_tabular_ln"", ""input_dim"": 10, ""hidden_dim"": 64, ""dropout"": 0.1}, {""name"": ""exam"", ""encoder"": ""mlp_tabular_ln"", ""input_dim"": 13, ""hidden_dim"": 64, ""dropout"": 0.1}, {""name"": ""vitals_labs"", ""encoder"": ""mlp_tabular_ln"", ""input_dim"": 20, ""hidden_dim"": 64, ""dropout"": 0.1}], ""anchor_eps"": 0.0001, ""sep_samples_per_class"": 4, ""sep_method"": ""classifier"", ""sep_margin"": 1.0, ""lambda_fit"": 0.001, ""lambda_sep"": 0.001, ""groupdro_enabled"": false, ""groupdro_eta"": 1.0, ""groupdro_gamma"": 0.9, ""groupdro_update_mode"": ""softmax"", ""groupdro_objective"": ""weighted"", ""groupdro_kl_lambda"": 0.0, ""groupdro_uniform_init"": false, ""log_interval"": 20, ""save_every"": 10, ""use_regret"": false}","{""num_groups"": 3, ""num_classes"": 2, ""train_total"": 13604, ""test_total"": 3401, ""train_group_counts"": [2133, 2118, 9353], ""test_group_counts"": [533, 530, 2338], ""train_class_counts"": [12174, 1430], ""test_class_counts"": [3043, 358], ""train_group_class_counts"": [[1876, 257], [1908, 210], [8390, 963]], ""test_group_class_counts"": [[469, 64], [477, 53], [2097, 241]], ""group_proportions"": [0.15679211996471626, 0.15568950308732726, 0.6875183769479565], ""group_names"": [""survey_only"", ""exam"", ""vitals_labs""], ""group_feature_counts"": {""0"": 10, ""1"": 13, ""2"": 20}, ""max_features"": 20, ""feature_mode"": ""nested""}",,2026-09-10T04:17:53.246295,9,0.4401174052863383,0.6931649331352154,0.001,0.7000882093501911,0.7060148728500933,0.6022514071294559,0.8207547169811321,0.6572327044025157,"[0.7132695895522387, 0.6572327044025157, 0.74001883742236]","[0.6022514071294559, 0.8207547169811321, 0.695038494439692]","[0.5995157839691941, 0.36364093827839306, 0.5035294974394066]","[0.6933946763062767, 0.7569832402234636]","[[0.5671641791044776, 0.859375], [0.8616352201257862, 0.4528301886792453], [0.6833571769194087, 0.7966804979253111]]","[533, 530, 2338]",0.7958461309682264,"[0.859375, 0.4528301886792453, 0.7966804979253111]","[0.5671641791044776, 0.8616352201257862, 0.6833571769194087]","[0.3416149068322981, 0.3356643356643356, 0.35004557885141296]","[0.7722214818763325, 0.774059570428385, 0.8157039200438485]",0.3424416071160155,0.3356643356643356,,
"{""run_name"": ""nhanes_pergroup_gdro"", ""seed"": 11, ""run_dir"": ""runs/matrix_nhanes_nested/PerGroupOnly_s11"", ""use_nhanes"": true, ""num_classes"": 2, ""stratified_batching"": true, ""train_frac"": 0.8, ""use_post_pandemic"": true, ""data_split_seed"": 100, ""batch_size"": 128, ""num_workers"": 0, ""epochs"": 100, ""early_stopping_patience"": 25, ""lr"": 0.001, ""weight_decay"": 0.0001, ""optimizer"": ""adam"", ""grad_clip"": 1.0, ""lr_scheduler"": ""cosine"", ""lr_min"": 1e-05, ""latent_dim"": 64, ""head_hidden"": 32, ""common_encoder"": false, ""groups"": [{""name"": ""survey_only"", ""encoder"": ""mlp_tabular_ln"", ""input_dim"": 10, ""hidden_dim"": 64, ""dropout"": 0.1}, {""name"": ""exam"", ""encoder"": ""mlp_tabular_ln"", ""input_dim"": 13, ""hidden_dim"": 64, ""dropout"": 0.1}, {""name"": ""vitals_labs"", ""encoder"": ""mlp_tabular_ln"", ""input_dim"": 20, ""hidden_dim"": 64, ""dropout"": 0.1}], ""anchor_eps"": 0.0001, ""sep_samples_per_class"": 4, ""sep_method"": ""classifier"", ""sep_margin"": 1.0, ""lambda_fit"": 0.001, ""lambda_sep"": 0.001, ""groupdro_enabled"": false, ""groupdro_eta"": 1.0, ""groupdro_gamma"": 0.9, ""groupdro_update_mode"": ""softmax"", ""groupdro_objective"": ""weighted"", ""groupdro_kl_lambda"": 0.0, ""groupdro_uniform_init"": false, ""log_interval"": 20, ""save_every"": 10, ""use_regret"": false}","{""num_groups"": 3, ""num_classes"": 2, ""train_total"": 13604, ""test_total"": 3401, ""train_group_counts"": [2133, 2118, 9353], ""test_group_counts"": [533, 530, 2338], ""train_class_counts"": [12174, 1430], ""test_class_counts"": [3043, 358], ""train_group_class_counts"": [[1876, 257], [1908, 210], [8390, 963]], ""test_group_class_counts"": [[469, 64], [477, 53], [2097, 241]], ""group_proportions"": [0.15679211996471626, 0.15568950308732726, 0.6875183769479565], ""group_names"": [""survey_only"", ""exam"", ""vitals_labs""], ""group_feature_counts"": {""0"": 10, ""1"": 13, ""2"": 20}, ""max_features"": 20, ""feature_mode"": ""nested""}",,2026-09-10T04:17:53.246295,10,0.3902202490534506,0.7048291233638067,0.001,0.6521611290796825,0.6753917560468287,0.6317365269461078,0.7452830188679245,0.7075471698113207,"[0.7196828358208955, 0.7075471698113207, 0.7488004004930973]","[0.649155722326454, 0.7452830188679245, 0.6317365269461078]","[0.548226027001625, 0.4351314127961951, 0.5834011807675267]","[0.6293131777850806, 0.8463687150837989]","[[0.6268656716417911, 0.8125], [0.7547169811320755, 0.660377358490566], [0.6013352408202194, 0.8962655601659751]]","[533, 530, 2338]",0.8000727927636833,"[0.8125, 0.660377358490566, 0.8962655601659751]","[0.6268656716417911, 0.7547169811320755, 0.6013352408202194]","[0.35738831615120276, 0.3414634146341463, 0.33410672853828305]","[0.7782016257995736, 0.7790435504924648, 0.8188204053607505]",0.3443194864412107,0.33410672853828305,,
"{""run_name"": ""nhanes_pergroup_gdro"", ""seed"": 11, ""run_dir"": ""runs/matrix_nhanes_nested/PerGroupOnly_s11"", ""use_nhanes"": true, ""num_classes"": 2, ""stratified_batching"": true, ""train_frac"": 0.8, ""use_post_pandemic"": true, ""data_split_seed"": 100, ""batch_size"": 128, ""num_workers"": 0, ""epochs"": 100, ""early_stopping_patience"": 25, ""lr"": 0.001, ""weight_decay"": 0.0001, ""optimizer"": ""adam"", ""grad_clip"": 1.0, ""lr_scheduler"": ""cosine"", ""lr_min"": 1e-05, ""latent_dim"": 64, ""head_hidden"": 32, ""common_encoder"": false, ""groups"": [{""name"": ""survey_only"", ""encoder"": ""mlp_tabular_ln"", ""input_dim"": 10, ""hidden_dim"": 64, ""dropout"": 0.1}, {""name"": ""exam"", ""encoder"": ""mlp_tabular_ln"", ""input_dim"": 13, ""hidden_dim"": 64, ""dropout"": 0.1}, {""name"": ""vitals_labs"", ""encoder"": ""mlp_tabular_ln"", ""input_dim"": 20, ""hidden_dim"": 64, ""dropout"": 0.1}], ""anchor_eps"": 0.0001, ""sep_samples_per_class"": 4, ""sep_method"": ""classifier"", ""sep_margin"": 1.0, ""lambda_fit"": 0.001, ""lambda_sep"": 0.001, ""groupdro_enabled"": false, ""groupdro_eta"": 1.0, ""groupdro_gamma"": 0.9, ""groupdro_update_mode"": ""softmax"", ""groupdro_objective"": ""weighted"", ""groupdro_kl_lambda"": 0.0, ""groupdro_uniform_init"": false, ""log_interval"": 20, ""save_every"": 10, ""use_regret"": false}","{""num_groups"": 3, ""num_classes"": 2, ""train_total"": 13604, ""test_total"": 3401, ""train_group_counts"": [2133, 2118, 9353], ""test_group_counts"": [533, 530, 2338], ""train_class_counts"": [12174, 1430], ""test_class_counts"": [3043, 358], ""train_group_class_counts"": [[1876, 257], [1908, 210], [8390, 963]], ""test_group_class_counts"": [[469, 64], [477, 53], [2097, 241]], ""group_proportions"": [0.15679211996471626, 0.15568950308732726, 0.6875183769479565], ""group_names"": [""survey_only"", ""exam"", ""vitals_labs""], ""group_feature_counts"": {""0"": 10, ""1"": 13, ""2"": 20}, ""max_features"": 20, ""feature_mode"": ""nested""}",,2026-09-10T04:17:53.246295,11,0.35752190277091106,0.6874442793107848,0.001,0.6833284328138782,0.6813379092843174,0.6097560975609756,0.7490566037735849,0.7040411780383795,"[0.7040411780383795, 0.7264150943396226, 0.7510610890483738]","[0.6097560975609756, 0.7490566037735849, 0.6852010265183918]","[0.6261973149024341, 0.44497464389874125, 0.5310685491475967]","[0.6680906999671377, 0.8128491620111732]","[[0.579957356076759, 0.828125], [0.7547169811320755, 0.6981132075471698], [0.6680972818311874, 0.8340248962655602]]","[533, 530, 2338]",0.8044348509354743,"[0.828125, 0.6981132075471698, 0.8340248962655602]","[0.579957356076759, 0.7547169811320755, 0.6680972818311874]","[0.3375796178343949, 0.357487922705314, 0.3532513181019332]","[0.7790345149253732, 0.7844230845298842, 0.8190815965111193]",0.34943961954721403,0.3375796178343949,,
"{""run_name"": ""nhanes_pergroup_gdro"", ""seed"": 11, ""run_dir"": ""runs/matrix_nhanes_nested/PerGroupOnly_s11"", ""use_nhanes"": true, ""num_classes"": 2, ""stratified_batching"": true, ""train_frac"": 0.8, ""use_post_pandemic"": true, ""data_split_seed"": 100, ""batch_size"": 128, ""num_workers"": 0, ""epochs"": 100, ""early_stopping_patience"": 25, ""lr"": 0.001, ""weight_decay"": 0.0001, ""optimizer"": ""adam"", ""grad_clip"": 1.0, ""lr_scheduler"": ""cosine"", ""lr_min"": 1e-05, ""latent_dim"": 64, ""head_hidden"": 32, ""common_encoder"": false, ""groups"": [{""name"": ""survey_only"", ""encoder"": ""mlp_tabular_ln"", ""input_dim"": 10, ""hidden_dim"": 64, ""dropout"": 0.1}, {""name"": ""exam"", ""encoder"": ""mlp_tabular_ln"", ""input_dim"": 13, ""hidden_dim"": 64, ""dropout"": 0.1}, {""name"": ""vitals_labs"", ""encoder"": ""mlp_tabular_ln"", ""input_dim"": 20, ""hidden_dim"": 64, ""dropout"": 0.1}], ""anchor_eps"": 0.0001, ""sep_samples_per_class"": 4, ""sep_method"": ""classifier"", ""sep_margin"": 1.0, ""lambda_fit"": 0.001, ""lambda_sep"": 0.001, ""groupdro_enabled"": false, ""groupdro_eta"": 1.0, ""groupdro_gamma"": 0.9, ""groupdro_update_mode"": ""softmax"", ""groupdro_objective"": ""weighted"", ""groupdro_kl_lambda"": 0.0, ""groupdro_uniform_init"": false, ""log_interval"": 20, ""save_every"": 10, ""use_regret"": false}","{""num_groups"": 3, ""num_classes"": 2, ""train_total"": 13604, ""test_total"": 3401, ""train_group_counts"": [2133, 2118, 9353], ""test_group_counts"": [533, 530, 2338], ""train_class_counts"": [12174, 1430], ""test_class_counts"": [3043, 358], ""train_group_class_counts"": [[1876, 257], [1908, 210], [8390, 963]], ""test_group_class_counts"": [[469, 64], [477, 53], [2097, 241]], ""group_proportions"": [0.15679211996471626, 0.15568950308732726, 0.6875183769479565], ""group_names"": [""survey_only"", ""exam"", ""vitals_labs""], ""group_feature_counts"": {""0"": 10, ""1"": 13, ""2"": 20}, ""max_features"": 20, ""feature_mode"": ""nested""}",,2026-09-10T04:17:53.246295,12,0.3501330213684915,0.6991827637621411,0.001,0.67480152896207,0.6680014431926162,0.5891181988742964,0.7339622641509433,0.685567697228145,"[0.685567697228145, 0.7348008385744235, 0.737659212825277]","[0.5891181988742964, 0.7339622641509433, 0.6809238665526091]","[0.6404843195158059, 0.4395524106952164, 0.48268626679989396]","[0.6602037463029905, 0.7988826815642458]","[[0.55863539445629, 0.8125], [0.7337526205450734, 0.7358490566037735], [0.6661897949451597, 0.8091286307053942]]","[533, 530, 2338]",0.8021037384086933,"[0.8125, 0.7358490566037735, 0.8091286307053942]","[0.55863539445629, 0.7337526205450734, 0.6661897949451597]","[0.32198142414860675, 0.3561643835616438, 0.34330985915492956]","[0.7737539978678039, 0.7759582295004154, 0.8180388106304798]",0.3404852222883934,0.32198142414860675,,
"{""run_name"": ""nhanes_pergroup_gdro"", ""seed"": 11, ""run_dir"": ""runs/matrix_nhanes_nested/PerGroupOnly_s11"", ""use_nhanes"": true, ""num_classes"": 2, ""stratified_batching"": true, ""train_frac"": 0.8, ""use_post_pandemic"": true, ""data_split_seed"": 100, ""batch_size"": 128, ""num_workers"": 0, ""epochs"": 100, ""early_stopping_patience"": 25, ""lr"": 0.001, ""weight_decay"": 0.0001, ""optimizer"": ""adam"", ""grad_clip"": 1.0, ""lr_scheduler"": ""cosine"", ""lr_min"": 1e-05, ""latent_dim"": 64, ""head_hidden"": 32, ""common_encoder"": false, ""groups"": [{""name"": ""survey_only"", ""encoder"": ""mlp_tabular_ln"", ""input_dim"": 10, ""hidden_dim"": 64, ""dropout"": 0.1}, {""name"": ""exam"", ""encoder"": ""mlp_tabular_ln"", ""input_dim"": 13, ""hidden_dim"": 64, ""dropout"": 0.1}, {""name"": ""vitals_labs"", ""encoder"": ""mlp_tabular_ln"", ""input_dim"": 20, ""hidden_dim"": 64, ""dropout"": 0.1}], ""anchor_eps"": 0.0001, ""sep_samples_per_class"": 4, ""sep_method"": ""classifier"", ""sep_margin"": 1.0, ""lambda_fit"": 0.001, ""lambda_sep"": 0.001, ""groupdro_enabled"": false, ""groupdro_eta"": 1.0, ""groupdro_gamma"": 0.9, ""groupdro_update_mode"": ""softmax"", ""groupdro_objective"": ""weighted"", ""groupdro_kl_lambda"": 0.0, ""groupdro_uniform_init"": false, ""log_interval"": 20, ""save_every"": 10, ""use_regret"": false}","{""num_groups"": 3, ""num_classes"": 2, ""train_total"": 13604, ""test_total"": 3401, ""train_group_counts"": [2133, 2118, 9353], ""test_group_counts"": [533, 530, 2338], ""train_class_counts"": [12174, 1430], ""test_class_counts"": [3043, 358], ""train_group_class_counts"": [[1876, 257], [1908, 210], [8390, 963]], ""test_group_class_counts"": [[469, 64], [477, 53], [2097, 241]], ""group_proportions"": [0.15679211996471626, 0.15568950308732726, 0.6875183769479565], ""group_names"": [""survey_only"", ""exam"", ""vitals_labs""], ""group_feature_counts"": {""0"": 10, ""1"": 13, ""2"": 20}, ""max_features"": 20, ""feature_mode"": ""nested""}",,2026-09-10T04:17:53.246295,13,0.3359984519134482,0.7008172362909983,0.001,0.6624522199353131,0.6367687799936051,0.5647279549718575,0.6852010265183918,0.6919476279317698,"[0.6919476279317698, 0.7106918238993711, 0.7455523302405926]","[0.5647279549718575, 0.660377358490566, 0.6852010265183918]","[0.6297784175760485, 0.5082720222063077, 0.5126506551753176]","[0.6437725928360171, 0.8212290502793296]","[[0.5245202558635395, 0.859375], [0.6477987421383647, 0.7735849056603774], [0.6695278969957081, 0.8215767634854771]]","[533, 530, 2338]",0.80291565769593,"[0.859375, 0.7735849056603774, 0.8215767634854771]","[0.5245202558635395, 0.6477987421383647, 0.6695278969957081]","[0.3216374269005848, 0.3129770992366412, 0.34982332155477036]","[0.7696728411513859, 0.7609271785135082, 0.8211355087390205]",0.3281459492306655,0.3129770992366412,,
"{""run_name"": ""nhanes_pergroup_gdro"", ""seed"": 11, ""run_dir"": ""runs/matrix_nhanes_nested/PerGroupOnly_s11"", ""use_nhanes"": true, ""num_classes"": 2, ""stratified_batching"": true, ""train_frac"": 0.8, ""use_post_pandemic"": true, ""data_split_seed"": 100, ""batch_size"": 128, ""num_workers"": 0, ""epochs"": 100, ""early_stopping_patience"": 25, ""lr"": 0.001, ""weight_decay"": 0.0001, ""optimizer"": ""adam"", ""grad_clip"": 1.0, ""lr_scheduler"": ""cosine"", ""lr_min"": 1e-05, ""latent_dim"": 64, ""head_hidden"": 32, ""common_encoder"": false, ""groups"": [{""name"": ""survey_only"", ""encoder"": ""mlp_tabular_ln"", ""input_dim"": 10, ""hidden_dim"": 64, ""dropout"": 0.1}, {""name"": ""exam"", ""encoder"": ""mlp_tabular_ln"", ""input_dim"": 13, ""hidden_dim"": 64, ""dropout"": 0.1}, {""name"": ""vitals_labs"", ""encoder"": ""mlp_tabular_ln"", ""input_dim"": 20, ""hidden_dim"": 64, ""dropout"": 0.1}], ""anchor_eps"": 0.0001, ""sep_samples_per_class"": 4, ""sep_method"": ""classifier"", ""sep_margin"": 1.0, ""lambda_fit"": 0.001, ""lambda_sep"": 0.001, ""groupdro_enabled"": false, ""groupdro_eta"": 1.0, ""groupdro_gamma"": 0.9, ""groupdro_update_mode"": ""softmax"", ""groupdro_objective"": ""weighted"", ""groupdro_kl_lambda"": 0.0, ""groupdro_uniform_init"": false, ""log_interval"": 20, ""save_every"": 10, ""use_regret"": false}","{""num_groups"": 3, ""num_classes"": 2, ""train_total"": 13604, ""test_total"": 3401, ""train_group_counts"": [2133, 2118, 9353], ""test_group_counts"": [533, 530, 2338], ""train_class_counts"": [12174, 1430], ""test_class_counts"": [3043, 358], ""train_group_class_counts"": [[1876, 257], [1908, 210], [8390, 963]], ""test_group_class_counts"": [[469, 64], [477, 53], [2097, 241]], ""group_proportions"": [0.15679211996471626, 0.15568950308732726, 0.6875183769479565], ""group_names"": [""survey_only"", ""exam"", ""vitals_labs""], ""group_feature_counts"": {""0"": 10, ""1"": 13, ""2"": 20}, ""max_features"": 20, ""feature_mode"": ""nested""}",,2026-09-10T04:17:53.246295,14,0.3380088361907324,0.7036404160652614,0.001,0.6862687444869157,0.6837009474272454,0.6285178236397748,0.7339622641509433,0.7012093550106611,"[0.7012093550106611, 0.7180293501048218, 0.7419510583188392]","[0.6285178236397748, 0.7339622641509433, 0.688622754491018]","[0.5776829738659158, 0.4641998817234982, 0.5045037138332952]","[0.6740059152152481, 0.7905027932960894]","[[0.605543710021322, 0.796875], [0.7379454926624738, 0.6981132075471698], [0.6747734859322843, 0.8091286307053942]]","[533, 530, 2338]",0.8021092460579001,"[0.796875, 0.6981132075471698, 0.8091286307053942]","[0.605543710021322, 0.7379454926624738, 0.6747734859322843]","[0.34, 0.3441860465116279, 0.3488372093023256]","[0.7777518656716417, 0.7617973972548554, 0.8199047443789488]",0.34434108527131785,0.34,,
"{""run_name"": ""nhanes_pergroup_gdro"", ""seed"": 11, ""run_dir"": ""runs/matrix_nhanes_nested/PerGroupOnly_s11"", ""use_nhanes"": true, ""num_classes"": 2, ""stratified_batching"": true, ""train_frac"": 0.8, ""use_post_pandemic"": true, ""data_split_seed"": 100, ""batch_size"": 128, ""num_workers"": 0, ""epochs"": 100, ""early_stopping_patience"": 25, ""lr"": 0.001, ""weight_decay"": 0.0001, ""optimizer"": ""adam"", ""grad_clip"": 1.0, ""lr_scheduler"": ""cosine"", ""lr_min"": 1e-05, ""latent_dim"": 64, ""head_hidden"": 32, ""common_encoder"": false, ""groups"": [{""name"": ""survey_only"", ""encoder"": ""mlp_tabular_ln"", ""input_dim"": 10, ""hidden_dim"": 64, ""dropout"": 0.1}, {""name"": ""exam"", ""encoder"": ""mlp_tabular_ln"", ""input_dim"": 13, ""hidden_dim"": 64, ""dropout"": 0.1}, {""name"": ""vitals_labs"", ""encoder"": ""mlp_tabular_ln"", ""input_dim"": 20, ""hidden_dim"": 64, ""dropout"": 0.1}], ""anchor_eps"": 0.0001, ""sep_samples_per_class"": 4, ""sep_method"": ""classifier"", ""sep_margin"": 1.0, ""lambda_fit"": 0.001, ""lambda_sep"": 0.001, ""groupdro_enabled"": false, ""groupdro_eta"": 1.0, ""groupdro_gamma"": 0.9, ""groupdro_update_mode"": ""softmax"", ""groupdro_objective"": ""weighted"", ""groupdro_kl_lambda"": 0.0, ""groupdro_uniform_init"": false, ""log_interval"": 20, ""save_every"": 10, ""use_regret"": false}","{""num_groups"": 3, ""num_classes"": 2, ""train_total"": 13604, ""test_total"": 3401, ""train_group_counts"": [2133, 2118, 9353], ""test_group_counts"": [533, 530, 2338], ""train_class_counts"": [12174, 1430], ""test_class_counts"": [3043, 358], ""train_group_class_counts"": [[1876, 257], [1908, 210], [8390, 963]], ""test_group_class_counts"": [[469, 64], [477, 53], [2097, 241]], ""group_proportions"": [0.15679211996471626, 0.15568950308732726, 0.6875183769479565], ""group_names"": [""survey_only"", ""exam"", ""vitals_labs""], ""group_feature_counts"": {""0"": 10, ""1"": 13, ""2"": 20}, ""max_features"": 20, ""feature_mode"": ""nested""}",,2026-09-10T04:17:53.246295,15,0.33570070020511283,0.6985141158812468,0.001,0.6815642458100558,0.6624978208423374,0.6041275797373359,0.6984602224123182,0.6940964818763327,"[0.6940964818763327, 0.7075471698113207, 0.7455988301802416]","[0.6041275797373359, 0.6849056603773584, 0.6984602224123182]","[0.626448912911229, 0.4938755288328602, 0.49096720697583013]","[0.6680906999671377, 0.7960893854748603]","[[0.5756929637526652, 0.8125], [0.6792452830188679, 0.7358490566037735], [0.6862184072484502, 0.8049792531120332]]","[533, 530, 2338]",0.8011477023005451,"[0.8125, 0.7358490566037735, 0.8049792531120332]","[0.5756929637526652, 0.6792452830188679, 0.6862184072484502]","[0.3301587301587302, 0.3183673469387755, 0.3549862763037511]","[0.781200026652452, 0.7601360705668287, 0.8170949607916467]",0.33450411780041894,0.3183673469387755,,
"{""run_name"": ""nhanes_pergroup_gdro"", ""seed"": 11, ""run_dir"": ""runs/matrix_nhanes_nested/PerGroupOnly_s11"", ""use_nhanes"": true, ""num_classes"": 2, ""stratified_batching"": true, ""train_frac"": 0.8, ""use_post_pandemic"": true, ""data_split_seed"": 100, ""batch_size"": 128, ""num_workers"": 0, ""epochs"": 100, ""early_stopping_patience"": 25, ""lr"": 0.001, ""weight_decay"": 0.0001, ""optimizer"": ""adam"", ""grad_clip"": 1.0, ""lr_scheduler"": ""cosine"", ""lr_min"": 1e-05, ""latent_dim"": 64, ""head_hidden"": 32, ""common_encoder"": false, ""groups"": [{""name"": ""survey_only"", ""encoder"": ""mlp_tabular_ln"", ""input_dim"": 10, ""hidden_dim"": 64, ""dropout"": 0.1}, {""name"": ""exam"", ""encoder"": ""mlp_tabular_ln"", ""input_dim"": 13, ""hidden_dim"": 64, ""dropout"": 0.1}, {""name"": ""vitals_labs"", ""encoder"": ""mlp_tabular_ln"", ""input_dim"": 20, ""hidden_dim"": 64, ""dropout"": 0.1}], ""anchor_eps"": 0.0001, ""sep_samples_per_class"": 4, ""sep_method"": ""classifier"", ""sep_margin"": 1.0, ""lambda_fit"": 0.001, ""lambda_sep"": 0.001, ""groupdro_enabled"": false, ""groupdro_eta"": 1.0, ""groupdro_gamma"": 0.9, ""groupdro_update_mode"": ""softmax"", ""groupdro_objective"": ""weighted"", ""groupdro_kl_lambda"": 0.0, ""groupdro_uniform_init"": false, ""log_interval"": 20, ""save_every"": 10, ""use_regret"": false}","{""num_groups"": 3, ""num_classes"": 2, ""train_total"": 13604, ""test_total"": 3401, ""train_group_counts"": [2133, 2118, 9353], ""test_group_counts"": [533, 530, 2338], ""train_class_counts"": [12174, 1430], ""test_class_counts"": [3043, 358], ""train_group_class_counts"": [[1876, 257], [1908, 210], [8390, 963]], ""test_group_class_counts"": [[469, 64], [477, 53], [2097, 241]], ""group_proportions"": [0.15679211996471626, 0.15568950308732726, 0.6875183769479565], ""group_names"": [""survey_only"", ""exam"", ""vitals_labs""], ""group_feature_counts"": {""0"": 10, ""1"": 13, ""2"": 20}, ""max_features"": 20, ""feature_mode"": ""nested""}",,2026-09-10T04:17:53.246295,16,0.32745335580335505,0.7045319465081724,0.001,0.7480152896206997,0.7098457752422718,0.5778611632270169,0.7818648417450813,0.6960167714884695,"[0.712903118336887, 0.6960167714884695, 0.7223162114619384]","[0.5778611632270169, 0.769811320754717, 0.7818648417450813]","[0.62301325430005, 0.41111558916084695, 0.40348932556112266]","[0.755504436411436, 0.6843575418994413]","[[0.535181236673774, 0.890625], [0.7882599580712788, 0.6037735849056604], [0.7973295183595612, 0.6473029045643154]]","[533, 530, 2338]",0.7955666177709809,"[0.890625, 0.6037735849056604, 0.6473029045643154]","[0.535181236673774, 0.7882599580712788, 0.7973295183595612]","[0.336283185840708, 0.34408602150537637, 0.3795620437956205]","[0.7713386194029851, 0.758830742454808, 0.8148748360135107]",0.353310417047235,0.336283185840708,,
"{""run_name"": ""nhanes_pergroup_gdro"", ""seed"": 11, ""run_dir"": ""runs/matrix_nhanes_nested/PerGroupOnly_s11"", ""use_nhanes"": true, ""num_classes"": 2, ""stratified_batching"": true, ""train_frac"": 0.8, ""use_post_pandemic"": true, ""data_split_seed"": 100, ""batch_size"": 128, ""num_workers"": 0, ""epochs"": 100, ""early_stopping_patience"": 25, ""lr"": 0.001, ""weight_decay"": 0.0001, ""optimizer"": ""adam"", ""grad_clip"": 1.0, ""lr_scheduler"": ""cosine"", ""lr_min"": 1e-05, ""latent_dim"": 64, ""head_hidden"": 32, ""common_encoder"": false, ""groups"": [{""name"": ""survey_only"", ""encoder"": ""mlp_tabular_ln"", ""input_dim"": 10, ""hidden_dim"": 64, ""dropout"": 0.1}, {""name"": ""exam"", ""encoder"": ""mlp_tabular_ln"", ""input_dim"": 13, ""hidden_dim"": 64, ""dropout"": 0.1}, {""name"": ""vitals_labs"", ""encoder"": ""mlp_tabular_ln"", ""input_dim"": 20, ""hidden_dim"": 64, ""dropout"": 0.1}], ""anchor_eps"": 0.0001, ""sep_samples_per_class"": 4, ""sep_method"": ""classifier"", ""sep_margin"": 1.0, ""lambda_fit"": 0.001, ""lambda_sep"": 0.001, ""groupdro_enabled"": false, ""groupdro_eta"": 1.0, ""groupdro_gamma"": 0.9, ""groupdro_update_mode"": ""softmax"", ""groupdro_objective"": ""weighted"", ""groupdro_kl_lambda"": 0.0, ""groupdro_uniform_init"": false, ""log_interval"": 20, ""save_every"": 10, ""use_regret"": false}","{""num_groups"": 3, ""num_classes"": 2, ""train_total"": 13604, ""test_total"": 3401, ""train_group_counts"": [2133, 2118, 9353], ""test_group_counts"": [533, 530, 2338], ""train_class_counts"": [12174, 1430], ""test_class_counts"": [3043, 358], ""train_group_class_counts"": [[1876, 257], [1908, 210], [8390, 963]], ""test_group_class_counts"": [[469, 64], [477, 53], [2097, 241]], ""group_proportions"": [0.15679211996471626, 0.15568950308732726, 0.6875183769479565], ""group_names"": [""survey_only"", ""exam"", ""vitals_labs""], ""group_feature_counts"": {""0"": 10, ""1"": 13, ""2"": 20}, ""max_features"": 20, ""feature_mode"": ""nested""}",,2026-09-10T04:17:53.246295,17,0.33119477547295556,0.7080237741633297,0.001,0.6997941781828874,0.6654691194117633,0.6210131332082551,0.7301112061591104,0.6939203354297694,"[0.6969449626865671, 0.6939203354297694, 0.7430443015808]","[0.6210131332082551, 0.6452830188679245, 0.7301112061591104]","[0.5804607533547489, 0.5721043674636743, 0.4701281845259726]","[0.6920801840289188, 0.7653631284916201]","[[0.5970149253731343, 0.796875], [0.6331236897274634, 0.7547169811320755], [0.7267525035765379, 0.7593360995850622]]","[533, 530, 2338]",0.7998373407600923,"[0.796875, 0.7547169811320755, 0.7593360995850622]","[0.5970149253731343, 0.6331236897274634, 0.7267525035765379]","[0.33552631578947373, 0.2985074626865672, 0.3671013039117352]","[0.7758195628997867, 0.7540049839800641, 0.8172453435751923]",0.33371169412925866,0.2985074626865672,,
"{""run_name"": ""nhanes_pergroup_gdro"", ""seed"": 11, ""run_dir"": ""runs/matrix_nhanes_nested/PerGroupOnly_s11"", ""use_nhanes"": true, ""num_classes"": 2, ""stratified_batching"": true, ""train_frac"": 0.8, ""use_post_pandemic"": true, ""data_split_seed"": 100, ""batch_size"": 128, ""num_workers"": 0, ""epochs"": 100, ""early_stopping_patience"": 25, ""lr"": 0.001, ""weight_decay"": 0.0001, ""optimizer"": ""adam"", ""grad_clip"": 1.0, ""lr_scheduler"": ""cosine"", ""lr_min"": 1e-05, ""latent_dim"": 64, ""head_hidden"": 32, ""common_encoder"": false, ""groups"": [{""name"": ""survey_only"", ""encoder"": ""mlp_tabular_ln"", ""input_dim"": 10, ""hidden_dim"": 64, ""dropout"": 0.1}, {""name"": ""exam"", ""encoder"": ""mlp_tabular_ln"", ""input_dim"": 13, ""hidden_dim"": 64, ""dropout"": 0.1}, {""name"": ""vitals_labs"", ""encoder"": ""mlp_tabular_ln"", ""input_dim"": 20, ""hidden_dim"": 64, ""dropout"": 0.1}], ""anchor_eps"": 0.0001, ""sep_samples_per_class"": 4, ""sep_method"": ""classifier"", ""sep_margin"": 1.0, ""lambda_fit"": 0.001, ""lambda_sep"": 0.001, ""groupdro_enabled"": false, ""groupdro_eta"": 1.0, ""groupdro_gamma"": 0.9, ""groupdro_update_mode"": ""softmax"", ""groupdro_objective"": ""weighted"", ""groupdro_kl_lambda"": 0.0, ""groupdro_uniform_init"": false, ""log_interval"": 20, ""save_every"": 10, ""use_regret"": false}","{""num_groups"": 3, ""num_classes"": 2, ""train_total"": 13604, ""test_total"": 3401, ""train_group_counts"": [2133, 2118, 9353], ""test_group_counts"": [533, 530, 2338], ""train_class_counts"": [12174, 1430], ""test_class_counts"": [3043, 358], ""train_group_class_counts"": [[1876, 257], [1908, 210], [8390, 963]], ""test_group_class_counts"": [[469, 64], [477, 53], [2097, 241]], ""group_proportions"": [0.15679211996471626, 0.15568950308732726, 0.6875183769479565], ""group_names"": [""survey_only"", ""exam"", ""vitals_labs""], ""group_feature_counts"": {""0"": 10, ""1"": 13, ""2"": 20}, ""max_features"": 20, ""feature_mode"": ""nested""}",,2026-09-10T04:17:53.246295,18,0.3319898318925549,0.7126300148942672,0.001,0.7047927080270509,0.7106782596491628,0.6285178236397748,0.8037735849056604,0.6477987421383649,"[0.7147021588486141, 0.6477987421383649, 0.7518228965702831]","[0.6285178236397748, 0.8037735849056604, 0.699743370402053]","[0.5600735564309034, 0.40828562241432287, 0.5286730512649708]","[0.6976667762076898, 0.7653631284916201]","[[0.6012793176972282, 0.828125], [0.8427672955974843, 0.4528301886792453], [0.6862184072484502, 0.8174273858921162]]","[533, 530, 2338]",0.7952494689708223,"[0.828125, 0.4528301886792453, 0.8174273858921162]","[0.6012793176972282, 0.8427672955974843, 0.6862184072484502]","[0.3486842105263158, 0.31578947368421056, 0.35948905109489054]","[0.7720215884861407, 0.7483090067639728, 0.8219269970734719]",0.34132091176847235,0.31578947368421056,,
"{""run_name"": ""nhanes_pergroup_gdro"", ""seed"": 11, ""run_dir"": ""runs/matrix_nhanes_nested/PerGroupOnly_s11"", ""use_nhanes"": true, ""num_classes"": 2, ""stratified_batching"": true, ""train_frac"": 0.8, ""use_post_pandemic"": true, ""data_split_seed"": 100, ""batch_size"": 128, ""num_workers"": 0, ""epochs"": 100, ""early_stopping_patience"": 25, ""lr"": 0.001, ""weight_decay"": 0.0001, ""optimizer"": ""adam"", ""grad_clip"": 1.0, ""lr_scheduler"": ""cosine"", ""lr_min"": 1e-05, ""latent_dim"": 64, ""head_hidden"": 32, ""common_encoder"": false, ""groups"": [{""name"": ""survey_only"", ""encoder"": ""mlp_tabular_ln"", ""input_dim"": 10, ""hidden_dim"": 64, ""dropout"": 0.1}, {""name"": ""exam"", ""encoder"": ""mlp_tabular_ln"", ""input_dim"": 13, ""hidden_dim"": 64, ""dropout"": 0.1}, {""name"": ""vitals_labs"", ""encoder"": ""mlp_tabular_ln"", ""input_dim"": 20, ""hidden_dim"": 64, ""dropout"": 0.1}], ""anchor_eps"": 0.0001, ""sep_samples_per_class"": 4, ""sep_method"": ""classifier"", ""sep_margin"": 1.0, ""lambda_fit"": 0.001, ""lambda_sep"": 0.001, ""groupdro_enabled"": false, ""groupdro_eta"": 1.0, ""groupdro_gamma"": 0.9, ""groupdro_update_mode"": ""softmax"", ""groupdro_objective"": ""weighted"", ""groupdro_kl_lambda"": 0.0, ""groupdro_uniform_init"": false, ""log_interval"": 20, ""save_every"": 10, ""use_regret"": false}","{""num_groups"": 3, ""num_classes"": 2, ""train_total"": 13604, ""test_total"": 3401, ""train_group_counts"": [2133, 2118, 9353], ""test_group_counts"": [533, 530, 2338], ""train_class_counts"": [12174, 1430], ""test_class_counts"": [3043, 358], ""train_group_class_counts"": [[1876, 257], [1908, 210], [8390, 963]], ""test_group_class_counts"": [[469, 64], [477, 53], [2097, 241]], ""group_proportions"": [0.15679211996471626, 0.15568950308732726, 0.6875183769479565], ""group_names"": [""survey_only"", ""exam"", ""vitals_labs""], ""group_feature_counts"": {""0"": 10, ""1"": 13, ""2"": 20}, ""max_features"": 20, ""feature_mode"": ""nested""}",,2026-09-10T04:17:53.246295,19,0.32415380843681174,0.715304606205287,0.001,0.6847985886503969,0.6431951630033147,0.5816135084427767,0.7215568862275449,0.6813033049040511,"[0.6813033049040511, 0.6918238993710693, 0.7364393314298039]","[0.5816135084427767, 0.6264150943396226, 0.7215568862275449]","[0.671024582796952, 0.5628239279835296, 0.46870497486553364]","[0.6749917844232665, 0.7681564245810056]","[[0.5501066098081023, 0.8125], [0.610062893081761, 0.7735849056603774], [0.7176919408679066, 0.7551867219917012]]","[533, 530, 2338]",0.7985223895119673,"[0.8125, 0.7735849056603774, 0.7551867219917012]","[0.5501066098081023, 0.610062893081761, 0.7176919408679066]","[0.3180428134556575, 0.2928571428571428, 0.3586206896551724]","[0.7738372867803838, 0.7522645464973696, 0.8158543028273944]",0.3231735486559909,0.2928571428571428,,
"{""run_name"": ""nhanes_pergroup_gdro"", ""seed"": 11, ""run_dir"": ""runs/matrix_nhanes_nested/PerGroupOnly_s11"", ""use_nhanes"": true, ""num_classes"": 2, ""stratified_batching"": true, ""train_frac"": 0.8, ""use_post_pandemic"": true, ""data_split_seed"": 100, ""batch_size"": 128, ""num_workers"": 0, ""epochs"": 100, ""early_stopping_patience"": 25, ""lr"": 0.001, ""weight_decay"": 0.0001, ""optimizer"": ""adam"", ""grad_clip"": 1.0, ""lr_scheduler"": ""cosine"", ""lr_min"": 1e-05, ""latent_dim"": 64, ""head_hidden"": 32, ""common_encoder"": false, ""groups"": [{""name"": ""survey_only"", ""encoder"": ""mlp_tabular_ln"", ""input_dim"": 10, ""hidden_dim"": 64, ""dropout"": 0.1}, {""name"": ""exam"", ""encoder"": ""mlp_tabular_ln"", ""input_dim"": 13, ""hidden_dim"": 64, ""dropout"": 0.1}, {""name"": ""vitals_labs"", ""encoder"": ""mlp_tabular_ln"", ""input_dim"": 20, ""hidden_dim"": 64, ""dropout"": 0.1}], ""anchor_eps"": 0.0001, ""sep_samples_per_class"": 4, ""sep_method"": ""classifier"", ""sep_margin"": 1.0, ""lambda_fit"": 0.001, ""lambda_sep"": 0.001, ""groupdro_enabled"": false, ""groupdro_eta"": 1.0, ""groupdro_gamma"": 0.9, ""groupdro_update_mode"": ""softmax"", ""groupdro_objective"": ""weighted"", ""groupdro_kl_lambda"": 0.0, ""groupdro_uniform_init"": false, ""log_interval"": 20, ""save_every"": 10, ""use_regret"": false}","{""num_groups"": 3, ""num_classes"": 2, ""train_total"": 13604, ""test_total"": 3401, ""train_group_counts"": [2133, 2118, 9353], ""test_group_counts"": [533, 530, 2338], ""train_class_counts"": [12174, 1430], ""test_class_counts"": [3043, 358], ""train_group_class_counts"": [[1876, 257], [1908, 210], [8390, 963]], ""test_group_class_counts"": [[469, 64], [477, 53], [2097, 241]], ""group_proportions"": [0.15679211996471626, 0.15568950308732726, 0.6875183769479565], ""group_names"": [""survey_only"", ""exam"", ""vitals_labs""], ""group_feature_counts"": {""0"": 10, ""1"": 13, ""2"": 20}, ""max_features"": 20, ""feature_mode"": ""nested""}",,2026-09-10T04:17:53.246295,20,0.3178531123305855,0.7030460624071322,0.001,0.698029991179065,0.6918179217337919,0.6378986866791745,0.7339622641509433,0.6928721174004193,"[0.6997934434968017, 0.6928721174004193, 0.7502963134452102]","[0.6378986866791745, 0.7339622641509433, 0.7035928143712575]","[0.6106230676251483, 0.48345854608025957, 0.4747928953238427]","[0.6884653302661847, 0.7793296089385475]","[[0.6183368869936035, 0.78125], [0.7442348008385744, 0.6415094339622641], [0.6914639961850262, 0.8091286307053942]]","[533, 530, 2338]",0.7975971044452237,"[0.78125, 0.6415094339622641, 0.8091286307053942]","[0.6183368869936035, 0.7442348008385744, 0.6914639961850262]","[0.341296928327645, 0.3253588516746411, 0.3601108033240997]","[0.7690065298507462, 0.7366797199477868, 0.8204667010964091]",0.342255527775462,0.3253588516746411,,
"{""run_name"": ""nhanes_pergroup_gdro"", ""seed"": 11, ""run_dir"": ""runs/matrix_nhanes_nested/PerGroupOnly_s11"", ""use_nhanes"": true, ""num_classes"": 2, ""stratified_batching"": true, ""train_frac"": 0.8, ""use_post_pandemic"": true, ""data_split_seed"": 100, ""batch_size"": 128, ""num_workers"": 0, ""epochs"": 100, ""early_stopping_patience"": 25, ""lr"": 0.001, ""weight_decay"": 0.0001, ""optimizer"": ""adam"", ""grad_clip"": 1.0, ""lr_scheduler"": ""cosine"", ""lr_min"": 1e-05, ""latent_dim"": 64, ""head_hidden"": 32, ""common_encoder"": false, ""groups"": [{""name"": ""survey_only"", ""encoder"": ""mlp_tabular_ln"", ""input_dim"": 10, ""hidden_dim"": 64, ""dropout"": 0.1}, {""name"": ""exam"", ""encoder"": ""mlp_tabular_ln"", ""input_dim"": 13, ""hidden_dim"": 64, ""dropout"": 0.1}, {""name"": ""vitals_labs"", ""encoder"": ""mlp_tabular_ln"", ""input_dim"": 20, ""hidden_dim"": 64, ""dropout"": 0.1}], ""anchor_eps"": 0.0001, ""sep_samples_per_class"": 4, ""sep_method"": ""classifier"", ""sep_margin"": 1.0, ""lambda_fit"": 0.001, ""lambda_sep"": 0.001, ""groupdro_enabled"": false, ""groupdro_eta"": 1.0, ""groupdro_gamma"": 0.9, ""groupdro_update_mode"": ""softmax"", ""groupdro_objective"": ""weighted"", ""groupdro_kl_lambda"": 0.0, ""groupdro_uniform_init"": false, ""log_interval"": 20, ""save_every"": 10, ""use_regret"": false}","{""num_groups"": 3, ""num_classes"": 2, ""train_total"": 13604, ""test_total"": 3401, ""train_group_counts"": [2133, 2118, 9353], ""test_group_counts"": [533, 530, 2338], ""train_class_counts"": [12174, 1430], ""test_class_counts"": [3043, 358], ""train_group_class_counts"": [[1876, 257], [1908, 210], [8390, 963]], ""test_group_class_counts"": [[469, 64], [477, 53], [2097, 241]], ""group_proportions"": [0.15679211996471626, 0.15568950308732726, 0.6875183769479565], ""group_names"": [""survey_only"", ""exam"", ""vitals_labs""], ""group_feature_counts"": {""0"": 10, ""1"": 13, ""2"": 20}, ""max_features"": 20, ""feature_mode"": ""nested""}",,2026-09-10T04:17:53.246295,21,0.31935453792206425,0.7113670133552438,0.001,0.6945016171714201,0.6838162526385712,0.6210131332082551,0.7264150943396226,0.7054507337526206,"[0.7171841684434968, 0.7054507337526206, 0.7431897375622555]","[0.6210131332082551, 0.7264150943396226, 0.7040205303678357]","[0.5868616622099897, 0.4904515500642996, 0.5014317048971908]","[0.6838646072954322, 0.7849162011173184]","[[0.5906183368869936, 0.84375], [0.7316561844863732, 0.6792452830188679], [0.6938483547925608, 0.7925311203319502]]","[533, 530, 2338]",0.7991929458028959,"[0.84375, 0.6792452830188679, 0.7925311203319502]","[0.5906183368869936, 0.7316561844863732, 0.6938483547925608]","[0.34838709677419355, 0.3317972350230415, 0.3556797020484171]","[0.7777185501066098, 0.7397650409398362, 0.8202490418044351]",0.3452880112818841,0.3317972350230415,,
"{""run_name"": ""nhanes_pergroup_gdro"", ""seed"": 11, ""run_dir"": ""runs/matrix_nhanes_nested/PerGroupOnly_s11"", ""use_nhanes"": true, ""num_classes"": 2, ""stratified_batching"": true, ""train_frac"": 0.8, ""use_post_pandemic"": true, ""data_split_seed"": 100, ""batch_size"": 128, ""num_workers"": 0, ""epochs"": 100, ""early_stopping_patience"": 25, ""lr"": 0.001, ""weight_decay"": 0.0001, ""optimizer"": ""adam"", ""grad_clip"": 1.0, ""lr_scheduler"": ""cosine"", ""lr_min"": 1e-05, ""latent_dim"": 64, ""head_hidden"": 32, ""common_encoder"": false, ""groups"": [{""name"": ""survey_only"", ""encoder"": ""mlp_tabular_ln"", ""input_dim"": 10, ""hidden_dim"": 64, ""dropout"": 0.1}, {""name"": ""exam"", ""encoder"": ""mlp_tabular_ln"", ""input_dim"": 13, ""hidden_dim"": 64, ""dropout"": 0.1}, {""name"": ""vitals_labs"", ""encoder"": ""mlp_tabular_ln"", ""input_dim"": 20, ""hidden_dim"": 64, ""dropout"": 0.1}], ""anchor_eps"": 0.0001, ""sep_samples_per_class"": 4, ""sep_method"": ""classifier"", ""sep_margin"": 1.0, ""lambda_fit"": 0.001, ""lambda_sep"": 0.001, ""groupdro_enabled"": false, ""groupdro_eta"": 1.0, ""groupdro_gamma"": 0.9, ""groupdro_update_mode"": ""softmax"", ""groupdro_objective"": ""weighted"", ""groupdro_kl_lambda"": 0.0, ""groupdro_uniform_init"": false, ""log_interval"": 20, ""save_every"": 10, ""use_regret"": false}","{""num_groups"": 3, ""num_classes"": 2, ""train_total"": 13604, ""test_total"": 3401, ""train_group_counts"": [2133, 2118, 9353], ""test_group_counts"": [533, 530, 2338], ""train_class_counts"": [12174, 1430], ""test_class_counts"": [3043, 358], ""train_group_class_counts"": [[1876, 257], [1908, 210], [8390, 963]], ""test_group_class_counts"": [[469, 64], [477, 53], [2097, 241]], ""group_proportions"": [0.15679211996471626, 0.15568950308732726, 0.6875183769479565], ""group_names"": [""survey_only"", ""exam"", ""vitals_labs""], ""group_feature_counts"": {""0"": 10, ""1"": 13, ""2"": 20}, ""max_features"": 20, ""feature_mode"": ""nested""}",,2026-09-10T04:17:53.246295,22,0.310698815068731,0.7103268944668026,0.001,0.6545133784181123,0.658079016511714,0.6341463414634146,0.6886792452830188,0.6841684434968017,"[0.6841684434968017, 0.7180293501048218, 0.7358971619207048]","[0.6341463414634146, 0.6886792452830188, 0.6514114627887083]","[0.5808621062940829, 0.5364212797969368, 0.5523910393606529]","[0.6358856391718699, 0.8128491620111732]","[[0.6183368869936035, 0.75], [0.6813417190775681, 0.7547169811320755], [0.6294706723891274, 0.8423236514522822]]","[533, 530, 2338]",0.7975167845609578,"[0.75, 0.7547169811320755, 0.8423236514522822]","[0.6183368869936035, 0.6813417190775681, 0.6294706723891274]","[0.3298969072164949, 0.326530612244898, 0.33251433251433254]","[0.7731210021321963, 0.7529765436493809, 0.816252025715456]",0.32964728399190846,0.326530612244898,,
"{""run_name"": ""nhanes_pergroup_gdro"", ""seed"": 11, ""run_dir"": ""runs/matrix_nhanes_nested/PerGroupOnly_s11"", ""use_nhanes"": true, ""num_classes"": 2, ""stratified_batching"": true, ""train_frac"": 0.8, ""use_post_pandemic"": true, ""data_split_seed"": 100, ""batch_size"": 128, ""num_workers"": 0, ""epochs"": 100, ""early_stopping_patience"": 25, ""lr"": 0.001, ""weight_decay"": 0.0001, ""optimizer"": ""adam"", ""grad_clip"": 1.0, ""lr_scheduler"": ""cosine"", ""lr_min"": 1e-05, ""latent_dim"": 64, ""head_hidden"": 32, ""common_encoder"": false, ""groups"": [{""name"": ""survey_only"", ""encoder"": ""mlp_tabular_ln"", ""input_dim"": 10, ""hidden_dim"": 64, ""dropout"": 0.1}, {""name"": ""exam"", ""encoder"": ""mlp_tabular_ln"", ""input_dim"": 13, ""hidden_dim"": 64, ""dropout"": 0.1}, {""name"": ""vitals_labs"", ""encoder"": ""mlp_tabular_ln"", ""input_dim"": 20, ""hidden_dim"": 64, ""dropout"": 0.1}], ""anchor_eps"": 0.0001, ""sep_samples_per_class"": 4, ""sep_method"": ""classifier"", ""sep_margin"": 1.0, ""lambda_fit"": 0.001, ""lambda_sep"": 0.001, ""groupdro_enabled"": false, ""groupdro_eta"": 1.0, ""groupdro_gamma"": 0.9, ""groupdro_update_mode"": ""softmax"", ""groupdro_objective"": ""weighted"", ""groupdro_kl_lambda"": 0.0, ""groupdro_uniform_init"": false, ""log_interval"": 20, ""save_every"": 10, ""use_regret"": false}","{""num_groups"": 3, ""num_classes"": 2, ""train_total"": 13604, ""test_total"": 3401, ""train_group_counts"": [2133, 2118, 9353], ""test_group_counts"": [533, 530, 2338], ""train_class_counts"": [12174, 1430], ""test_class_counts"": [3043, 358], ""train_group_class_counts"": [[1876, 257], [1908, 210], [8390, 963]], ""test_group_class_counts"": [[469, 64], [477, 53], [2097, 241]], ""group_proportions"": [0.15679211996471626, 0.15568950308732726, 0.6875183769479565], ""group_names"": [""survey_only"", ""exam"", ""vitals_labs""], ""group_feature_counts"": {""0"": 10, ""1"": 13, ""2"": 20}, ""max_features"": 20, ""feature_mode"": ""nested""}",,2026-09-10T04:17:53.246295,23,0.31254609600041633,0.7122585437981548,0.001,0.6821523081446633,0.6540674455340292,0.5834896810506567,0.7070145423438836,0.6834381551362683,"[0.6891158049040511, 0.6834381551362683, 0.7448587885875297]","[0.5834896810506567, 0.6716981132075471, 0.7070145423438836]","[0.6065435807745271, 0.47685253557387763, 0.49351590177191923]","[0.6700624383831745, 0.7849162011173184]","[[0.5501066098081023, 0.828125], [0.6687631027253669, 0.6981132075471698], [0.6971864568431092, 0.7925311203319502]]","[533, 530, 2338]",0.7947427652437961,"[0.828125, 0.6981132075471698, 0.7925311203319502]","[0.5501066098081023, 0.6687631027253669, 0.6971864568431092]","[0.323170731707317, 0.29838709677419356, 0.3580131208997188]","[0.7682902452025586, 0.7407934812705195, 0.8152547504140474]",0.32652364979374315,0.29838709677419356,,
"{""run_name"": ""nhanes_pergroup_gdro"", ""seed"": 11, ""run_dir"": ""runs/matrix_nhanes_nested/PerGroupOnly_s11"", ""use_nhanes"": true, ""num_classes"": 2, ""stratified_batching"": true, ""train_frac"": 0.8, ""use_post_pandemic"": true, ""data_split_seed"": 100, ""batch_size"": 128, ""num_workers"": 0, ""epochs"": 100, ""early_stopping_patience"": 25, ""lr"": 0.001, ""weight_decay"": 0.0001, ""optimizer"": ""adam"", ""grad_clip"": 1.0, ""lr_scheduler"": ""cosine"", ""lr_min"": 1e-05, ""latent_dim"": 64, ""head_hidden"": 32, ""common_encoder"": false, ""groups"": [{""name"": ""survey_only"", ""encoder"": ""mlp_tabular_ln"", ""input_dim"": 10, ""hidden_dim"": 64, ""dropout"": 0.1}, {""name"": ""exam"", ""encoder"": ""mlp_tabular_ln"", ""input_dim"": 13, ""hidden_dim"": 64, ""dropout"": 0.1}, {""name"": ""vitals_labs"", ""encoder"": ""mlp_tabular_ln"", ""input_dim"": 20, ""hidden_dim"": 64, ""dropout"": 0.1}], ""anchor_eps"": 0.0001, ""sep_samples_per_class"": 4, ""sep_method"": ""classifier"", ""sep_margin"": 1.0, ""lambda_fit"": 0.001, ""lambda_sep"": 0.001, ""groupdro_enabled"": false, ""groupdro_eta"": 1.0, ""groupdro_gamma"": 0.9, ""groupdro_update_mode"": ""softmax"", ""groupdro_objective"": ""weighted"", ""groupdro_kl_lambda"": 0.0, ""groupdro_uniform_init"": false, ""log_interval"": 20, ""save_every"": 10, ""use_regret"": false}","{""num_groups"": 3, ""num_classes"": 2, ""train_total"": 13604, ""test_total"": 3401, ""train_group_counts"": [2133, 2118, 9353], ""test_group_counts"": [533, 530, 2338], ""train_class_counts"": [12174, 1430], ""test_class_counts"": [3043, 358], ""train_group_class_counts"": [[1876, 257], [1908, 210], [8390, 963]], ""test_group_class_counts"": [[469, 64], [477, 53], [2097, 241]], ""group_proportions"": [0.15679211996471626, 0.15568950308732726, 0.6875183769479565], ""group_names"": [""survey_only"", ""exam"", ""vitals_labs""], ""group_feature_counts"": {""0"": 10, ""1"": 13, ""2"": 20}, ""max_features"": 20, ""feature_mode"": ""nested""}",,2026-09-10T04:17:53.246295,24,0.30707095342440555,0.7194650817413387,0.001,0.6995001470155836,0.6814932067261279,0.5590994371482176,0.769811320754717,0.679245283018868,"[0.6954957356076759, 0.679245283018868, 0.7349374823151825]","[0.5590994371482176, 0.769811320754717, 0.7155688622754491]","[0.6817565526674356, 0.4372538963251021, 0.48675878568642383]","[0.6933946763062767, 0.7513966480446927]","[[0.5159914712153518, 0.875], [0.7924528301886793, 0.5660377358490566], [0.7105388650453028, 0.7593360995850622]]","[533, 530, 2338]",0.791271110360439,"[0.875, 0.5660377358490566, 0.7593360995850622]","[0.5159914712153518, 0.7924528301886793, 0.7105388650453028]","[0.32276657060518726, 0.3296703296703297, 0.3549951503394762]","[0.7658582089552238, 0.7485858945453107, 0.8133729868988895]",0.33581068353833105,0.32276657060518726,,
"{""run_name"": ""nhanes_pergroup_gdro"", ""seed"": 11, ""run_dir"": ""runs/matrix_nhanes_nested/PerGroupOnly_s11"", ""use_nhanes"": true, ""num_classes"": 2, ""stratified_batching"": true, ""train_frac"": 0.8, ""use_post_pandemic"": true, ""data_split_seed"": 100, ""batch_size"": 128, ""num_workers"": 0, ""epochs"": 100, ""early_stopping_patience"": 25, ""lr"": 0.001, ""weight_decay"": 0.0001, ""optimizer"": ""adam"", ""grad_clip"": 1.0, ""lr_scheduler"": ""cosine"", ""lr_min"": 1e-05, ""latent_dim"": 64, ""head_hidden"": 32, ""common_encoder"": false, ""groups"": [{""name"": ""survey_only"", ""encoder"": ""mlp_tabular_ln"", ""input_dim"": 10, ""hidden_dim"": 64, ""dropout"": 0.1}, {""name"": ""exam"", ""encoder"": ""mlp_tabular_ln"", ""input_dim"": 13, ""hidden_dim"": 64, ""dropout"": 0.1}, {""name"": ""vitals_labs"", ""encoder"": ""mlp_tabular_ln"", ""input_dim"": 20, ""hidden_dim"": 64, ""dropout"": 0.1}], ""anchor_eps"": 0.0001, ""sep_samples_per_class"": 4, ""sep_method"": ""classifier"", ""sep_margin"": 1.0, ""lambda_fit"": 0.001, ""lambda_sep"": 0.001, ""groupdro_enabled"": false, ""groupdro_eta"": 1.0, ""groupdro_gamma"": 0.9, ""groupdro_update_mode"": ""softmax"", ""groupdro_objective"": ""weighted"", ""groupdro_kl_lambda"": 0.0, ""groupdro_uniform_init"": false, ""log_interval"": 20, ""save_every"": 10, ""use_regret"": false}","{""num_groups"": 3, ""num_classes"": 2, ""train_total"": 13604, ""test_total"": 3401, ""train_group_counts"": [2133, 2118, 9353], ""test_group_counts"": [533, 530, 2338], ""train_class_counts"": [12174, 1430], ""test_class_counts"": [3043, 358], ""train_group_class_counts"": [[1876, 257], [1908, 210], [8390, 963]], ""test_group_class_counts"": [[469, 64], [477, 53], [2097, 241]], ""group_proportions"": [0.15679211996471626, 0.15568950308732726, 0.6875183769479565], ""group_names"": [""survey_only"", ""exam"", ""vitals_labs""], ""group_feature_counts"": {""0"": 10, ""1"": 13, ""2"": 20}, ""max_features"": 20, ""feature_mode"": ""nested""}",,2026-09-10T04:17:53.246295,25,0.306054520518429,0.7219167904903417,0.001,0.7015583651867098,0.7028545620359692,0.5928705440900562,0.8150943396226416,0.6037735849056604,"[0.701192697228145, 0.6037735849056604, 0.7431185036121548]","[0.5928705440900562, 0.8150943396226416, 0.7005988023952096]","[0.6230951660316206, 0.4077965102504065, 0.4928401141850652]","[0.6973381531383503, 0.7374301675977654]","[[0.55863539445629, 0.84375], [0.8679245283018868, 0.33962264150943394], [0.6895565092989986, 0.7966804979253111]]","[533, 530, 2338]",0.7855156169393259,"[0.84375, 0.33962264150943394, 0.7966804979253111]","[0.55863539445629, 0.8679245283018868, 0.6895565092989986]","[0.3323076923076923, 0.26865671641791045, 0.35424354243542433]","[0.7685567697228145, 0.7387366006091531, 0.8156880902771594]",0.31840265038700905,0.26865671641791045,,
"{""run_name"": ""nhanes_pergroup_gdro"", ""seed"": 11, ""run_dir"": ""runs/matrix_nhanes_nested/PerGroupOnly_s11"", ""use_nhanes"": true, ""num_classes"": 2, ""stratified_batching"": true, ""train_frac"": 0.8, ""use_post_pandemic"": true, ""data_split_seed"": 100, ""batch_size"": 128, ""num_workers"": 0, ""epochs"": 100, ""early_stopping_patience"": 25, ""lr"": 0.001, ""weight_decay"": 0.0001, ""optimizer"": ""adam"", ""grad_clip"": 1.0, ""lr_scheduler"": ""cosine"", ""lr_min"": 1e-05, ""latent_dim"": 64, ""head_hidden"": 32, ""common_encoder"": false, ""groups"": [{""name"": ""survey_only"", ""encoder"": ""mlp_tabular_ln"", ""input_dim"": 10, ""hidden_dim"": 64, ""dropout"": 0.1}, {""name"": ""exam"", ""encoder"": ""mlp_tabular_ln"", ""input_dim"": 13, ""hidden_dim"": 64, ""dropout"": 0.1}, {""name"": ""vitals_labs"", ""encoder"": ""mlp_tabular_ln"", ""input_dim"": 20, ""hidden_dim"": 64, ""dropout"": 0.1}], ""anchor_eps"": 0.0001, ""sep_samples_per_class"": 4, ""sep_method"": ""classifier"", ""sep_margin"": 1.0, ""lambda_fit"": 0.001, ""lambda_sep"": 0.001, ""groupdro_enabled"": false, ""groupdro_eta"": 1.0, ""groupdro_gamma"": 0.9, ""groupdro_update_mode"": ""softmax"", ""groupdro_objective"": ""weighted"", ""groupdro_kl_lambda"": 0.0, ""groupdro_uniform_init"": false, ""log_interval"": 20, ""save_every"": 10, ""use_regret"": false}","{""num_groups"": 3, ""num_classes"": 2, ""train_total"": 13604, ""test_total"": 3401, ""train_group_counts"": [2133, 2118, 9353], ""test_group_counts"": [533, 530, 2338], ""train_class_counts"": [12174, 1430], ""test_class_counts"": [3043, 358], ""train_group_class_counts"": [[1876, 257], [1908, 210], [8390, 963]], ""test_group_class_counts"": [[469, 64], [477, 53], [2097, 241]], ""group_proportions"": [0.15679211996471626, 0.15568950308732726, 0.6875183769479565], ""group_names"": [""survey_only"", ""exam"", ""vitals_labs""], ""group_feature_counts"": {""0"": 10, ""1"": 13, ""2"": 20}, ""max_features"": 20, ""feature_mode"": ""nested""}",,2026-09-10T04:17:53.246295,26,0.3073169022577124,0.7242942050874321,0.001,0.6795060276389298,0.6532671164147282,0.5853658536585366,0.7027373823781009,0.6969283049040511,"[0.6969283049040511, 0.70020964360587, 0.738801924108141]","[0.5853658536585366, 0.6716981132075471, 0.7027373823781009]","[0.6389649346814619, 0.57170750018345, 0.5020970071502492]","[0.6667762076897799, 0.7877094972067039]","[[0.5501066098081023, 0.84375], [0.6645702306079665, 0.7358490566037735], [0.6933714830710539, 0.7842323651452282]]","[533, 530, 2338]",0.792309302235922,"[0.84375, 0.7358490566037735, 0.7842323651452282]","[0.5501066098081023, 0.6645702306079665, 0.6933714830710539]","[0.32826747720364746, 0.30952380952380953, 0.35228331780055916]","[0.7665578358208956, 0.7332779557770658, 0.8128110301814289]",0.3300248681760054,0.30952380952380953,,
"{""run_name"": ""nhanes_pergroup_gdro"", ""seed"": 11, ""run_dir"": ""runs/matrix_nhanes_nested/PerGroupOnly_s11"", ""use_nhanes"": true, ""num_classes"": 2, ""stratified_batching"": true, ""train_frac"": 0.8, ""use_post_pandemic"": true, ""data_split_seed"": 100, ""batch_size"": 128, ""num_workers"": 0, ""epochs"": 100, ""early_stopping_patience"": 25, ""lr"": 0.001, ""weight_decay"": 0.0001, ""optimizer"": ""adam"", ""grad_clip"": 1.0, ""lr_scheduler"": ""cosine"", ""lr_min"": 1e-05, ""latent_dim"": 64, ""head_hidden"": 32, ""common_encoder"": false, ""groups"": [{""name"": ""survey_only"", ""encoder"": ""mlp_tabular_ln"", ""input_dim"": 10, ""hidden_dim"": 64, ""dropout"": 0.1}, {""name"": ""exam"", ""encoder"": ""mlp_tabular_ln"", ""input_dim"": 13, ""hidden_dim"": 64, ""dropout"": 0.1}, {""name"": ""vitals_labs"", ""encoder"": ""mlp_tabular_ln"", ""input_dim"": 20, ""hidden_dim"": 64, ""dropout"": 0.1}], ""anchor_eps"": 0.0001, ""sep_samples_per_class"": 4, ""sep_method"": ""classifier"", ""sep_margin"": 1.0, ""lambda_fit"": 0.001, ""lambda_sep"": 0.001, ""groupdro_enabled"": false, ""groupdro_eta"": 1.0, ""groupdro_gamma"": 0.9, ""groupdro_update_mode"": ""softmax"", ""groupdro_objective"": ""weighted"", ""groupdro_kl_lambda"": 0.0, ""groupdro_uniform_init"": false, ""log_interval"": 20, ""save_every"": 10, ""use_regret"": false}","{""num_groups"": 3, ""num_classes"": 2, ""train_total"": 13604, ""test_total"": 3401, ""train_group_counts"": [2133, 2118, 9353], ""test_group_counts"": [533, 530, 2338], ""train_class_counts"": [12174, 1430], ""test_class_counts"": [3043, 358], ""train_group_class_counts"": [[1876, 257], [1908, 210], [8390, 963]], ""test_group_class_counts"": [[469, 64], [477, 53], [2097, 241]], ""group_proportions"": [0.15679211996471626, 0.15568950308732726, 0.6875183769479565], ""group_names"": [""survey_only"", ""exam"", ""vitals_labs""], ""group_feature_counts"": {""0"": 10, ""1"": 13, ""2"": 20}, ""max_features"": 20, ""feature_mode"": ""nested""}",,2026-09-10T04:17:53.246295,27,0.3012217051207045,0.7207280832272228,0.001,0.7021464275213173,0.6881086019805359,0.5684803001876173,0.7811320754716982,0.6603773584905661,"[0.6873334221748401, 0.6603773584905661, 0.7454781282092379]","[0.5684803001876173, 0.7811320754716982, 0.7147134302822925]","[0.6270681175273995, 0.47387294361068927, 0.4801187697820587]","[0.6960236608609924, 0.7541899441340782]","[[0.5309168443496801, 0.84375], [0.8113207547169812, 0.5094339622641509], [0.7067238912732475, 0.7842323651452282]]","[533, 530, 2338]",0.7887747683574537,"[0.84375, 0.5094339622641509, 0.7842323651452282]","[0.5309168443496801, 0.8113207547169812, 0.7067238912732475]","[0.3195266272189349, 0.31764705882352945, 0.3617224880382775]","[0.7657082889125798, 0.7337921759424073, 0.8139943052414337]",0.3329653913602473,0.31764705882352945,,
"{""run_name"": ""nhanes_pergroup_gdro"", ""seed"": 11, ""run_dir"": ""runs/matrix_nhanes_nested/PerGroupOnly_s11"", ""use_nhanes"": true, ""num_classes"": 2, ""stratified_batching"": true, ""train_frac"": 0.8, ""use_post_pandemic"": true, ""data_split_seed"": 100, ""batch_size"": 128, ""num_workers"": 0, ""epochs"": 100, ""early_stopping_patience"": 25, ""lr"": 0.001, ""weight_decay"": 0.0001, ""optimizer"": ""adam"", ""grad_clip"": 1.0, ""lr_scheduler"": ""cosine"", ""lr_min"": 1e-05, ""latent_dim"": 64, ""head_hidden"": 32, ""common_encoder"": false, ""groups"": [{""name"": ""survey_only"", ""encoder"": ""mlp_tabular_ln"", ""input_dim"": 10, ""hidden_dim"": 64, ""dropout"": 0.1}, {""name"": ""exam"", ""encoder"": ""mlp_tabular_ln"", ""input_dim"": 13, ""hidden_dim"": 64, ""dropout"": 0.1}, {""name"": ""vitals_labs"", ""encoder"": ""mlp_tabular_ln"", ""input_dim"": 20, ""hidden_dim"": 64, ""dropout"": 0.1}], ""anchor_eps"": 0.0001, ""sep_samples_per_class"": 4, ""sep_method"": ""classifier"", ""sep_margin"": 1.0, ""lambda_fit"": 0.001, ""lambda_sep"": 0.001, ""groupdro_enabled"": false, ""groupdro_eta"": 1.0, ""groupdro_gamma"": 0.9, ""groupdro_update_mode"": ""softmax"", ""groupdro_objective"": ""weighted"", ""groupdro_kl_lambda"": 0.0, ""groupdro_uniform_init"": false, ""log_interval"": 20, ""save_every"": 10, ""use_regret"": false}","{""num_groups"": 3, ""num_classes"": 2, ""train_total"": 13604, ""test_total"": 3401, ""train_group_counts"": [2133, 2118, 9353], ""test_group_counts"": [533, 530, 2338], ""train_class_counts"": [12174, 1430], ""test_class_counts"": [3043, 358], ""train_group_class_counts"": [[1876, 257], [1908, 210], [8390, 963]], ""test_group_class_counts"": [[469, 64], [477, 53], [2097, 241]], ""group_proportions"": [0.15679211996471626, 0.15568950308732726, 0.6875183769479565], ""group_names"": [""survey_only"", ""exam"", ""vitals_labs""], ""group_feature_counts"": {""0"": 10, ""1"": 13, ""2"": 20}, ""max_features"": 20, ""feature_mode"": ""nested""}",,2026-09-10T04:17:53.246295,28,0.29359317224411874,0.7200594353640416,0.001,0.7147897677153778,0.6907037081125168,0.6378986866791745,0.7360992301112061,0.6930470415778252,"[0.6930470415778252, 0.6981132075471698, 0.7353648860157862]","[0.6378986866791745, 0.6981132075471698, 0.7360992301112061]","[0.56143581488071, 0.5145616742251939, 0.46167893017250505]","[0.7124548143279659, 0.7346368715083799]","[[0.6204690831556503, 0.765625], [0.6981132075471698, 0.6981132075471698], [0.7362899380066762, 0.7344398340248963]]","[533, 530, 2338]",0.7906946430767932,"[0.765625, 0.6981132075471698, 0.7344398340248963]","[0.6204690831556503, 0.6981132075471698, 0.7362899380066762]","[0.33676975945017185, 0.3162393162393162, 0.3645726055612771]","[0.755597014925373, 0.7263557612436218, 0.8140932412832399]",0.33919389375025505,0.3162393162393162,,
"{""run_name"": ""nhanes_pergroup_gdro"", ""seed"": 11, ""run_dir"": ""runs/matrix_nhanes_nested/PerGroupOnly_s11"", ""use_nhanes"": true, ""num_classes"": 2, ""stratified_batching"": true, ""train_frac"": 0.8, ""use_post_pandemic"": true, ""data_split_seed"": 100, ""batch_size"": 128, ""num_workers"": 0, ""epochs"": 100, ""early_stopping_patience"": 25, ""lr"": 0.001, ""weight_decay"": 0.0001, ""optimizer"": ""adam"", ""grad_clip"": 1.0, ""lr_scheduler"": ""cosine"", ""lr_min"": 1e-05, ""latent_dim"": 64, ""head_hidden"": 32, ""common_encoder"": false, ""groups"": [{""name"": ""survey_only"", ""encoder"": ""mlp_tabular_ln"", ""input_dim"": 10, ""hidden_dim"": 64, ""dropout"": 0.1}, {""name"": ""exam"", ""encoder"": ""mlp_tabular_ln"", ""input_dim"": 13, ""hidden_dim"": 64, ""dropout"": 0.1}, {""name"": ""vitals_labs"", ""encoder"": ""mlp_tabular_ln"", ""input_dim"": 20, ""hidden_dim"": 64, ""dropout"": 0.1}], ""anchor_eps"": 0.0001, ""sep_samples_per_class"": 4, ""sep_method"": ""classifier"", ""sep_margin"": 1.0, ""lambda_fit"": 0.001, ""lambda_sep"": 0.001, ""groupdro_enabled"": false, ""groupdro_eta"": 1.0, ""groupdro_gamma"": 0.9, ""groupdro_update_mode"": ""softmax"", ""groupdro_objective"": ""weighted"", ""groupdro_kl_lambda"": 0.0, ""groupdro_uniform_init"": false, ""log_interval"": 20, ""save_every"": 10, ""use_regret"": false}","{""num_groups"": 3, ""num_classes"": 2, ""train_total"": 13604, ""test_total"": 3401, ""train_group_counts"": [2133, 2118, 9353], ""test_group_counts"": [533, 530, 2338], ""train_class_counts"": [12174, 1430], ""test_class_counts"": [3043, 358], ""train_group_class_counts"": [[1876, 257], [1908, 210], [8390, 963]], ""test_group_class_counts"": [[469, 64], [477, 53], [2097, 241]], ""group_proportions"": [0.15679211996471626, 0.15568950308732726, 0.6875183769479565], ""group_names"": [""survey_only"", ""exam"", ""vitals_labs""], ""group_feature_counts"": {""0"": 10, ""1"": 13, ""2"": 20}, ""max_features"": 20, ""feature_mode"": ""nested""}",,2026-09-10T04:17:53.246295,29,0.29002111787073326,0.7234026746268081,0.001,0.7206703910614525,0.6907077941435366,0.600375234521576,0.7472198460222412,0.658232276119403,"[0.658232276119403, 0.6792452830188679, 0.7397279654594491]","[0.600375234521576, 0.7245283018867924, 0.7472198460222412]","[0.5969593520075307, 0.5386120498513473, 0.4350779062897653]","[0.7213276372001315, 0.7150837988826816]","[[0.582089552238806, 0.734375], [0.7358490566037735, 0.6226415094339622], [0.7491654744873629, 0.7302904564315352]]","[533, 530, 2338]",0.7884062148313651,"[0.734375, 0.6226415094339622, 0.7302904564315352]","[0.582089552238806, 0.7358490566037735, 0.7491654744873629]","[0.3061889250814332, 0.3113207547169812, 0.37327677624602335]","[0.7502665245202559, 0.7288873066729955, 0.813875581991266]",0.33026215201481257,0.3061889250814332,,
